SwitchingActivity,Capacitance_pF,Voltage_V,Frequency_MHz,GateCount,FanOut,Temperature_C,ProcessFactor,DynamicPower_mW
0.193524658235208,699.029315211371,0.987414401069723,701.251614260295,324480,3.5525782734887,93.7444274023297,1.08933971546909,124.849372357956
0.475850010140859,137.494434221032,0.841451096554189,494.192414139797,87020,2.83716981413677,96.2660205545895,1.07928264735586,29.2340962747043
0.368677031487589,760.222054982553,0.883145465948753,102.921550908753,436325,4.85799409945576,25.3307600485233,0.947099457031214,23.9550308944295
0.303342657256548,697.894507005074,1.03003486960887,922.584643154122,306945,1.87591380393695,48.7806273532267,0.952551955543009,215.432426257459
0.0864491338167939,161.16691895966,1.12578361780008,981.312676232562,79444,3.35142566399576,87.803352209892,1.09628761442649,23.1809675473287
0.0864373149647393,1168.35570831536,0.763331280503865,459.491244451243,481207,3.80084005996089,65.2333904013651,0.947312140390574,29.4951936193901
0.0384609699624177,500.827305695549,0.805246077582642,632.977767038861,259664,4.30225795738153,85.5631550111615,1.09069586489652,10.453774506843
0.434426311429718,88.5741069846612,1.15844363781745,477.783694931559,37376,2.62788412171203,88.9992462128453,1.02995074101935,30.1941993445699
0.304546355754172,611.562726726296,0.947107075445667,355.785668341815,313790,3.74768763062993,58.1969664955992,0.910021887808214,69.4553751004453
0.356955563120062,315.722351299583,0.707377090281001,123.452853214917,127346,2.21280588553713,51.9237203518589,0.967145439892167,7.09288525289216
0.0200864022049432,988.959194200749,0.99821708334743,483.264343877434,402043,2.74190436944728,59.1574949537894,0.995230814382578,10.8068923462242
0.485255827559377,748.288851422759,1.19445729332363,827.465328541479,409094,4.5825085248136,73.95964019682,1.06661857829009,587.311699045494
0.417896893992207,1167.89770705067,1.09407213868224,66.1798880336034,489495,4.79963043732382,52.5369364665114,0.96571708265507,44.6100231207043
0.114046164232355,590.266970653163,1.04744468193084,603.002299021211,251433,3.87526938770906,83.1241216523315,0.962115662424909,51.360422111827
0.0990942339314793,390.074476239823,0.724827992559761,886.733503290354,228023,2.49740756310474,92.7994595263767,1.08405265180573,23.0415373284252
0.0998682098281826,800.825616739281,1.1256838708104,256.67195851364,376985,4.28023115989866,46.1733401619045,0.915806869080235,26.3790838312222
0.159078699050173,105.530128740708,0.915473306121328,224.093071454609,67102,1.10346832690168,97.374223313068,1.010304242943,3.48100904501238
0.267130651499797,640.050770185736,1.13357401324317,783.662794416846,273911,1.41098364215768,71.7043935043983,1.00084785396962,181.80631928005
0.221653059134637,458.11891371712,0.797896697654928,292.332109563329,273578,3.64549494550144,90.8626578414806,0.911466952044502,20.3308371877733
0.152702278697041,71.702978674156,0.63723063158126,232.385054182616,45647,2.16499430108023,32.7937326454079,0.917551844103862,0.951084612282846
0.309807918413966,398.236516728451,0.885585581195848,409.089788040773,209574,4.80554487360191,43.8624352792179,0.976393486595601,47.0877728106878
0.0783519917195005,886.407522610803,0.761902562890727,422.876911656707,426789,2.74424244836922,49.0764309574444,0.926832243868956,18.2847318829421
0.153150877782257,1008.42489491142,1.02913757386578,880.396009865738,428221,2.71745928155671,47.7116613380885,0.995614380889571,156.036405639584
0.189517303213909,124.996258146833,1.17426393171362,637.521298336993,50519,3.71231804076373,37.8895867448899,1.02177777708144,23.2775019294318
0.233474292266348,89.738379064095,1.01458449069094,435.66338352261,46269,4.07027424922476,90.1150710643624,1.0382793369006,12.2014762948682
0.394736221082577,206.111631822509,1.13216035782552,557.668566071478,132085,2.90223495250055,56.3959105967162,1.00929401318415,66.5973653194911
0.107840153257596,984.00830786403,0.871814408160724,956.26697165901,437509,1.8560036068469,97.2347659350091,0.975932003178663,89.5513344593377
0.26197487482267,134.90124744306,1.06298444231718,157.553942779401,65322,4.09323457090249,68.760427509261,0.925951725320927,7.12644205940181
0.300283138742401,701.784345829218,1.10582606200302,247.329745638457,360279,2.28140509949451,35.3795976733647,0.949497082961416,66.2239302388953
0.0327607022327989,93.1429711491007,1.02652537655013,964.402271257228,51481,1.70044307717543,65.9428532375468,0.983884335403171,3.20735981532188
0.307696977431705,624.64021116668,0.904666371641739,959.458606100844,311946,3.52656075970005,99.5158860793182,1.08482289668046,194.068114066806
0.0935568206067728,328.529755685569,0.975519665769221,218.307150201534,178677,1.3618146679614,67.3878765324456,0.940520116238879,6.41812001462715
0.041875280562787,890.770359820115,1.02030419740733,187.853376269033,394668,4.88541070034422,25.1402008847172,0.982668846186531,8.27777996570886
0.474953913254133,240.384381538196,0.751850641932856,450.030877621689,117611,3.52958905764855,94.9809927692814,1.04646177147481,38.3819753934789
0.483159696206534,760.500967513898,1.08574755654899,97.2323778635707,319962,4.94358208368702,42.6170804596142,1.04104067040038,53.4789109946552
0.406114700577066,242.374525996997,1.17019472338036,672.158355670883,118605,2.35557369391454,76.6396789801717,1.09311851889479,119.664014692002
0.159260746894952,620.763058264716,0.879143589107962,123.621220578655,357117,4.88482064476159,63.6310116216582,0.938180259335935,10.5567897619333
0.0578593358631281,1027.34721541145,1.02064030986593,105.128145739567,436966,1.58224899091449,49.4075317630665,0.903303922319992,6.3734767051223
0.345274182990957,132.225696893834,1.04221554347421,510.927589398407,64274,1.16277908938811,46.1979642757291,0.964464652197441,25.0731465341763
0.225674721932405,739.79952484464,0.997348528512888,959.897304304596,433432,1.13193624181841,94.6569896880329,0.929938522496543,175.066557047117
0.0697987350739416,631.09378007213,0.928269064997181,455.456139260002,297194,2.85948148239691,93.3944421939878,1.0096938104767,20.1119379302937
0.252636685954522,119.688975731711,1.12898877274489,388.657100727524,64428,1.33201678991438,63.4851130040334,1.07975581105005,16.734066344043
0.026850375346457,502.506932155518,0.869356025561337,998.058879727172,214343,3.04867153667041,44.3871396651354,1.03764536659451,12.0195478617697
0.455566997018603,158.742716460066,0.636661773891962,555.370512740224,81269,2.3100020140356,32.6756524128998,0.927159771270025,16.4283002399362
0.136802190984008,780.309808541339,1.1067338254273,406.479336545736,350474,2.34251596989646,36.7432287144314,0.923218004879098,53.966259492655
0.334635919333451,605.785209634288,1.00438876338993,416.567772674522,379675,3.54243598618068,64.1688794305453,1.08228996265509,103.55454681598
0.162738427283811,101.990941636296,1.10955517589979,235.211521231835,53792,1.65239202460648,48.0872470434257,0.99752190997848,5.22969063992116
0.264833330377127,629.660631597687,0.683128465466817,536.611904575162,253564,4.06621348135892,28.1551106694968,1.08473459839786,52.1569273576587
0.277888036878207,940.692951041359,0.61845176430583,466.912276759606,407498,3.32812367911454,59.1375538983325,1.0472435431086,57.0745522867669
0.100578683207508,777.094646864868,1.1606247242295,307.255531530043,468146,4.65977851539004,80.9641969348235,1.09866969212708,44.4913804807181
0.485096467604634,457.320912907777,0.688636983510345,202.513082271672,257245,2.45936261507009,91.8771336969991,1.07424554853219,26.9701083745008
0.389815083446946,869.510174210454,1.08579139924227,345.676925234176,475190,4.9308599682685,68.8963034262317,0.982842438452361,165.954128084215
0.470354481366453,576.962433170973,1.09392596530838,533.249161303343,268309,3.30331058685609,79.2469092881834,1.05164556551032,204.000771765693
0.448465401709548,446.210120945864,1.0252231203294,105.416608670562,197701,4.89360782475014,52.3052853148699,0.994245633463989,26.5802996089303
0.302970989617432,954.370661893191,0.678757326655723,196.056827154758,424254,1.10824261618846,62.2178634412705,0.946614458619823,26.4946301158154
0.461718375161327,496.434872159569,1.00043917473648,950.274403620641,246998,3.91190528964955,79.7220142382522,0.948205851751272,246.886799504844
0.0533613260054406,546.460529967428,1.13345194999612,565.712583479772,236479,4.26648609717095,79.5743670529221,0.979464428892363,25.1768071727397
0.106031602585381,475.874224278698,0.85531898688053,110.276838477036,245666,1.21269314670595,56.8394698427128,0.922293245202435,4.07403323448198
0.0321613715661637,687.788117908674,0.848110112627159,708.433370831094,423546,3.31587865606498,65.7750506168742,0.935553256977729,11.8923322437702
0.169411862074,859.094763543976,0.865714985747651,108.712726575083,416139,4.20776917435779,94.2891504663227,1.00012173674402,14.4785242195704
0.200451871947846,496.237898982342,0.649363134405724,751.930515694054,202356,3.24415490089229,72.3998203707425,1.09078449547236,42.5859706231423
0.142961025569209,383.654525776389,1.13521534141798,762.464585634026,167316,1.25525436162187,73.1930969264942,1.01553726840345,58.255866477716
0.416081379484445,512.341506038002,1.12150971838831,668.52502696179,246472,3.77378896359325,83.846521928902,0.981699349837605,210.123744791037
0.184809130079859,615.733918667366,1.19874559307417,745.594317388382,286814,1.24238765869323,33.641717223698,0.94854006397386,117.541553125912
0.147657909746817,291.497303902376,0.951109884899048,133.567491962405,119930,4.26987558006575,64.2163218736546,0.939180260941288,5.84228069438024
0.275921080747542,765.906904464855,1.05071498187083,740.441524737504,397184,1.17213673322678,96.9573802203236,1.03168140587578,196.714375620116
0.0790528702376337,446.411478337963,0.721603143784383,179.853903737689,243755,1.54958952404148,52.1245294132074,1.06966506348433,3.83176062688099
0.403076520569479,415.40616079336,1.0005172909345,372.530611908252,167689,2.10043036209307,47.1194609816568,0.979771185287833,67.330811015559
0.0465298154030877,128.342052479012,0.989839709254434,945.607990825601,54303,3.5334591690432,70.0905974203568,1.01013180927466,6.54004935513746
0.493574598934253,219.098847130218,1.14072524150497,527.731703776183,120183,4.90543639852522,41.5839568423978,1.04134535224981,91.3181359276083
0.388399936955362,932.190939322451,1.09847563370344,969.055110478863,474692,1.47129141047974,66.6958867392737,0.911659115011115,417.981108642447
0.107370683951744,293.4761478798,1.16307987757066,134.476335942401,153245,1.57083067685567,36.673900814323,0.970179409487237,5.44722927218957
0.0127058373905652,140.601897563526,1.12130008362096,503.678769585021,85260,2.47548158680392,68.4845095523429,1.04595057795242,1.38713410813358
0.409576099942869,567.45149420471,1.12121633693931,109.282204263027,230876,4.34487655102128,70.1784387733883,1.03692380530385,39.2668564845873
0.356360098485332,293.715436454042,0.638233996013231,648.699749279321,154237,2.86892381100326,56.3800359259197,0.910669544883218,28.7050885535123
0.367213512340084,44.0481025084374,1.10757717161757,124.771651300091,18544,2.28644240102329,53.7059819079016,0.947563699674681,2.6073426666166
0.387922469876113,274.09635858496,0.964487036701871,216.599412413358,162249,3.24481532883545,43.4093708800337,1.035991442889,25.5922506318945
0.0462818793497043,558.065274606749,0.828266671059577,295.888794565816,272510,2.042092789783,49.8191730875196,0.954283208471181,5.24067392102383
0.185648206986694,421.078150516761,0.633908774632837,761.306659081259,276305,2.60463962899008,62.3759475393523,1.06288205878748,28.6585499898059
0.0667758391673136,405.121121630517,1.00660426486083,205.764012877171,178923,2.33042059692817,43.5744175771826,0.905900971839832,5.2406299854093
0.432920678679041,466.549219642409,0.79692105032257,854.300450628414,224204,4.21656408965858,83.7125847528897,0.938069405858689,127.997271927158
0.315416082145503,1026.2218973617,0.880665758991621,175.308741889261,482794,4.697022905752,78.1776430994329,0.956262596010112,52.083445612447
0.172140032177798,293.736107904948,1.00903706223308,83.4822266166485,189297,4.03828876862765,45.1979400359497,1.08505796696202,5.23757003388262
0.0411435916401516,222.18688236924,1.14706472821449,425.293148021184,129855,2.75633430411993,32.3076372326161,1.05926379127413,5.94603379711032
0.162381337640674,192.83978855459,1.095262149363,980.46955987273,122490,3.01733990998666,25.0135029237972,1.07682901730586,42.0454329571108
0.169339827793106,410.419877988974,0.87035827746216,154.825116399338,229424,1.50029477571774,69.7539139286117,0.988095829435458,8.56512552234071
0.367507027385651,808.428950358225,0.832669894467827,146.632521837648,380001,3.98745884453815,40.8522809840237,1.06451241825528,36.7604764007728
0.322403160964054,214.445310940332,0.743867843306428,763.608185255843,103788,3.38590271758018,25.9436852576154,1.07069871436935,32.1804745191319
0.4447342438624,749.684345533635,0.823456050705581,346.553609293887,354939,4.60975998454975,51.9313952944017,0.979991364775,97.4897105991986
0.241385313329355,23.6749999382288,0.666627832375139,731.417536364431,11553,1.80244457430061,97.1498846738075,1.09889236954885,2.29761486706693
0.0686011805097678,372.419379445327,1.18266330501885,240.010059971195,210047,4.03890448773045,76.7457105722363,1.07024772584317,11.1526904341595
0.359489945739268,677.14279664672,0.944350466375747,487.068394488255,388157,3.73868664687676,89.3322777191844,1.09481939374896,146.914340468649
0.38278467382228,278.345983872358,0.676683505677128,302.025383861472,170028,2.06338213523901,35.8554323695548,1.07329942172903,16.6672188584287
0.285025826809053,663.15445333963,0.811683605559543,478.951804135133,282305,3.6695145581633,30.4966115964577,1.05524072805112,69.4844426875711
0.387773918177735,218.598454067574,0.928223486172393,780.642237956039,103284,4.6974935223066,25.8647322632292,1.08876877469291,70.3935623859763
0.251959842218551,626.127332458207,0.919731381984522,773.909443453779,371256,4.67374395066848,96.6746717514615,0.983963848916918,134.989645353862
0.266139086397177,45.4305704712179,0.621302021231179,539.983673290037,27087,3.87850629806457,47.5152051515161,1.05666668669937,3.19949815670846
0.219495098995689,1011.90746816717,1.17050462053747,931.953251534998,426419,1.19229245013624,59.4628706755644,0.942578241183222,272.915931677035
0.0224553721046066,224.048813289956,0.765225408884967,300.59489732586,99900,4.48905734928065,54.5892717701331,1.04655877094422,1.07713381920594
0.0628667992267192,944.359202619616,0.609710801359135,278.295783563271,437325,3.63111442801816,79.7842701544645,1.05707065661048,7.94827211772763
0.0254003009864998,337.347142992993,0.645866405370169,633.116081116662,176912,2.24173701273094,48.2473661464557,1.04330488197672,2.57509912747548
0.321841101519252,637.163841578833,0.948116941948786,640.23218250595,361619,1.7490014468228,65.1589661960539,1.06996261307143,139.226038078561
0.1640344307274,397.438601171644,0.682671312405058,94.2130375867253,160293,1.46481545198927,99.6686698716601,0.982667089369921,3.24590671180756
0.259199638670704,1040.76438946408,0.625034875712102,627.388826767553,453050,1.20094759703104,58.3047663508177,1.0089536264151,73.076205073223
0.454707572223786,115.659811891564,0.827775879847627,405.714349481564,64192,4.01641299180303,66.3453655524817,0.902133482139054,16.0351522146049
0.132153192282949,211.470984413563,0.973656715404113,760.070399054531,90081,1.9433719957731,62.6896046733128,0.929210632601205,20.9960407804544
0.211087632287459,558.005887810696,0.667103882904967,817.700381318009,247022,1.09701174417302,85.2389618602024,1.02883878512556,47.2007506148435
0.380220057886094,75.2743129927397,0.787996699290789,574.546128569685,41887,2.58908260736796,45.0129740525181,1.01246343992901,10.8105213035037
0.122111101090895,190.331862681949,0.850656402974725,51.6197799271518,98794,2.93042832236936,37.7828512107098,0.939466502708281,0.899865397885486
0.0477201558161086,795.668869017841,0.69567605867206,654.54751965831,471940,1.67692092360051,81.5569868698647,0.948692958832056,13.5915999008418
0.151978211927746,786.626965964055,0.903644339080026,761.437215682638,488269,1.1761933446502,56.1713639776491,0.968816440384692,79.5954243632697
0.0889984307544622,419.553001984591,0.651128452141063,286.534102919939,188753,1.75650193239228,93.5294506732515,1.0432829425887,5.33054294809042
0.465551849647861,816.095574777427,0.627911097807041,491.413701083749,461720,3.7164110473463,73.3119464345048,1.02194332053266,87.9637376865461
0.405978985986564,633.069959012449,0.911901220293081,967.440292241199,272868,1.32897470900483,67.3257333783807,0.913914252835058,197.168279052871
0.320367840690107,338.407036890068,0.748738183650525,333.209775724398,135601,3.22014812222798,30.2842791119408,1.05198782980247,21.9954964376909
0.437015689191982,554.17713473683,0.657224284738816,261.995588489654,351497,1.58564795163267,79.7808928853349,0.952531912604406,29.9532210718178
0.403799317680566,650.691199971604,0.854347552492579,250.31205095411,329792,1.78275669432168,76.4530274134719,1.03435193568088,52.236235158086
0.101419328854158,1138.54028820858,1.14908444371044,580.860792636297,494574,2.57231153306679,73.0053943365366,0.92467256893231,95.703380236277
0.447353909260089,305.021018571292,1.03451546799249,952.297746242606,133258,1.40330134421493,45.0932142678018,1.09958425534383,157.489302780046
0.274277698538669,760.168124181888,1.08936954920822,628.255622740337,336358,1.69281401112885,96.0054491255833,0.916067034137543,167.977764989984
0.405645676030391,49.8470544608042,1.12314839325518,338.156964225777,26959,2.39580964580542,49.1241345274615,1.0483468056802,9.31163101475764
0.449084736962512,112.754917532329,1.18357664483785,656.641289164081,57709,2.31867602199347,36.4173217565451,1.00826607185062,50.4809717716276
0.165821702736213,6.19063149594404,1.0579479441085,643.600182717898,2955,3.99708594270293,99.040086620126,0.917187838256828,0.829035603269834
0.0639254430185616,1236.30480176965,0.965044753163688,617.078878943172,499731,1.2991292205057,80.9684709342826,0.905362091510151,43.9037752060285
0.121688229645551,733.4586839821,0.819255528181348,201.454896543887,401335,4.44180294266537,56.1090161744636,0.972533143503336,14.148098104426
0.219282816426866,953.688855608162,0.70898594193463,652.838459377744,393575,4.26492868295782,95.193732316653,1.06044478640143,94.8034880076014
0.410827235302022,451.810597128144,1.01199592438998,458.656229888775,255353,4.06396655876775,31.8338030774648,0.908230248056278,81.3032386309371
0.431757985795608,375.185661404248,1.19696999167317,67.6624556918817,150733,2.23748944985253,31.5745912319918,1.04087973266561,17.5327826028254
0.0134065439602834,165.983937032261,0.880415210771351,562.77626279012,76481,4.29152714216315,76.1838263971439,1.03107525525285,1.25458236439333
0.260266178263007,280.884244288251,1.03420762085568,989.803407957497,143052,1.73120832115712,38.3479036284133,0.953107535354554,75.9556433122956
0.214531391542902,398.606568637077,0.897055469995894,382.252611301784,188610,1.49763682342011,93.7854636394963,0.915498407146978,26.4724888615204
0.118832827130658,670.724021833645,0.859160054018086,967.281257402725,378399,1.17982533395795,88.0269380724153,1.08306439211081,66.3172795875626
0.0687340299935046,479.543226120632,0.846183368135949,141.395454579465,270291,4.7572414520223,47.977541807589,0.960069960547345,3.61829255600445
0.175431433987778,64.0000274270083,0.902774809759018,745.827610073941,39664,2.23204359082109,91.6629686702028,0.922276646357352,6.78853747720115
0.472025754917134,16.1340467758632,0.820137397119225,158.613494929694,9996,4.67047152071162,28.2165765255496,1.03630341567218,0.957926869220414
0.16836943669017,96.1953338760959,1.04926399309308,309.89299487751,52063,2.09045424607732,66.147838955312,0.943336245758326,5.74216019324187
0.264207404654249,465.783908714711,1.12456321595491,592.298793556018,205839,4.6302638373454,95.1672080281625,0.995126151112526,115.790286138643
0.354479289858637,983.714256956029,1.12973118398711,613.140709277911,466664,4.61571621138435,89.1537234201774,0.910081108847207,299.47843337465
0.188178505165854,511.327040157457,0.736619228055496,786.450751372463,319064,4.69470418004285,51.7054992850746,1.09859678978162,53.6183647551237
0.486173220533271,943.507944769613,1.13754548323889,634.545836866067,401111,2.98461375713678,38.7152826425976,0.989524225355099,384.752236880089
0.481599174521634,491.133743147745,0.804930739113063,613.933969161533,233721,4.46378514719557,40.7905441302808,1.09982199626191,117.761072088289
0.133373324954428,446.573922374711,0.785584599291179,916.735432639681,181471,4.80306358466928,63.5880908558804,0.977134975386813,39.1592567396429
0.253651767887269,119.557687585151,1.03605363443894,479.552714598699,55091,2.29846776758872,69.7579707877356,0.969570511188444,16.3022748614051
0.157430371810217,733.879031215028,0.782817804051774,264.002489760302,438091,2.67549762273022,27.4610737467727,1.08291446565341,22.4061269754715
0.149571842244959,773.322400002118,0.631779843365826,203.699155772449,391797,3.87696074934298,56.0163669426166,0.965893170768898,10.4342757145751
0.0280746042037211,182.38810955338,0.824170663386185,429.994866969025,84891,2.2014392868932,87.2790336732928,0.986401109463254,1.77641219461024
0.308686523650149,392.180231054043,1.03287936021501,727.115117434011,256618,4.01523723565064,58.3246712676848,0.915622087342832,101.065080396065
0.256312721382142,369.941086506604,0.796175052162106,90.4163106834059,244200,1.29556858085414,37.6881543212058,1.0910924776071,6.08925878171136
0.0352245881124948,509.874416350304,0.977735433597088,172.600717183936,312921,3.09399353715417,96.6145219764323,0.91703024817018,3.33454644623879
0.14653676747594,828.796524112894,0.996071666557878,150.807787098457,473148,1.48925393633498,44.970665494485,1.05423698670706,18.8313940970318
0.45505028412366,560.159687852793,1.04024160703581,605.987645398886,290306,2.17329390574671,84.8821199225546,1.00772307876224,183.140319176386
0.127385326426816,537.737794104238,1.13827827978656,280.721418004703,270568,2.03450156994589,39.5345624754201,0.912281028809507,23.7510002688827
0.0809984873246993,42.7705388969774,0.859538699561059,207.946456886327,26111,4.35572829425066,56.7379546916192,0.900340765608211,0.558277428925906
0.249831852536006,70.3961532475618,0.699859245997474,613.132183755871,32390,1.77406902162479,61.7816904831109,1.08711072770543,6.16519012554469
0.492968722514194,198.055700897459,0.791355429259134,773.24441967976,94486,4.23379168063648,62.5476471961183,1.04843468084711,60.5072186326541
0.128607083040635,30.8683714282656,0.859300353104391,365.547170630031,17202,4.17584138363169,63.7355401075529,1.03728724870788,1.26423198057675
0.339346418228881,562.980061425739,1.02833488159687,599.294375392766,371933,2.99553222222892,41.8710655517321,0.987711306119844,128.564909655033
0.383193611511072,571.017041778801,0.60787327533698,143.218192539487,361942,1.93537302238452,63.6936641470626,0.947722757342196,12.287294520385
0.126442396556276,130.322636474493,0.789471230063927,938.431478934692,68892,1.90758535982489,61.1284565408316,1.03597261494611,10.4936812892505
0.366826010819811,691.698689554894,1.06790554861159,370.051376049034,418204,2.85969858846339,40.6539622844697,1.02166021372342,121.744471701667
0.190213735032434,146.838612345805,1.00251462199842,997.630408514826,78238,1.03523602957407,99.1143669627783,1.04526843896967,31.0704570520635
0.319829856990854,321.964233505954,1.03904398415136,979.658368057293,151286,3.12540301844546,89.9172544589913,0.973158503700052,123.385892141894
0.320429558272838,256.393968230174,1.08708646166352,789.882276869021,125239,4.81111810306822,91.5682263266862,1.09738475210264,105.864887027797
0.272529595196632,323.350762628286,1.06994143132678,69.0637406366184,186781,1.61882752745039,76.4178287787171,0.913401731085707,7.045185646878
0.0542419873266601,236.151253212947,1.00930989969167,566.301174365145,128077,3.29338248590241,36.9922773018817,0.915940323407243,7.31630096503426
0.419298222838727,517.91016121434,0.863796919422354,132.494599418011,244987,4.84711475457783,67.6069047924812,1.08337516951612,27.6988650715486
0.167182231836151,482.313238809164,1.19015899732689,900.38112466344,204296,4.4420885579664,86.607972372054,1.02954128698381,126.01056484154
0.101394070095929,1111.50793611645,0.941443917354044,800.154440015033,493299,4.40152046552536,27.9052366516497,0.965266813636421,85.5518347550928
0.0299798193618343,59.3576345756735,0.721661525621303,973.723357765899,28907,4.28739972158476,62.1882327465715,1.05239055154013,1.23937459193856
0.299537542162238,133.988256642875,0.775687713062871,627.963805492306,71948,2.23609442422474,54.7092159996189,0.990554677570608,16.3664073103847
0.342006537302718,51.0278029535438,1.01613747358228,546.064164260121,27360,4.56246732506725,40.9093547244478,0.904224301761546,10.6167023862202
0.0181280361746495,745.459546219284,1.15484373911968,543.025163147168,313295,4.76536140493268,53.3687502823988,1.03022073388399,11.8009458193679
0.260925598566648,43.4066688443434,0.707232077523538,417.125955731628,28200,2.98316969319616,98.762313315209,0.948622387418305,2.5487534213511
0.12098292984699,1040.93213070313,0.649407897447472,495.255563867684,418384,2.41828418903784,79.2432494771333,0.923067023322014,27.9654898927166
0.32613466730063,555.069224740759,1.1289186288252,653.641953978583,256457,2.65691606242342,47.4652810011206,0.945054636499881,160.02921556161
0.0954395502124458,575.770186388033,1.1491667873477,936.300227178463,263977,2.33682576732506,70.4016288610622,0.99523157622585,79.6268978403409
0.348559491670208,432.540359772236,0.76582760718954,616.090121343229,281236,1.84967376809816,43.499218021426,0.909971286256648,53.0515401126911
0.199500319687263,181.572422549524,0.826371434622744,864.260145201499,86236,3.47379388101156,70.8132931768205,1.07663047735591,26.7577680095508
0.468997694481,197.777179353833,0.996112798498715,869.640915737376,99647,3.25038754498129,92.2125017113699,1.01198360331387,93.1285065993326
0.0773852626315367,257.069145204671,0.797958012505485,542.891042055846,160090,2.8503402841571,66.7657599956914,0.958599236023083,7.59946162205346
0.177122512014627,528.318415110169,1.12629522496203,380.096159422741,297155,1.38338154673933,80.0004981589512,1.03740096961774,50.4737965983797
0.0656020254078886,253.010004561303,0.664547221628318,657.595179665477,105848,4.187571858824,59.0004249037223,1.06084729939599,6.16389292748869
0.463099872956496,121.049765968469,0.622789332576117,473.583474819101,59049,1.69973425100316,64.3092938247997,1.0227849255967,11.6013410073892
0.439896283156681,928.177333034536,0.725091724045674,127.368823955836,485089,1.45824817358419,77.1306309066159,0.940498936382105,29.065628017229
0.136391397580426,18.8218600411028,0.771652666922981,408.918645410812,11968,3.49228558193179,85.9303753788548,0.922057684029289,0.696328897220208
0.333392182556748,889.071642842286,0.667755954773325,994.368531146859,401546,2.59457744495089,74.4588539894087,1.07197993940668,165.144039755118
0.410438878098596,868.429880107418,0.639414257604388,96.0862765249728,394230,1.23923390140932,98.311899541757,0.946937482710348,14.5096321265223
0.282048397683737,315.647850957073,1.05336462810108,711.83356630588,149310,2.42227341984423,86.4866940848712,0.9040164861355,73.4144830515876
0.269528783394443,138.058807754496,0.698565939541354,849.129269817685,68677,4.08712140913985,83.2870153455906,1.02858042163085,18.7309464411302
0.128507622541221,142.458029341813,1.14835331943978,666.28960830161,73668,3.46099682086839,88.3826184235769,0.930577065972863,18.2045578906916
0.0556203562248906,730.591383603576,0.820799796868858,591.260819605125,349019,2.45114409194799,46.0908201568262,1.09819396395292,19.4686098815767
0.44963572139713,557.739053943584,1.00236348583281,722.17669612982,321761,1.76721916653835,57.4035365461285,1.07394616634788,215.14747518433
0.451204848010032,955.972636941325,0.73524126886128,457.875600434673,391590,3.52718248321909,67.3347188795943,1.02168914520024,130.427758241739
0.320219714063901,979.235230457808,0.74419366109512,136.793650443433,468804,4.55022120378542,59.6789738832014,1.06677312852171,30.5745578990572
0.176124597613863,627.165230091479,0.944825521720545,964.253166588213,346272,3.58509087206366,88.559336366806,0.994107140153739,109.940484981487
0.181112691560204,153.576281854224,0.936385755087592,460.685731484986,78770,4.2516154186009,27.0301388259424,1.05769724889249,13.8415238104813
0.365718282646417,282.395661572064,1.06123753680725,682.119775309617,122478,3.08611135421748,40.6881562924616,1.02930671047943,84.3644632146287
0.449584027376763,699.964073662941,1.05468798341656,554.74491504483,421255,3.87188442696412,91.1279905751391,0.905728929593931,220.612498809024
0.444672347889908,189.041966539077,1.0024126587982,101.939418378677,105443,4.58490709511341,29.4325103257725,1.08975153351057,10.7870901233187
0.392139017470236,81.051544349527,0.869478339536095,955.109270942912,37188,4.09271591303462,42.0241227706599,1.07218391563934,29.2162788099581
0.324595506615601,638.937824861734,1.13438423176837,802.910364808607,351937,4.63941581359258,51.3437747782365,1.09068147811864,277.041437727636
0.0512285828475739,462.766682002237,0.973547094132779,191.642999745925,201861,2.72455840846424,81.3055420608768,1.04627318691216,5.28212934619855
0.0891980699063607,750.171649450304,1.19411909427741,982.566432473853,460100,4.61688102050823,67.0135522125136,0.982412184332324,109.957793952118
0.450291552378269,736.452306701055,1.09162189076061,750.056303563123,325477,3.48626893792683,96.5953527085248,0.941397044657256,345.878362959514
0.307150239233199,72.3308127371933,0.626585886742996,498.705567906893,46119,4.48019506432678,42.090626130473,0.935999269513174,4.6169981943381
0.0145065552921485,716.940159144752,0.792356344248191,630.801553731595,473981,1.15750612175134,90.4090303741547,0.928983249677554,4.27301867548042
0.0597210560043557,311.817021918558,0.943125429882571,151.399847913868,130020,3.63140952765414,46.2185117311937,0.944121928528304,2.66876475578101
0.335115866862947,352.306207910913,1.03288172272289,582.39093451483,169269,4.3919003155116,43.412369434492,1.01012720266948,88.7788871796122
0.0124801760846472,373.565336295528,0.930201898657165,119.978018416206,201728,1.6968081345728,62.3781398574513,1.03674901265757,0.535828320817883
0.0887959451945743,46.0177135577599,1.07167825347731,567.612494263337,26560,3.64714773385969,30.340337894237,0.962811312203254,2.80758338876286
0.278879556789627,526.598624329744,0.769593391654407,575.060904324646,248761,4.29981885686653,53.8230259744962,1.00974939390157,61.502813953328
0.34902864686942,125.634960549653,0.710347230739695,880.716845902707,62536,2.15179747853055,51.6756976082308,0.96825053189077,21.8103827074827
0.329461017156274,501.020447094672,0.632350010273862,738.804625258679,201084,2.62098531162557,37.007616677633,1.0393019947348,55.5300656733167
0.119891961635674,437.055946515006,0.943988246742913,287.074772604364,176004,3.27807087399688,89.5596133956183,1.09769724406405,18.14285959826
0.358967818460293,825.500843424955,1.0131597124053,894.004835078464,386647,3.07667075553825,53.9417232782037,1.03780339367658,306.990888305012
0.126252052873432,780.610397684237,0.795689830271617,594.580531605606,401782,1.15675757214854,98.6440134635262,0.911806115367531,36.7958723686481
0.169445852098041,154.4189555793,0.968150510913526,626.060504645332,77553,1.39468839234165,92.4780961778331,0.995446991566798,16.6898978174002
0.375780788507832,401.377542592555,0.631294338511998,210.532300761069,183909,1.40186631721745,39.6108024677444,1.05407749852691,13.574385486121
0.328320120533135,299.97971685892,0.659576007778082,864.884916170658,187303,2.0490716219967,62.8841629253454,1.00844832125072,40.4317256447466
0.426119471142147,139.965836306432,1.0210528633551,934.416859265717,76553,1.9834564512098,70.1353103774915,1.09021260594458,71.0258863717112
0.332230317227168,629.209415951829,0.820841823130379,786.241117020163,399429,3.9688895351472,86.4220377207716,0.910954335840842,119.427511162694
0.288471215634381,556.823386318354,1.0028004186618,943.714830012756,353907,3.29097754406458,91.4232062238546,0.958231108659136,174.586498740473
0.0559006362357653,162.800567221846,1.09903267216795,337.184908916229,96000,4.05590433858096,71.8013515866617,0.944143621527958,4.22767028283389
0.190180743499122,365.274687325626,1.11157346248567,868.063209944633,183994,1.27958422964348,27.6350652356662,1.05352444035272,78.1720408370406
0.139949160164045,122.911719381273,0.703300587278671,514.448485720555,53796,2.9408569498864,61.0957337138597,1.0047586136968,4.96472326884737
0.129554925255751,624.388820374388,0.891771343410808,205.721342796406,314475,2.29510231706108,91.3602652139749,0.927668842270601,13.7368928499733
0.486775171828698,112.999282052569,1.04035603417949,685.360569081731,61564,4.39975724302299,78.5567201908195,0.957118652692286,50.3095296940557
0.202617885086713,780.071541882196,1.06438835776015,699.914257170585,492982,3.83115662763961,90.2606456057093,1.00453186459928,151.286509650012
0.447102812036786,800.765469829926,1.07080558843733,322.578288068856,390561,4.47703388330719,75.555984229203,1.09922579625073,187.359748879685
0.319257926738659,346.688629163766,0.736900400628351,76.1186650461916,195729,1.18570848962424,28.3026257361229,0.972858471483074,4.51999421927453
0.399457538735408,612.702776145131,0.715520890634264,239.854896131285,289703,3.8832939582664,97.6004992154958,0.931365219467939,33.9972525594892
0.256292175621544,1129.00308398699,0.954007480964218,429.788670290192,455760,3.16003340863831,93.8513905427259,0.999413305158332,131.687193456576
0.292682903466916,447.133278952734,1.04465147864293,209.184765506875,277496,4.30000011606226,34.4934654934467,0.962037275446613,33.4064072477991
0.251333669971243,150.793732367036,0.791483709320516,234.328450827624,88074,3.02864236370328,33.4518375132812,1.01319336476571,6.33565019646395
0.105669064021042,374.834688686353,0.662823094117453,421.821131163156,189973,3.16083631160764,65.4308875357765,0.993342060557045,7.94553256282103
0.364001536478138,1041.08850434584,1.03004782974605,963.697283593132,421730,1.20706952376826,81.7788125917662,1.0378979843425,424.986684083524
0.147578457596019,732.572324075575,0.779818698828003,776.031339637266,322462,3.67409146014387,53.662990895369,1.0828581417735,63.0021187310053
0.0219148235514124,781.132026963452,0.699817634587033,353.760981165236,325712,2.0925595024202,35.2286622657432,0.94010287015375,2.90955579760468
0.326281424994512,794.996070267589,0.688634117038279,954.023865472621,433544,1.07877568871528,63.2917074086016,1.06423601407368,135.47981491823
0.096784232909454,1114.17295735709,0.78894572851603,663.364452645796,447093,1.26574865002412,50.3174602164229,1.08985314310971,50.7020950049683
0.470824706332928,737.266230234743,0.955606839548247,482.677162408133,459977,4.8291424358641,51.3828966663494,0.974721936303592,168.814202643647
0.477425002731268,75.053627576302,0.81504134321629,494.88518900739,48329,2.38430915831939,73.3739152630287,0.92273254011934,12.9944316796953
0.45828355120802,641.946472322137,0.612397110956059,440.207244443622,272519,4.47230251448464,91.4206074422128,1.06438223415658,64.2595007157642
0.191377763125168,899.335616119871,0.658145060806687,271.342449918643,370514,4.83870893627702,66.8943798141733,1.04021916188765,26.5645440764962
0.017573742099145,602.365809000212,0.774301948319171,417.30058260302,378707,4.77306875534929,76.5701883122227,0.94254244096681,3.13097248618901
0.464876095667985,490.080194301476,0.995822689288255,551.501564841223,303751,4.52690096279768,74.4960243640931,0.98904471863651,142.641947675158
0.219810232675484,129.134659785296,0.65910904408112,551.62598319371,84227,4.5793756498452,66.3359644417697,1.01559844129798,8.15754224317951
0.483660861331398,640.058925336497,0.936394112100409,773.650057101892,398913,2.15603217736381,48.3068609187348,0.933970817330285,220.607614238636
0.482173788773734,615.965499106546,0.671931522494403,390.857964299485,360336,1.60587956104143,53.3345638682679,1.04298256532591,60.2779419253525
0.427974633179006,108.636439776281,0.726969196409629,730.958127838755,43981,3.55705024835169,48.6777848867812,1.03797654827887,20.1934836922848
0.154279957114097,503.899597917614,0.703313116533458,599.18724683025,232441,2.9524223674753,93.8123572361541,1.07742532250233,29.7634708299821
0.198697887014943,200.088855382885,0.640337181342486,963.753134300493,87814,1.39498687478068,86.9964002882832,1.01345459288564,17.8379032007655
0.42705696904326,385.580291124748,1.00279789043195,416.020679732284,169401,3.71016526408964,68.4510529638416,1.01486260613913,84.1727895175701
0.165291782526576,20.3955091202873,0.878042128431621,906.155641047751,10022,3.25144002993909,93.4182603230651,1.02387747119386,2.81020674433255
0.0930514458761853,461.255374610554,1.0986320645384,829.610419933375,200765,4.45226960324176,91.4806519860984,0.954756652276381,52.100163233299
0.282832618604592,577.162340537341,0.65933450398939,655.781070359984,275389,3.43673518275359,94.5770799813876,1.0517211702556,60.382768236685
0.468715839338783,562.821392185829,0.686839760002843,671.788743405011,310172,3.29578471888701,41.633039324165,1.03249985225253,92.5947372497772
0.351054600370737,684.457567140028,0.78387463881027,130.41743787609,332082,2.76300689333051,78.8127278322921,1.06782912509218,25.0338359681749
0.289329973343789,850.636976665928,1.05951959216328,952.713375313761,418310,2.85114827955548,70.6918374942626,1.05371720099452,295.891773400558
0.0576164819476766,252.131831581746,0.783455293893419,151.589260320957,108516,4.81752490791646,80.0372978375955,1.02771444610081,1.81262901768599
0.311353541082593,151.683167526367,0.845051224499216,585.071643306332,61120,1.55378403760096,44.7534522938715,0.93217843018192,18.9091603369793
0.495126386551089,813.945516336387,0.780962139778299,363.567260426697,425917,2.78487527432875,77.1106803578723,1.08382946464177,115.391230116736
0.0786411674658968,179.145108807955,0.648134575080618,458.359379375359,79149,3.62330893570737,55.737138644079,0.97344243627663,3.140312419842
0.263981529658231,779.734086746211,1.16366017373771,629.673860294976,487406,2.7320425823616,87.5568847229725,1.09285971370335,215.420377500592
0.439912805244698,959.518213532484,0.929123395242713,913.408808988206,421427,2.13286250816303,84.652429387133,0.980374160400109,362.466030558379
0.37297662269956,469.607745644846,1.0726999129113,484.688767393686,250937,2.14942948305142,40.8518208144188,0.929187658536634,97.2444547205397
0.351537713087681,755.424934634856,0.995014255311178,988.343077541119,490730,1.93462418503086,38.7891457302477,1.07696794949993,298.639102615745
0.354217201153684,92.4002412410769,0.908552567437185,613.171462083925,49591,2.37561280233236,78.8298790963649,1.05901174802574,19.8030865418928
0.18615066409768,321.303145972802,0.653806953995628,202.526245510066,152230,4.48669910233427,66.285617104612,1.05725921122263,6.99345001033374
0.153860003689602,517.308328069869,0.985640127162183,230.50883008969,319474,3.02089820129198,66.7904433011537,0.917882150146224,19.3425174984327
0.406586966184472,425.788930698852,0.693222213562099,730.305483809788,175653,1.96095491231127,81.4386492594516,1.07585596661039,71.1878701374846
0.406955563392799,732.447039241221,0.848629901613766,97.8779045312127,464258,2.53810686810613,89.1228094766342,1.01928012743257,25.3012467339701
0.434865436104251,82.0054367742099,0.977467886088258,506.324497411115,33747,1.42332164831427,42.9222925456538,0.994071147254591,17.807152277596
0.457487870752671,607.30933802263,1.06933740028327,190.808154313341,275157,4.61614295895495,66.6654660092913,1.08263432428263,81.3720556890235
0.26055777544186,541.305709398889,1.01102710542517,461.557703418953,295842,2.63279132836573,87.1716032119058,1.03320827049639,79.3870120589281
0.255742984396728,617.728936850386,1.00292011743278,762.421550968133,326711,4.9215648183723,90.4595628396252,0.926606164770597,138.574208921189
0.40116463769372,288.116545689242,0.689425325505124,485.872281829362,128577,2.39015509305008,46.5557041253887,1.00390743521134,27.4044824927737
0.328482326081105,384.39899230209,0.807677124042953,205.278553531881,182919,4.34542418890848,32.8115392448134,1.02732331776951,21.1044796526842
0.353963769856275,916.426797925222,0.625747363596116,289.32910183881,421997,2.02554125316581,42.4617440408335,1.07971013954633,41.5191262079335
0.39993840802369,185.659541852479,1.03168613590588,399.162609219573,98276,1.30461157351041,95.9124635510895,0.95597882033498,32.5328670093567
0.446102617490607,822.173570769996,1.17155158879045,116.083124312094,413607,1.1269334466952,59.6859784326411,1.05884677712948,65.3933421469027
0.175617626857253,701.557511639937,0.758466234107445,605.120754277066,281765,3.42467370657913,56.3930342917019,1.05996258076695,51.5632439067364
0.194035646793573,653.573636053398,0.652618025497386,627.157101714148,381332,2.24629468669436,25.9813261550658,0.925609896964736,32.1903778686434
0.0560511505220258,684.847265645188,0.885342046052192,109.044330775939,357090,2.77407952190331,28.8261012191013,0.903446636551175,3.21457907308586
0.293357269088125,187.331530614483,1.11401893387654,432.195755115454,104548,4.27458814240318,75.1521947106043,1.01628193917969,35.5269705096756
0.0276117141604036,645.189832410666,0.931184517163068,443.300648740489,284838,1.99243234277921,69.2370301543747,1.0578957772582,8.03651891851089
0.238143028884905,982.567895463169,0.628066290114068,367.128590124971,433994,2.23460990693965,68.1646223871553,1.01088616486546,38.1616907736993
0.275895871006713,388.290290434022,1.18456334431677,579.852753314556,216626,4.38134474023467,33.2742157018354,1.06266949703998,106.805785514526
0.150405213542859,764.331800347903,1.09718994597756,378.659615557106,483329,2.97104909337402,51.4045877174015,1.0244606280935,59.3286967329875
0.299508297678815,342.573773331138,0.678956446230906,445.588815503916,226655,4.31066066820995,85.9268603980111,1.03065847233446,26.9679963336694
0.0249451224701342,139.25830102677,1.15307865390211,807.647370069525,72250,2.49790401386527,38.1183417937478,0.905630885152505,3.57291603296568
0.0283006124871151,373.142421626418,0.870412973163113,204.003887658691,195328,2.59347992330843,91.2015438236827,0.917719640583885,1.73252935371658
0.413074274723233,1184.22474324471,0.823138794344965,638.15896053825,475900,1.66855344711303,34.1108725261677,1.04500592354318,223.796699491303
0.186493414291519,316.233995034581,0.876631998316313,530.314681606303,160541,4.66538341437987,37.6861997592991,1.05256865647526,29.2207948139778
0.0722596511994235,762.603484120626,1.10074317412257,339.818055605382,434181,4.58713477605044,60.8312470865296,1.00843559561287,27.3838735978475
0.265899197426854,1053.92002875797,0.995687806972071,741.15792366589,440744,4.93686805825909,95.8974928336403,1.01803302549021,269.419012283625
0.387296841018319,349.916254675969,0.635549071439837,573.628941564091,175743,2.60978850867885,49.7160758609068,1.02287316796902,36.0017049433725
0.115752303473453,89.309427400034,1.1745626226697,503.493450612661,42545,4.27445976703457,74.3663495168537,0.92099826377079,7.98877522518361
0.31521633315131,578.517669309301,0.688670480086991,684.28584903264,362555,2.65981492668847,69.1503441991807,1.03358172085019,67.5460461396449
0.0518202578469463,294.570974428299,1.04734077104121,812.175792582293,156444,2.81719515568389,36.2216977375418,0.99569399535241,14.9275265765736
0.0353240433726178,957.351084594218,0.981681918256879,974.035350531897,391679,4.3199975743793,43.6125176045622,1.02050459533746,38.2806539876127
0.270363769468393,463.629902167764,0.712516828767936,647.882849957555,221885,1.7094670835456,94.7614579482866,1.0126283657621,46.6459481425233
0.274911209588952,448.486937074179,0.70243924566783,880.717986130364,243148,1.88124373784701,38.8622217739825,1.05260004969081,58.4276372719528
0.322340651734121,827.260776356662,1.12219655622282,51.0369639718091,389177,2.25891296158326,77.1257417316335,0.963713652743196,18.4234253090298
0.365784753524104,462.314436569993,0.851816954099758,553.723908089597,191799,4.15271613000023,97.3520861950228,0.97470524901349,82.2620384846084
0.488167518936642,394.038792176972,0.992745908504483,253.915171331688,222120,2.49060619747233,33.9629494151709,0.978321261304916,49.8510865932536
0.262987170667586,378.403621993067,0.902442602314004,139.48283422898,188719,2.43267283312305,54.9386492640486,1.0524912198348,13.6793432905911
0.168248671741211,453.144063587898,1.03641211024558,555.372466211172,184303,4.99526538102097,41.7949108332053,0.986222524360607,53.3218021991235
0.399641235436665,440.587746763547,0.887545425023598,759.485180841639,263447,2.53522457239792,41.6171138053407,0.935414954340011,106.09563593403
0.142707803118416,898.056047321099,0.772427949153341,441.658896350661,404591,1.99108214526235,33.9239382999761,1.09660819408341,40.7598205166007
0.225095996145762,383.824821571022,0.818030022597898,686.602076877213,181522,3.49285471280377,73.7163387993599,0.99867637279291,45.123149696094
0.0484436268577103,572.389228462924,1.11544661667021,515.233291148902,262603,4.20751980782,80.9757632433034,0.921849616631213,19.3636332586251
0.0224218642735742,621.441471477688,0.880820815753636,465.231572661455,335693,1.27843133489264,75.7595432517292,1.03405499119854,5.523254762626
0.481697723192183,245.689961138376,0.728069599346766,325.743808414068,135450,3.4755689245539,94.3492343214365,1.0478324715057,24.6570064184172
0.419630259050981,304.662301692348,1.16076323284635,413.463838775954,139484,1.1429418235209,35.9259106538541,1.00004456778178,74.6459239755045
0.351027360985912,800.771001361389,1.07796027389903,382.305849254706,466774,3.10532940391807,48.9884030038755,1.02929144365546,141.998721336079
0.210386942762992,694.999482447734,0.633399687633719,663.877824814137,362044,2.02796625503124,50.8429607276842,0.934534972896546,39.740756087115
0.0949142168347144,487.90948350363,1.19936577718831,160.217585715183,289016,2.22656679069274,42.4061577885178,0.973584477056076,11.729147927914
0.0866541509088322,489.010529150277,1.01695601786406,138.004550253416,324212,2.86838385592953,35.6653708117725,0.932365720674323,6.05240408812306
0.132619020100652,38.5822959637946,0.696159959424352,677.012344498037,15620,4.70842984298235,61.5027606944698,0.977447051272962,1.99278399883051
0.279121065705999,597.732647794592,0.742300608779158,568.983166384937,309433,3.84266922635151,87.5829721035571,1.01256010443738,64.6246724550788
0.360152002123031,630.289142332588,1.01546728874493,458.690091905525,255245,4.74738238513799,96.5904794202489,0.988507881436383,140.829933585093
0.333496714591688,448.34798733462,1.06785663316747,194.820740187508,273329,3.63988401823471,34.7005474163873,1.01864296814715,36.3756455359685
0.147167609503512,376.460773408717,0.743421565889884,440.475756275846,180352,1.02843098835144,86.7367921054552,1.00035183467371,14.5494713374666
0.477883987524965,70.8540733359191,0.754181312339562,800.245175154011,41655,2.06234078939071,86.8435842223956,0.963562874680351,17.5958376531582
0.371569489180927,223.227265599872,0.784272416923236,895.140173999794,97476,4.6230903108815,54.1733591164425,0.928683199624202,49.3987630171755
0.281633485730586,1085.72264232272,0.958811018901982,717.447741466009,475422,3.57378208387098,33.2522218109091,0.950534572284256,209.084358127799
0.309743165654833,330.489321731266,0.703089706980766,106.916567086837,204941,4.9265889462811,99.2506005067674,0.94014265037892,6.57853705632734
0.215604030589617,564.121573916466,0.662545919330866,686.889287771063,233875,1.62385607687318,74.1694772896614,1.04148445873814,41.7855291850232
0.131388184855567,46.2667786279424,1.00731845345131,278.93631006898,27302,2.18699133242608,98.6646771281185,1.06399336888248,2.12531918088936
0.184426612539118,41.7207376096819,1.0674587638759,349.488680875085,19745,2.44947063806815,61.2741636763494,1.04407772105989,3.65470860015726
0.381344594127541,892.029279775355,0.900557642649903,236.079547561985,358874,2.30623127266924,54.6394749952547,1.02874682939903,73.9139848199693
0.0170528094285804,642.077307688348,0.818299626161031,786.968001089194,269509,2.00796612059952,43.538910697784,0.961570270762754,5.94127408279919
0.066875593848389,626.040577810243,0.859225628115886,666.172016505415,254844,2.77386286302711,98.7679001329015,1.0421971118213,24.8731329339355
0.0325412945906588,225.384839096629,0.833044700323171,631.243301869222,122319,3.56919249347748,43.9942952096705,1.02101669199783,3.84231312708069
0.0299571131362954,598.287257135881,1.17599094494261,684.573979185812,372631,2.24502769154678,26.7822067163538,0.909378673337525,16.9959798965462
0.429175686165394,143.425066885939,1.06085394313148,274.933648333708,84950,1.31879969325702,63.4351310191358,1.08152242367868,21.4870780500101
0.354792351096212,191.601399565753,0.724852328910066,472.412193609094,95777,3.83413010757265,53.2787869788187,0.915990768220328,17.6105305647458
0.242345176252789,529.495266564919,0.830513491232388,651.59103547154,230895,2.83606622312507,44.6036877571948,1.00054158083177,65.0766738552184
0.0579387387189907,237.379552176783,0.926407374817866,654.764326237385,143853,3.22592922436025,72.595608736088,1.00261383054381,8.90467983531786
0.250891778807248,268.852020061948,0.967791517238213,802.259269617374,124484,2.82160262865566,52.3201461173367,1.06740143775168,59.7068925772568
0.242001167682477,588.968153087057,0.88091033761726,322.748768353705,322974,4.56143001381964,55.1688166237655,1.08261350020847,45.8603377015604
0.0948689162559074,599.928077257897,1.08607598100718,781.819315611981,325835,3.23497998866552,26.7284202920533,1.08793515830196,60.4670981965173
0.222587308126607,891.648377119954,1.06056361167494,468.175256586089,412434,4.693107359407,69.1803196414793,1.0139344266958,127.942466704785
0.205267319854713,411.960490429359,0.9030947511769,686.664057455988,209436,3.042301366224,34.1553272385282,1.03580844604232,54.5749222388689
0.311766548045586,86.629575456391,1.11265763206904,482.933411062022,37469,2.17035264896113,41.0353644171566,0.917703972482513,15.874720543855
0.321195888925145,227.786494270709,1.05065371826543,951.179661301396,137559,2.42177034870479,78.7838365459479,0.997583202168804,87.1759121911596
0.0321989647883018,1122.12732099605,1.06714910923239,220.337151504562,490023,3.08851717433914,48.4932044637933,1.07957134084846,10.5681167606747
0.193560181166971,466.975841308326,1.17384046766005,691.254834153239,298533,3.11995775122003,37.2407648078786,0.991139430207612,92.1337898194064
0.316671358699976,601.658482054149,0.759880164725522,597.708250729751,355159,3.7493508061958,68.3068110296861,0.913918787086686,68.1261693656392
0.256536766704243,10.0713753164443,0.760588897420109,214.094488900357,4671,1.89797948874652,41.1178371203455,0.940128228483291,0.300662394488411
0.429680022182278,611.303376545426,1.13337135341438,112.706019021085,259585,3.63537159986201,45.3233660469029,0.985901384487099,42.6632653395627
0.332759879493283,34.5733583367864,1.06333582403141,809.18716952308,19726,4.11435203352301,71.6004482483405,0.947505660981811,11.8212619829731
0.0898378692699005,520.833658475108,1.15592732486138,199.578766963952,285046,3.70636795786796,80.4896336022936,0.978458517068344,14.5604857014747
0.0445786862262106,938.022805359854,0.637878096194672,227.181348646487,460465,2.92731243927036,80.4744763896683,0.966592375067212,4.5024483771191
0.324785446321095,828.815438959993,0.976654246356958,979.512512789587,484242,4.96672260446734,61.1682558903123,0.96378581056319,294.546701324534
0.0229905421653947,625.713201637155,0.686777002874068,731.397808902799,270736,2.61925263651686,59.0722683257077,0.918232921951367,5.24231448963283
0.297030034823997,522.127013705703,0.90233831897555,287.962499521161,229644,1.42636245831932,84.0733888173443,1.07654293821732,42.6232362207984
0.470712818298229,777.505632573398,0.693448159112066,611.401512144021,472564,4.28601686162937,39.4776043834388,1.03854125069308,125.24589346137
0.291982347159181,662.067881317073,0.676847105390928,557.406246482388,337131,1.84880487552167,36.4151835646344,1.02467638169382,53.7651508607933
0.200203263841196,75.9428501619979,0.60730100722922,852.249604138155,33384,3.85314229160977,74.8521299522132,1.02129388161908,5.66708653217909
0.325211227036753,428.827200570944,0.978143287429743,742.854710440993,233397,1.7159051308605,55.7130200791942,0.979300444942932,96.7374092367985
0.234543916340843,257.854218943765,0.815413570014052,840.135069218526,120882,1.06750956343176,78.2498845427636,1.0646630617703,37.4605576714032
0.277352226764808,364.969775610999,0.663112970927383,250.931258578494,235432,1.6391944151561,44.2450167597427,1.08600799878559,12.5873795505218
0.471317756300497,481.365144187351,0.793702666638786,658.208244148655,228277,2.50795478630329,49.3653910800075,0.901123449799088,93.4813578804525
0.199190292522379,481.731817140377,0.701366454870951,88.2288154974613,291490,1.42647298851919,92.2508236889043,0.915839695367601,4.30567915776079
0.480983376273718,417.23967152859,1.165016898901,115.493581665259,179028,1.79071633694273,56.6242395116191,1.03499512347326,34.4269056184763
0.453621814558471,153.948497442736,0.792002931456809,727.850681069367,82971,4.05850511073757,69.3215102290288,0.947213344544614,34.8175228101713
0.105937656046755,449.585806582637,0.800372113973634,73.1990975117348,252356,4.07953443190852,33.0011645588732,1.08234099975398,2.89778827910401
0.0439870374288311,972.105647136932,1.10391480203975,600.776758455484,415272,4.26995290876391,38.4121879144569,1.03348261302325,36.8677606542239
0.0593812206749391,515.177964915732,0.988653456771603,848.384843522304,332342,4.36462094619037,27.6915796616983,0.973658251031743,28.3274897409851
0.0189286945692594,322.129521522942,1.0261029644418,410.944717997127,169845,2.68174357845502,56.827810882125,0.983056480555886,3.10135793766505
0.0562770507704049,874.836276373055,0.981601082393376,92.5984149979172,467826,4.47019864277411,99.1690003371268,1.03817650104931,5.5732789989103
0.344673318974015,814.211652329651,1.16771777036914,728.155077147291,456192,3.10374750005617,90.54048644886,0.928192820520429,291.985640024865
0.0448824377455122,254.355670624536,0.724200498934827,933.202129840943,105465,2.88238846774403,72.468168620538,1.07668237604932,7.33165340443768
0.166298058843943,46.5244389655971,1.19342354505348,731.312822455354,20669,3.8741453159831,89.58223689681,0.900954339686036,8.64075738238815
0.423988902375033,580.079432599925,1.09857370653391,599.524880852637,370913,1.85527364543963,69.5627017264317,1.09578939066077,210.115107783244
0.0214032485105547,916.831880942183,0.953383553325805,268.527388385107,413978,4.15798950730989,52.6576660250603,0.933529096072619,5.23365452763082
0.409089556468579,981.141824964677,0.997422974637749,64.6068428422721,483965,2.71786330626481,38.0159800825836,1.04842227172278,29.2279281943286
0.148108839638966,1068.45583817764,0.989295525900368,709.938503055101,445029,1.50918165601504,73.9786556320168,0.907984941408632,115.845113396137
0.0679007655346116,545.092919931279,0.635037734435492,269.474867052078,300667,1.47724765406787,39.4788457293059,0.986285779808619,3.93933571794715
0.351401211028434,550.681714248346,0.730809899119163,865.25454332324,265496,1.6596269753868,56.3071312900045,1.02606273646283,97.8668827372101
0.318181994922143,29.7952475514428,1.17688253071485,493.045912890981,14892,4.56229093697513,86.9351381616447,0.914045491518617,7.44687683479926
0.439961286628256,246.866706805628,0.920618657315628,554.103803253833,124081,4.96375128903619,34.6921976921296,0.988658705779985,59.1459846362737
0.370184811463904,450.584966567991,0.827012161957147,766.239717053048,230348,2.42789519680513,34.6766064292596,0.960627280622044,90.2941570350249
0.403705655888576,536.631968109868,1.05722307803345,790.459077413176,314624,2.16857540882119,41.8301811693698,0.999648722393439,222.501135618208
0.14819694055994,629.49871236003,0.914711365593486,660.51829142654,279069,1.87508389037735,66.3937980341724,1.00091530719383,58.1800565301333
0.0969453764520642,725.069637701134,0.607897662859138,941.510224642106,371576,4.29526590866898,43.8792608694935,1.05704632116846,29.2885343228739
0.377801228304021,345.674763814191,1.04174255802907,983.183514504398,140603,1.8368299296755,62.7398452941251,0.92470090568898,141.439213984713
0.405349022240959,498.152072945536,1.03933053603172,949.541172155886,282911,4.69636051972108,47.6486958294765,0.916543920209493,214.482320012012
0.49534751958033,98.1863661379432,0.699089227265985,832.970226076746,44983,3.66940151588513,62.9681653681304,0.980378046647758,23.0417939224508
0.212182661686599,506.251095941664,1.17399605305453,720.343959232039,207419,4.58851116667678,45.8223586751298,1.07750398387531,130.647126496825
0.192288862038464,812.012975835953,0.734344878924669,680.159564987584,375331,3.21603941757659,98.5009281706424,1.07105390393442,74.7860817022822
0.390442350763578,822.848297853589,0.874649620429319,148.562668074507,347007,3.76271944872999,61.9538425856476,1.01199858185628,42.6327928771566
0.176993734723979,1152.8734712774,0.668841576756549,307.910129478157,495331,3.47783240263083,80.773257558118,1.07775476379422,36.6890774303819
0.466071089545747,259.797060969203,0.961969391670353,55.4038123529082,139667,4.32478182529519,77.5409919173654,1.06106871950974,8.02007126370606
0.430622248403076,524.182534913139,0.825270672034327,180.539376722292,249596,4.34344324474352,61.7919531110771,0.95558789201861,33.5536106628038
0.220207073413759,274.005251013031,0.811904077325823,467.268003310729,165436,3.3591719993805,42.9146546250944,0.934021256089166,19.8072449463459
0.377926823217834,449.568281978033,1.09618612633257,189.20972324962,220861,3.53003059731909,63.3038708434649,0.960231300195341,45.7232662161748
0.379726008301494,741.690004715118,0.605737027710287,906.58024394292,428618,4.68750368199132,76.0728717790326,0.945423575687763,110.783176173821
0.060530695729607,768.302603912831,1.07876806253545,815.414226068518,342421,4.71946593585988,59.4939452922409,1.02454375853174,55.8830090993683
0.452250924272988,895.061275859448,0.942869139448847,118.031316485042,441339,3.65699913558073,31.1443830522056,1.01697982255493,47.3105699911223
0.25757366249945,196.000188492602,1.19165910808812,286.468029693903,102552,1.03101711269265,26.3487422168563,1.01968747669056,21.0219648374701
0.414964158392793,772.624721982505,0.953665932362549,828.118290380933,436808,1.41764485901576,49.5907606350879,0.93786070729829,236.006093351209
0.166824304505,77.0123859088303,0.633227480488775,812.89382023188,30821,4.43177012709766,36.2667944569984,1.05837254505529,4.95396008652186
0.448806381963138,698.485444296994,0.630387195866236,948.178022611899,444411,1.33885646548321,92.9642684444497,0.986725216708526,134.305048666027
0.20070882257974,255.008572916008,1.1298917918231,997.670373536492,165208,1.85407672342027,38.1874502563694,0.994490384073307,67.3572610597316
0.0153104492253462,271.29060687262,1.10472848730663,977.456560079066,157979,1.92218672088661,54.5712035508675,1.09939236924225,5.83425469321243
0.453637168445439,633.909159956712,0.807534045349214,439.631086435369,256532,3.40093907911962,78.4058134053611,0.95645435719255,91.8782403950084
0.0547304716252054,1166.24603056856,0.970819490508682,287.812021611931,470405,3.30653119153506,86.1566245012046,0.978827600821542,19.9542938553587
0.166463682419303,53.5327147872094,0.89375481423336,770.489680905709,24842,2.1576700936816,60.8284864883598,1.03529264158082,6.08953161510152
0.475530363854894,420.714794815406,1.18029843308163,334.309248106829,176763,1.83044546227377,38.5851257206294,1.07608260403805,103.257395320858
0.475797501999403,734.312624344122,1.16997654052613,816.080342124763,428430,4.0581281194299,45.317141768189,0.925356201336806,390.762736944235
0.29098456518041,491.024193208397,1.19030340512446,557.256993878028,198631,4.7418246224239,56.422633573086,1.04700916128543,142.672511267612
0.319600233963202,164.901100472159,1.11986926838056,804.230911473206,100379,1.21122271966575,52.3445941994187,1.08365610519911,57.4142192863887
0.229738305769377,340.994833577424,1.14573095446506,312.08588573116,212972,1.53272185081945,51.1504567877242,0.984584922685374,34.9339620363647
0.153673278132052,311.787201786569,0.730367267260282,532.62594977613,193391,3.56865595482283,34.8890351317498,0.957345384586704,15.0561126064039
0.171045627231259,949.063451378717,1.09860407339386,585.822603922073,457793,4.2177658066857,93.4982689128212,1.03554742935499,145.731931675551
0.339534043477749,869.521127400126,1.02531426792256,945.952664334126,381206,4.1647546751056,27.2317454813286,0.949214730247658,307.837756519888
0.378663519424463,472.36572936271,1.17767190529684,303.267697988896,253053,3.87873261233076,58.0001595906813,0.976857949309457,82.1092260153001
0.397873731425666,1224.56876347594,0.942757097065572,939.85382732065,494197,4.54971181799237,98.5241119377315,1.07938267481796,574.328416365395
0.396912889969331,451.054546865465,0.651100300026334,814.61596969243,233173,1.86939551828325,74.4792954118077,1.01806651051828,70.6630978976436
0.0546909904938583,49.6124834362429,0.958439334712292,744.349351382361,30060,1.42916378596779,51.6557997799812,0.918995453319969,1.83858899940848
0.252265949304265,259.261864917047,1.01194855681277,797.526755725869,131875,3.46145188036547,35.9573188339877,0.965939506289274,58.2410429588824
0.0382037924081557,476.33534532418,0.732192617227457,625.153793586054,218599,4.28910356609373,97.2904454234321,1.02545303302348,8.0221093976634
0.27926915233863,184.931511039314,0.836468030107637,281.876009939362,79294,3.32817431392229,26.0489771404862,0.996299527430936,11.6773243262792
0.226349945672955,928.132972671582,0.959102048431008,230.02022039786,473835,4.85198994983562,76.1040677959858,1.03206786335032,57.6350740640515
0.444975049551567,803.229007668372,0.824463442389903,873.024364057871,383658,4.18225784556716,91.0103103583996,1.05228828353607,289.43153841827
0.181948356150519,238.370618052425,0.824968630343198,738.882432466042,134875,3.80316720363704,26.8870367414682,0.996123024040942,25.1923388594158
0.0673628380495269,634.787859509068,0.679851983503678,252.544068622902,295812,1.24102916348693,79.3881148067876,1.09739033726039,5.95383706490243
0.0800659242058896,897.443329681906,1.1644480338466,634.338697580681,361003,1.43096895492673,99.9128320941051,1.08293477513478,75.2536504175942
0.383140209541561,729.137967563502,1.05029663069706,475.169157343513,470699,4.13935053036478,72.9731851430012,0.911981481213731,159.788437260045
0.312926851024968,1052.30728781805,0.600746063319661,200.722411464939,440936,1.79295170230812,56.1009210882549,0.953286227550044,24.971391508065
0.0595501113001672,532.235930596745,1.0593679704133,555.264253889306,258081,1.11534070431596,90.5800539517211,0.960108702461957,20.7369640749379
0.0512123349963487,679.029339710689,1.04387699559472,317.443137843096,387552,4.64304274298786,66.5634434816971,0.936858071334002,13.9682653002359
0.353474874414969,691.076002264706,0.605838576093314,141.431917949693,281510,4.56322149480494,81.2080635092455,0.962403300610096,14.3976366014323
0.0456538731184548,548.9904877324,0.821762578568259,493.61038361814,276799,1.87393530892597,69.0834243863879,0.984964126587092,9.51351342633614
0.412711429052275,106.706947301485,0.964048614195318,610.603124488884,58256,4.12082503229182,27.8718319365962,0.910310195798492,25.1014830127989
0.356058691306683,107.518321346894,0.871650391114821,94.561089862093,63942,1.19191864484662,40.9858741154011,0.925460047226483,2.58742889920823
0.0498609025145309,462.693270891846,1.0667916712323,431.988111940447,265237,2.14023201529305,30.9072680490062,0.919249175758697,11.4142656751986
0.051570479901744,315.312542159583,0.85527499958066,294.778823844851,135162,3.4946676330265,33.0015821787417,0.90926338782933,3.41631681233508
0.493453393465576,24.3093718771195,0.692317781672302,79.1180611718708,11497,4.05271598463354,26.1554120191054,0.996299404060324,0.531192621932963
0.193392689920499,872.863700832065,1.1858493745643,169.37942213093,361697,1.04159675515276,56.5873734260615,0.966760616645229,40.3744998229957
0.191614652062777,29.8071770616355,0.745223995665628,182.082450877459,17210,2.30483445309498,38.3988723815624,1.08708944592994,0.723419248240896
0.408271787956176,483.169003965648,1.0306153863248,223.730535712073,298043,1.8573822402547,89.1772390370479,0.920552107088348,48.3850586436781
0.474151802918091,406.730986440206,0.685893786998443,813.208692866025,270058,4.99512162299489,81.2528153155495,1.08520706714713,96.4370444038634
0.493140521273207,972.686677640654,0.79740756827036,467.517273154232,484439,3.68392892954094,67.9882746111622,0.917309123479892,165.335471000415
0.379155310776881,606.144224063139,0.865216565058254,189.731692656868,242622,2.62268581151898,61.6766009012797,1.02384346932089,35.8730568127977
0.194367196910149,71.8565780053158,0.715339202716238,145.282118581495,32737,1.30261040792274,44.1901480431982,0.949546067475264,1.0779574951841
0.0509153511823477,499.644958603234,0.869975745821166,333.043435792587,276292,3.39468103002786,60.6213599406239,1.06536112929878,8.24436566955332
0.390801988804444,999.961043889192,0.69429769379505,808.11474276923,420707,3.56680588374426,73.0921956898308,0.912294965407994,156.517504647921
0.283618082370544,1137.27426559185,0.935403923391534,396.236855542661,498428,4.26562371001254,83.6671645144582,1.09050163115393,149.707516427973
0.217868784531018,326.937183344519,0.998227951512116,201.902492279241,215741,2.15430741167745,31.1261549694695,0.90945144006658,13.3091022046105
0.454113648696421,372.618354224932,0.637460570416806,433.910372468852,160829,4.92571232192039,78.1348516559163,0.948222653660267,34.8316842844341
0.0644867663300142,816.394842267079,1.1226792726493,577.545979422705,453420,2.7578629572558,80.7047407570964,0.992836945213478,43.4915549381713
0.251386301102521,159.078012189797,0.711084531025221,78.1049744561132,96430,2.18377501863797,66.9229150693642,1.05121157731324,1.85985992565517
0.0155632859360353,531.880805392153,0.735217455192194,646.259711368165,308099,2.39379733600583,41.0739396777401,1.09022254350867,3.64480292112952
0.239643714577122,400.509529779926,0.996809904049838,425.34571536405,203451,3.0783442118685,65.4388440625881,0.985608486258875,44.9680415312299
0.0375886050841003,41.3846604319622,0.881250636260648,59.2395813746347,21500,4.74680625802851,62.7028661361483,1.05146201876357,0.0897048139218014
0.0682207789713552,311.79768961903,0.899637359502639,690.194928999062,174297,3.9406351916776,60.6782572290097,1.04543251088905,14.8104529331885
0.0675878609207814,222.988641047986,0.67689299073788,726.768253784516,133349,3.30843859785513,59.5479936600388,1.01423377905818,5.6188953182557
0.328113048036871,776.759563931535,1.08344149312584,647.397799130749,343360,1.65124155191945,33.311917471864,1.03818383522016,211.145108180339
0.375561990840057,1181.42511656368,0.970232547662526,374.833706718501,474447,1.59741324356349,38.7169363643024,0.907613336613236,146.061303364569
0.295850694897608,306.943804419455,0.681229225985674,553.124611362663,134755,3.00878765525426,32.2999066338507,0.988315480179503,25.6616659777371
0.481464548752526,729.010325791167,0.824399620215358,417.799820826764,405922,3.9148348184066,43.1858370750988,1.05717213881201,121.801554876127
0.193686583966615,49.9434117114609,1.08624595964102,715.59064365171,28624,4.00404869102044,44.7607587048005,0.994844229000546,9.30524258979365
0.149998922278112,462.948742249044,0.941013027591972,604.401176922004,269522,1.90365753550503,43.3806896119784,1.07470091684539,43.560155332643
0.435613572812836,59.2549084768011,0.665189267479758,127.709158136077,36204,1.40039805138901,40.8196801139203,1.06672757531294,1.69000234835324
0.119561960874532,958.141627141929,0.823666227473572,660.938880308047,467083,2.53784395701516,80.1566534113592,1.07268920603447,64.5555621324236
0.4819790443259,807.231556610632,0.745616639073441,702.876493620911,383410,4.6726901729763,86.3924049698588,0.92599933712564,168.431914346299
0.01595569259801,726.309519701602,0.910479332192236,402.167071583964,329317,3.18146901067753,49.5331912429427,0.948828224913214,4.11459305008231
0.485240625086743,898.520435496038,1.10601667732319,881.996491911719,412125,2.2803990673271,47.8846668763337,0.905919454642426,461.736399389698
0.0311483568557823,580.918526519991,0.861760280882652,850.863637102715,324113,2.29455067335649,88.3024262314381,1.09656014537261,14.2918479746512
0.446660125712055,886.793003358794,0.860005218220994,216.408197704751,484504,1.52834818088874,71.7942926249343,0.947227627883352,63.9955393530218
0.268573543452287,779.378790504807,1.14321054139622,909.052993061575,357265,2.89289494442463,47.0078743591793,0.973418666896449,274.417124437612
0.496552750098457,855.193836336554,0.945711247504363,468.828752920324,462405,4.16545071405935,78.5209219439937,0.954985289445687,201.125898586006
0.0461603167203454,443.653324647693,0.939714652438444,737.562170002579,259049,4.87423476610937,50.8444607674875,0.907958724569083,14.2631082543717
0.281388599356647,111.363682571892,0.757145935125234,823.392156618874,59415,3.0063799998319,68.991671075663,0.952251601922022,15.6984663768851
0.484958242453359,468.824356812987,0.964633648702276,529.856800016205,264561,1.66885966337075,99.4475522490851,0.919639133241541,116.597613562033
0.266317943643373,102.142802788846,0.945546280450438,429.146842402275,64309,3.73180159921146,47.6195781412025,0.978856617276917,11.6486990976572
0.318405332686279,691.245025915978,0.838110882205118,919.678800184343,296654,4.02716537098118,94.789450053125,1.09336482366736,196.024422163425
0.350916857602462,568.897621888162,1.19441733953951,269.310875288652,241764,1.28679899769241,49.0489310713524,1.03965247441276,88.2918692773645
0.232725121736209,535.985977301511,1.12913457896885,294.121573833187,311665,4.40055651852492,65.5215028281117,1.04138015796158,58.7672010375149
0.317503459241191,9.40897523574504,1.04975177404609,393.539298312765,6013,4.31728955998343,59.498784219928,0.990635186658251,1.51376240035112
0.296314012842319,219.90882503382,0.9224073530478,866.492489072037,98225,2.89016421615647,83.7369671757952,1.06226080213789,60.6614856507064
0.451567425140585,421.3338479433,0.877235881136778,941.848851002422,246174,3.24169007446347,29.5819524611496,1.08165683338351,158.744199364728
0.0322687263673144,899.953675000319,0.71093843713392,259.064329017119,475302,3.85363225484368,72.0341728051498,1.09231000121676,4.77174650899259
0.147671962900193,300.972469370769,0.783442484408774,870.676640249683,192421,3.70699250025144,82.0500208261617,0.919798044549284,26.104550662107
0.475701627197514,367.284569392374,1.06437647989393,295.292811495141,212762,1.06614391277284,60.4108638536589,1.0759288017293,66.3259578290942
0.446229254106549,820.019813408141,0.872249372362531,972.109184412394,357634,1.48974121539394,32.8969454903354,0.945016576715172,267.785405681929
0.233271808864999,696.602915127337,1.1293617099417,617.537497382503,302293,1.65036222312498,43.360376011361,0.979453380398167,138.902271625554
0.313864972922753,256.342685644438,0.688746681807317,56.7321440750133,150164,4.02270355628839,75.9754277575648,0.969095438942405,2.5389456646307
0.145916779660755,378.192744350443,0.905008257608182,82.423408867619,205997,2.76033425156952,92.1578039125236,1.03502600801736,4.5414729260738
0.102179368264643,179.164826362085,0.988179410412785,190.110304264473,109632,3.1820105055473,56.6206455250367,1.01958490804676,3.91651086276647
0.237212218420591,760.39621819598,0.910109073784755,228.194499927819,483045,4.09074974758194,67.0309026308694,0.921820974953607,37.3258516447038
0.183142591732766,164.946877092482,1.13353613495099,779.238166685267,66186,2.36392907625636,42.1288777545147,1.0565645259029,35.44821381176
0.295991494806927,402.11742922892,1.19373796909748,261.627582596102,186546,3.99556090927509,55.9159985527654,0.987929080360299,51.1249343503112
0.0480899721128426,28.3708468022922,0.669500795004822,970.684539047367,13893,2.76919709851824,50.2592355827869,0.900444368665929,0.570471992156528
0.487453455756422,252.983686543259,0.677972942446153,654.306454342791,111668,2.50872075109683,74.1644160978643,0.982900653372166,40.8903146727038
0.493243264795005,913.69482738587,0.678194468136073,707.891633790842,390455,2.33214905621896,98.8524213756333,1.00326631514944,172.542997723651
0.352099239869675,233.868583472983,1.00870625764232,256.925693320947,101386,4.85977926196953,85.9977588989265,0.913774937041646,25.1109498880493
0.272687219508619,62.1038069878697,0.823605657297503,898.07099839033,40951,4.08789364283592,39.4123438694639,0.93022705188324,10.884077574142
0.161668531980301,401.041951410587,1.03998879675954,684.423844178935,237752,1.08078376309412,68.3258944980075,1.09871443429817,57.8810023331592
0.408759559656405,12.8734042748519,0.843282883732187,871.185343124771,5974,4.82966194607281,29.9808786211301,1.0742390804045,4.08228627656336
0.345518274551401,81.216628241216,0.976564032799238,958.657042369666,43298,4.10175851890669,43.5186615131977,0.92666548386933,27.9117576511513
0.0896823002789967,1002.93788592459,1.06191480340734,169.358928254117,404006,1.59669885781702,37.9163257045293,1.01606187993925,18.8336579791911
0.456354320401983,835.770460790624,0.928929546392952,141.757868755498,385965,1.30535250164527,50.1659153229597,0.975848659443469,48.471673439713
0.413043249032353,1124.25189082446,0.923702154270004,813.237435260154,457655,2.23277637463781,75.911047678316,1.00874808173998,359.238818496151
0.475401957513043,727.205032041339,0.652940595171381,872.819756139462,427404,3.49672611738425,62.454498768762,0.994107038713477,150.08595022554
0.365602559110296,808.248727697667,0.846469045745661,604.573349834086,341905,3.46618675659787,94.9681944871913,0.909629785005137,143.037057148267
0.310573446008537,49.384146419874,0.927466291934963,397.700520362995,27114,2.10340050059688,40.9561629886381,0.963084062198157,5.36399382771733
0.214939087782403,975.018140627871,0.877188495399846,669.998154271463,391642,2.78269991462967,52.3156859690455,0.925104116405625,116.150253708137
0.467036956843467,701.053116306455,1.14046920011306,340.380868962834,422910,1.84756062285494,49.7389432594352,0.99779361845815,148.177324948046
0.4343713058552,806.01571186207,1.14391837927169,276.466407545795,399742,1.20231474066695,42.6972719469947,1.08146334399591,144.445292873618
0.0321571483520328,584.058580948864,1.09315042835326,513.737949050902,254731,3.06788186970751,99.4878076844684,1.09910655451391,14.9791248672535
0.0229198175036535,226.540486291444,0.825178845223872,255.346136226061,117218,2.38796453700815,54.0419159082291,1.08885061369649,1.07194878517686
0.194467049770244,832.145302328541,1.03037949101252,509.518427899414,422820,3.17152972919172,95.5381735374699,1.09713942499496,112.201785647587
0.407171132083098,904.670501617946,0.837173076641766,958.776180190393,363854,4.78602928988181,54.2855105389742,0.903049263156071,265.253182957241
0.493765303364323,944.171116907686,0.739556159385455,847.794833836521,490400,1.57348124678128,40.3068759055496,1.04588939568881,248.401781787026
0.0837042766407288,165.56943359614,0.805741586130529,944.549373525021,78690,1.00784807324382,33.9404748012033,0.954589762035307,7.71854893880148
0.301124050522546,176.605032690661,0.642578779971321,816.012526104991,113606,1.3075128531285,89.1672394881629,1.07312359565383,21.151541590074
0.196636519749201,249.883366827392,0.799066505402788,387.013389148963,106687,2.85083318440652,27.4073230363809,1.06274669812481,14.3646148354572
0.485258054929156,851.701371723311,0.876445330356703,821.442976623981,396478,3.82772811920929,97.3295941254461,0.984734915176591,309.32377956461
0.422638272336497,179.484359016466,1.1732885368685,926.769956375553,94266,3.32305441326876,56.3643408839161,0.994652135020632,104.183442419296
0.420781065308458,51.9485169474617,0.788046351731775,949.683998445202,34263,2.97957842949499,43.5530763313268,0.953018333798508,13.303863160538
0.239659648299535,1044.33259208357,1.14147212352331,699.037958150747,499282,2.41585252436965,71.3084599161522,0.95776080724406,249.093132011902
0.213261556145456,20.2438997186035,0.737314965494098,250.798311624357,13383,2.239896686126,34.968474387714,1.0962348846721,0.701146830188226
0.143969465246046,627.183354244207,0.71458133865555,87.7426956964563,417787,2.50514470041992,30.4109180174767,1.07777057773403,4.87590446689737
0.0376239933589543,387.918956216095,0.911397273859299,189.840216752148,183318,3.44653981603629,87.0837513932175,0.938373794422995,2.73989134239268
0.433713964364976,711.018758767558,1.00350682157844,967.269571999248,420966,1.67101582346214,56.8503080968995,0.955104935572987,310.503002489781
0.408321494473738,469.931918259499,0.626599350481369,488.991982983131,277756,4.0854483322185,63.8691184078399,0.921729598612452,41.8022374520098
0.499861659910204,970.940294835906,0.73263951902833,862.236714090455,450914,3.30101296037244,38.2522006656299,1.09777415659594,267.245560158719
0.498352050166214,719.627480235068,0.87341019990079,491.791945880377,463171,2.07662551044571,29.6068183395207,1.08144197010611,150.903676465654
0.282161535745287,10.046266810569,0.798602601589909,677.776704286847,5540,3.00461185124513,52.5832099488885,1.01041959739748,1.37771893164964
0.38680383343845,63.7175543797462,1.02757264760899,72.933738266217,38630,4.85111475074067,62.9609689285067,1.03857862078943,2.31426948993545
0.47293520764239,261.954530072108,0.90669635762479,287.371695583398,125929,1.08196611658078,82.4072966408521,1.04958938791813,33.8722712478812
0.426327221431932,724.167547416976,0.69621546336234,464.45581604046,334989,1.79809056360492,62.5789000176598,0.940762245492045,69.5818463363997
0.131200569854167,986.735160689668,1.13667922758905,649.099494796455,444248,2.79352095961311,83.6880263264427,1.08693326746623,139.269964531743
0.230766626301946,404.600103043115,0.775743405290016,212.94512865052,230511,3.55375888711931,33.6574584755735,1.00534854274432,13.3437032990717
0.0732881134242325,482.941214527325,1.03867866537865,776.323891056966,303880,1.84891306514194,29.7972079032964,0.918490307500085,27.421429141091
0.477485003356774,150.071247112554,1.06794946746325,396.184470829425,95061,4.72561579350478,36.9145723107589,0.979416521566734,36.3361592128212
0.307025570880931,775.620779378589,1.17789462015366,826.56350577219,402679,3.57028804969857,82.9009095166547,1.02032931123531,325.470186268238
0.122034974696697,1183.04760313041,0.899104479914461,143.070635875314,483697,4.50972779582572,81.9497673129026,0.970564638293341,21.3756720091985
0.33913333535887,231.94666922341,0.969501309278659,695.768758298253,135031,2.31727172100127,35.6025853382981,1.03984088555037,58.0660197425213
0.312882837824369,435.527864321394,0.80092577608772,328.661916546185,247918,4.31581573722652,27.324149368801,1.07640999608159,35.1862711887357
0.185499731836092,70.3942824061988,1.00690757604724,805.614015416487,43972,2.51287686759779,76.3961452159124,1.05437842487643,12.6556366476281
0.0656432201778182,589.578626822766,0.878030091519792,432.06190569029,280009,2.01100708984482,89.1461337432233,1.02853160401946,14.8902817241944
0.339070865840472,549.08599834568,0.862591418834653,682.082150650388,251889,4.64662135665517,81.5580771632637,1.00243149628233,113.931683655267
0.264950773442859,156.590412173931,1.11328051746966,937.59000520465,73073,1.36887390271542,40.2099235461309,0.950892697157583,48.4971885266712
0.388436011950463,523.205211686536,0.630101306099213,69.5953004130761,221591,4.77155518422562,68.7825922919002,0.990989232999487,6.70581097337303
0.264880115544877,333.159368198903,1.12917745669912,60.560943217655,167718,2.83406082347042,81.8024290469156,0.958590581427635,7.65397117263245
0.427568935156085,427.237263714266,1.11124190269713,781.765289567878,261394,4.97050189394345,44.187152841028,1.08680467621795,231.48198728455
0.280434350999498,524.728739338023,0.903819752137073,664.073398932674,293242,3.15837861494012,64.579060102709,1.08146223139733,98.24578118156
0.284859606052339,11.3289706307545,0.894121712523377,328.330734479211,5239,4.02995268832921,48.5845302980328,0.931165276660716,0.9284902187915
0.439560265302589,804.554286526309,0.817084420821294,519.676867635549,380742,1.02828406535202,41.9181562995266,1.06452404423884,136.817628526995
0.207706604444075,724.64973067351,1.19650427500904,89.8388823189253,356794,2.98666727984066,97.7191995078139,1.04058293935115,23.4519441426111
0.075667461940814,401.178651973351,0.666701599652305,232.823325093179,183777,3.94981388647246,93.4436470290195,1.09504234411212,4.26551245124585
0.0241035113935361,58.596570162984,0.954129141377164,453.271555800809,27415,4.1313080798338,58.4250798213615,0.992661313720036,0.689550373206205
0.380017255280073,899.454986649586,1.00900895406745,842.342195410408,377712,1.63219433040639,35.2583545797982,1.04443487428288,315.22885528693
0.313951680163198,996.350260424091,1.16059800493017,505.683823717081,477633,2.67588380153111,79.5930477490487,1.00357678402568,243.68855654497
0.35499908636862,275.334795178582,1.06812209811406,607.04437929968,120835,2.67628783247735,44.1775847596165,0.913880099338471,66.8740803670607
0.114352439139366,284.058241708037,0.986308321686928,880.066102394091,162439,1.41456323399622,37.6388354378571,0.909352949947354,27.7419647746166
0.0768220230375172,201.965445608268,0.670087390087274,343.377967909403,92722,2.77218203076587,53.6146763303638,0.924422288575957,2.44220074264364
0.0171268861772621,693.97226105369,0.82424011009888,715.664355046953,288891,4.22837183478402,64.7387356875054,0.959238212770483,6.47808281304345
0.181787903815233,147.588726375408,0.683304985528791,868.583895744341,78266,2.20072295047595,32.3080247365311,0.951822621162375,10.2829668450524
0.29905966655877,407.369361549097,1.12872763947931,242.484915661368,178741,2.73029808757553,67.8809854786395,1.04566533374118,43.2473995448132
0.202199582098869,776.02875614998,1.04977269333819,388.654256890441,348810,4.84383474024857,26.1511281071966,1.04318454698442,75.0153684251655
0.224362711791627,437.443979170152,1.05452207207834,980.819665194887,280498,1.12683230356625,91.8901795444815,1.09427891596987,129.500278592119
0.453037760301937,403.489978279078,0.991353910664126,984.057636556401,193845,3.36608707158142,94.055626695915,0.962078165088479,203.577406417352
0.180645178841417,343.487416634006,0.904226122162026,262.068433779241,210704,3.97374436711052,79.9803080133888,1.08769041675612,17.9431466826345
0.261854849688307,694.533075748706,0.689982635678098,113.123546947997,281493,4.04352973612471,59.9912056430633,1.02257012069755,12.4163724361322
0.39398997624316,9.07458585560278,0.797816932023031,307.37553074455,3926,3.86375209953618,44.1172202922483,0.999061742198024,0.800086251185302
0.204305963337422,64.6722634389043,0.682149475486134,427.845359438503,40176,3.90580577387375,80.8084068033547,1.03356827556264,3.37180582425925
0.314822483111658,714.783949459219,1.03494788571141,468.955320884605,440748,1.2360506626922,94.8847901464048,1.04055109031712,130.425689376525
0.432558217285905,83.4878223306719,0.696137265613203,637.865991963903,39861,3.13654647654533,36.890027867308,0.934385805771848,11.7201835543076
0.475265105592245,652.528076459184,1.02126813010301,904.527622124969,353695,4.13187628662902,59.9366491973274,1.05034310070705,342.596981603739
0.0820660056552286,706.208650853678,1.01535323375754,363.830611311804,460099,1.37626019614932,48.6446227026946,1.0450345528934,21.8595007244221
0.464027936329132,277.808201612351,0.875582687394773,857.485308724248,136071,1.04819968954747,51.7556341784432,1.09950645678976,93.4629152297687
0.251136983608974,350.903207904107,0.681137192470831,138.804974880296,185875,4.25824732639863,55.4318335992199,1.0823895561345,7.11959675578213
0.13653975026649,456.13388406477,0.788880495680422,89.780964024554,284892,3.84917755026596,96.3847258278504,1.03693204633686,4.54746061027843
0.234976520556748,1015.0847411343,0.792055865445331,528.842923967288,440973,2.64882566765777,44.397787590107,1.04247274261933,87.9518312711217
0.490215961889884,1137.52772229074,1.02023107988598,106.679112164075,471011,4.76158573029669,61.950687932013,1.08919712676692,79.4449671383888
0.251382866056506,835.034532530457,0.668245811648235,422.865311172519,370042,4.06639237860588,96.3615603746343,1.09343565459684,55.6071826199399
0.171088289040879,102.70448181585,1.09744118772965,901.939211025773,44223,4.87144376642631,60.7042667663738,1.06539303944303,25.0026409942816
0.320366418615196,574.866422901961,1.05660437411155,279.4088843971,334908,4.71726103818987,89.769964144109,1.05347870910143,76.1141672213653
0.127671353201315,362.839262494944,0.711784150904564,720.676986368658,205741,2.92517441191723,29.4073580743961,0.922273164672978,15.667210719495
0.0471730307732453,403.007476205772,1.03149862906733,337.247122770564,235880,4.01883591457426,96.4772813847427,1.06606443829613,9.48663669981388
0.0731510637362181,57.815744085606,1.00110790888069,92.6740524800288,25525,3.67676555523056,39.0648360269538,0.950639135691158,0.404725845669564
0.0727424610893085,235.832331384549,1.04887248006656,578.856052339794,96340,4.24578084036997,98.4951276048463,1.01275685920384,13.9698134814279
0.0844323198210242,876.685959635436,0.713357133269217,843.110816009914,395467,4.15075360900397,38.1682648943911,0.981074494087567,36.6443326969188
0.078025314598211,541.843225679221,0.694554193293881,438.995025925488,227525,1.61292788013291,58.3274460846231,0.969121460127448,9.26618639179673
0.324028624953575,324.074935148552,0.741890391553653,636.429135135183,151529,1.93494212723419,48.1460868679408,0.962050000293412,39.5021326263981
0.099121241355581,363.610488345139,0.819523021889385,905.02241777484,192625,2.06292630871027,57.4923565821283,1.0710854161315,23.8775382398874
0.179376968828693,822.966523094006,1.07619898862148,800.209787100138,427346,4.27399423686804,43.7893554944144,1.05382722413437,171.667026470724
0.449426320853946,590.353282026167,1.04275436248731,234.182579423178,374751,4.24296681571676,97.3988059320731,1.00468975048174,85.7140206150956
0.242241203728807,209.633518171252,1.15527095536712,746.714761396756,136885,2.98134138775777,47.9293738054819,1.03289609877289,58.7756077832955
0.337103291875303,130.922796704607,0.635177735459169,526.798373902144,59633,3.32332903700768,73.9956184048167,1.0969055900688,13.0085393098249
0.0944367368887986,245.690046775741,0.606933768608511,758.66846749178,126747,4.3076886118736,35.3085617199091,0.979507027155589,7.34981061388418
0.104221619216249,944.958845806299,1.01948329782048,519.789772996107,460458,2.25037440271097,86.8290613637413,1.01022012120192,63.1235640174093
0.0300256219705746,599.217704903867,0.767572497476499,171.560255902888,291213,1.20071510766545,65.6880957632135,1.0067047425149,1.89168855619055
0.0927781809053606,474.927258953351,0.80044733732029,591.413974354777,267207,2.93038575311667,98.4584593398487,1.08719447503035,22.2217364645737
0.14650926612566,590.003479626197,0.928081215548707,517.527292777473,298601,4.65486857539469,56.7551662625076,0.970312483522172,45.9185733966358
0.0967351372956059,361.92617318883,0.661447873876079,542.02564695937,183648,4.16187304384029,39.6585906232495,1.09725095004355,10.9421647392313
0.0534642415409573,762.446825289084,0.98561664992883,884.957330963577,403747,2.46646921243394,50.9514249580738,0.960939522714637,38.5116049307903
0.0691115768392944,608.295431497089,0.79508846773869,900.095194370939,262120,1.25908544193135,80.2724204570121,0.921781407064806,22.9109375319655
0.235781596336036,115.620125366516,0.979629074580595,480.860251427432,59257,3.54767802153004,74.4329890746907,0.938274709048411,13.9367791616229
0.111103522018838,137.584662836265,1.10040414784403,482.945439216084,65403,4.33796318348208,83.3760555713294,0.985244268372844,11.1688645555274
0.188492231913557,644.138591729562,0.702666800002458,539.427610928985,268893,3.65979426581855,30.5102719153157,1.02995118996665,37.8669586357712
0.25667446271888,1108.22315103235,1.15852385574871,543.609814417544,468349,2.70029865905208,68.527658150859,1.0033650440048,236.226064286352
0.348293466028389,370.199905854872,0.918412884637466,952.867786970157,154868,1.49341445271629,94.9126507777228,0.975255635314889,112.067384855418
0.0292629485221385,769.776942967631,1.15375665910438,666.930444008619,434901,4.64309697654942,33.0926439611183,1.01240665314136,23.1633454590669
0.401711095465431,586.799245560359,0.724638049321067,313.584145143547,382284,2.10383330301353,32.0751444184734,1.06776125526293,44.4388114508371
0.317671190850545,219.531065141352,0.962737598762543,554.95995710629,124658,1.89714814597184,78.7453273389635,1.0677862055277,44.1260541685983
0.0500619256549472,34.0337863511066,0.842332270394163,645.862403762584,19134,4.26390666243862,48.6386841883151,1.04524557763645,0.952110229412195
0.438053525812321,124.855461491215,1.06453331469361,657.783134963266,51821,4.92487975489543,74.393440777068,1.09048969164867,50.7096052754407
0.461227476260588,783.439811731364,0.963545365927978,605.991514926274,364519,3.64064103497904,65.903838478777,1.01804093348757,246.743131016648
0.0399282003288832,159.17477797457,0.896709274174991,218.84934689046,100635,3.4992419560982,98.9549993754929,0.901531527530818,1.29328105132881
0.14567004759213,304.612158807412,1.14779124385861,81.9135296255321,186264,2.27772347688425,91.6792312716155,0.958185926562432,5.30239978133563
0.4050386270986,416.150882802724,0.826270238503008,370.950899748512,251348,1.08165380274052,75.8554586171284,0.96564454089802,45.0415383900625
0.376647248287993,773.362268381053,0.731988122938909,456.146046832241,363009,1.76719146329084,44.6255969577363,1.00946521546067,75.0906394569396
0.100415299484625,128.540777294704,0.964860712111255,108.714027597282,57502,3.33772174622629,44.6431121612852,1.0809778942775,1.67117391113478
0.112581168434988,480.841157163285,0.974417062303688,824.218971118854,203777,1.60526584726418,91.1682850426709,1.06762299270862,51.3675475072442
0.191531330367777,593.199154310008,0.863456772943125,376.87356563476,243051,4.53534322772531,68.9005798956545,0.946434597061662,38.8396866385853
0.2474162627436,460.945818572938,0.891966026213629,917.951108869579,270873,1.75257875141154,84.1961336539077,1.00387804718881,99.426319841536
0.312944838049845,740.852083891606,1.17573204857994,196.689602450152,409362,3.08841781204761,58.7398154902623,1.03182972708579,72.6937333247406
0.190767683389188,150.828563105512,1.03961141483808,104.088209090448,86667,3.04805298307518,32.7305227488645,1.09750230812623,4.01968051803528
0.236642010905242,751.140419505606,0.666361050889546,508.200299167006,404108,3.4157825205186,49.951484367972,0.906260563872062,41.9714317590662
0.376260759685541,837.277882003863,0.727278042522367,229.672869984421,346747,2.30973627887216,37.0861895716272,0.992775463354064,39.1662553719186
0.027974769416393,577.669836384579,1.18534598066134,940.529311798968,278380,4.49413680426126,83.6374612319127,1.09762173080154,27.751986523674
0.13369410272857,783.512646536901,1.03587933227612,59.788228531052,350065,2.77720614390028,77.5383992242818,1.09544115940562,8.36105975346385
0.359541297083431,411.152663826085,1.14902707568679,441.988691306083,206597,3.8006143149463,31.630969179103,0.966145303519526,95.857845134856
0.448651350466728,107.111785408329,0.782316878393233,930.41038277791,70060,3.54364344386681,71.6039049071408,0.900003347251587,29.3178075476699
0.260721946636676,521.216527257734,1.04512011605196,415.19729639328,333217,1.46862433247881,90.5601630246097,1.01734691699047,70.3845230446974
0.270735607780005,535.590627693576,1.02840162511411,138.453816570438,262812,3.49055741081045,77.3023221549975,1.07338777015858,25.5735483729083
0.0625142855564903,710.11899301608,0.776813991263625,337.750195718698,320048,3.20281071192438,63.3333934738316,0.964859444835578,9.96342245593814
0.229232059743493,291.024692631052,0.930489795270423,523.109874142712,169661,4.59441625302362,48.3897463704165,1.08685399296675,36.9150000924567
0.270982460562961,1007.69598336401,0.976449066762177,225.894102976166,453527,4.52350654593961,91.5322562189422,0.966540487422253,71.1109028085478
0.128810546781018,679.562182649954,0.888679086496479,493.233619886099,294098,1.60381914964659,56.7103661605765,1.02204026399451,38.732243611783
0.141929183165197,83.3874085187635,1.09630722399481,844.526035996546,43615,1.32674058234643,89.1545185175339,1.04440921463633,14.4358795224349
0.194869239921265,506.459708883169,1.09972142507879,878.987071686782,225452,2.17836887684348,83.7249878663648,0.969083152899072,112.313201440914
0.0198348869110859,720.526821863196,1.11036032898093,96.7976979751955,378422,4.94645142673724,86.2170223960645,0.970441282403856,2.11895534568445
0.167818791135757,865.399889615484,1.0820541414589,202.858190149945,397273,1.08629510562527,99.2348140121235,0.993998965936755,38.2439725656728
0.113609523428307,561.02752480958,0.892850086318287,311.525628978464,247804,3.69156895829151,81.1568886904723,1.06704468562092,19.5339586693835
0.170473702567178,1115.0848312339,0.828862978889404,615.122558343222,447479,3.43405493536391,27.5530701788986,0.920170153512446,86.0821053746446
0.0686834445914331,248.32764722725,1.09882577022862,392.945020852844,134566,3.58631312183127,40.4075451235559,1.02629587707976,9.30961058876873
0.446358367562549,393.462275271726,0.89412087513376,851.838867773772,205889,1.87314355908297,27.6396362743873,1.03546958586185,128.709776868346
0.300860302241484,748.529654698931,0.747822839176789,730.838274868791,449400,1.9068693831994,39.2435177456268,1.01157455199783,99.6707448604338
0.3427601363808,763.820075113559,0.90440611939333,145.433221957833,448232,2.7225683286953,29.6079633014585,1.08716767747512,36.0473762091959
0.396693906917596,752.709556436688,0.685109893151545,643.329627386487,343171,1.38343122826783,62.621278088969,1.02039814338691,95.6372758538707
0.254236677475238,1038.44013098925,1.01497769435928,157.361994079629,429632,1.29845283607576,27.1154659849808,1.02691535021541,43.5800489923812
0.0525909411628376,85.8199204953992,0.801552768974344,292.283886154637,45297,1.35343781394439,60.4434324711445,1.01995200558297,0.910449521239544
0.273182205491088,726.756142567801,0.756395279068473,218.977101857517,432633,3.29191668522503,92.4130680340009,1.04440375498563,30.4276234159661
0.297552147830231,287.381383306169,1.17390524774085,214.40885174067,160989,2.59096742759158,81.1432009431107,0.927081883130779,27.4041537582442
0.375265342350322,175.92923776057,1.06612859745498,635.575748538016,89987,2.17446712262909,95.7966942738817,1.07885526470486,60.6153803655436
0.221513177652543,215.674878920412,1.07224170163436,585.424676426453,120445,2.26327751860522,41.998508031739,0.908498464583811,32.2494925249266
0.0725143483698262,363.299234133517,0.97423318156751,217.226745148341,209566,1.82913322339629,64.831436230397,1.0281487920108,6.2457467939871
0.149050193841375,282.505460232013,1.10350368630618,990.66416514751,126345,2.64602134128774,48.8934589874379,1.02309618644062,58.3049484269707
0.187910325235331,242.707242057654,1.05549748869803,450.744895749879,160963,1.81223227679987,62.0364846769026,0.941624225485331,22.3609878676358
0.326499448252485,139.389563465558,0.95926422248017,142.21586174719,68354,3.79218416919733,66.7806872188216,0.908142194736827,6.5175345207136
0.289681369287767,341.294150751571,1.17667464111103,164.540566107359,148792,1.49573005061574,27.7139597856899,0.927767079409622,20.5250132754274
0.184487395689945,506.148040009997,0.714956969810654,604.699028040265,286570,4.79296833832339,42.4942101411237,0.954334410990244,31.7751088227248
0.49339247190856,465.847520227903,1.16602783139685,980.115933214299,221485,1.35927576050913,77.8579584432998,1.07642113811181,366.875890781503
0.306829661484875,377.416814079013,0.840862897199319,593.353546538238,174013,4.7738428571195,82.9696018405225,1.071146880836,65.2855704146159
0.126241127950637,804.858623613373,0.917039390040892,951.589402785805,373480,4.33317988608163,67.7088525615627,0.91277111485321,88.3640390474599
0.0598734115839978,869.526259237307,0.673643591726585,471.926208220125,446862,3.72284848245352,45.3121770961507,0.957853601606137,11.9592923149502
0.0849009782003227,699.184596173309,0.924064463353075,464.049048469411,378638,4.64920662226193,55.3813087542055,1.07786324864981,29.0717766627413
0.130519286908409,389.3237934034,0.966724051114916,525.006991350088,166668,1.55687517406951,32.2027608911038,0.947331805688924,24.8229754231145
0.0887338728971823,841.219174725439,1.19862092508511,712.554185247777,372477,1.70525909674766,96.4884712594444,1.09919306076418,101.240108893365
0.10141784178514,139.941605014778,1.18511544664292,399.235168128766,76838,2.00861036823526,90.1508103407716,0.951368039157461,8.7463706697038
0.149696632659985,105.84415137063,1.17983837512457,870.691731045009,66028,1.97924610706356,29.9201760180598,1.0478226513342,21.573166252685
0.0949530616944299,272.658311293335,0.809032836061234,77.8173155297389,173468,2.24339308370864,37.4867999243748,0.983411834714279,1.38289267331223
0.449415058066948,644.157643214198,1.19475989924703,467.77598527702,404044,3.30252359309237,68.5820830891565,0.927248910408905,203.38719258201
0.0493145353742047,258.125834193808,0.873286890957066,535.442257480922,123928,1.11269044522042,42.4322555596912,0.951030922665761,5.21451574742928
0.267010580889425,50.5267754315194,1.11110175525714,626.680626349941,32563,2.5290903801599,95.0800523510596,1.03502361512429,12.4011330263293
0.211094445224934,122.565271878226,0.729791981411383,312.26831674757,66723,1.98554051157039,81.6692935653306,0.96741128040729,4.66309649374543
0.491365522285217,967.780816767988,0.903499907793961,456.105972436544,429514,3.42651939221089,45.4968634683312,1.0208256441201,210.504285726093
0.0648990620623456,569.271310612336,1.17960725767656,510.310862703354,317258,4.94067732420614,25.4576058392857,0.941106208553792,29.5922400450196
0.204949243532413,288.225493704658,1.16821883815406,702.564479749053,127347,3.07061844873349,84.9585543402231,0.98971619443656,66.0645008151766
0.485040512304931,624.448665056115,1.01024092669286,784.866975499023,278093,2.70274095647374,56.8067282200799,1.00244915605685,280.488485126325
0.43409849168805,461.355769723919,1.07868859353184,750.935960976598,264262,2.47297418058046,73.1783283893333,0.982556912662865,195.525188736141
0.410365314765147,731.194090867766,0.705856017961441,374.503899675106,328063,4.13979687551943,46.5231119065973,0.939583606270119,60.3140887382192
0.136372385252021,263.799066267614,1.03299512969049,999.477996842365,117360,1.28792372660291,35.7154944518628,0.992310704921348,39.1957722868103
0.0937349178211322,820.339537861105,0.970830485001223,856.23204619782,432337,4.83908205784049,75.6483693839309,1.03858011210781,82.1974586922502
0.337635177762971,265.756582661338,0.654931041450748,297.022204487721,155375,2.67167154395218,58.7743441109994,1.09298113256517,14.0452923307873
0.465394234672517,702.132882731642,0.667895403953806,235.350515389186,347372,2.25480290330045,42.6377275802486,1.05790432409559,40.5528391419059
0.282813817576826,21.9039625810498,0.665066170650757,348.320188054221,9046,4.89627246559881,35.3220999674652,0.932294096303809,1.0501754287363
0.290090217840251,400.014185828569,1.0346141608979,479.727610349663,186956,4.7435154529728,68.5359695831225,0.954540369960708,69.9497010385283
0.147189755893539,295.275839598705,0.685029124948543,858.259409403633,176503,3.56773655906288,79.4162455155681,0.91576477909067,18.8732199979698
0.387051537264049,594.144252155539,0.880639362668682,789.444150604808,272199,1.07402949940161,46.2915221592336,0.927129904852016,127.633270013313
0.101651436793186,71.875036902476,0.814189083526655,858.683817330582,37295,3.99413990482629,80.1356901510343,0.95013659297369,4.74698468872266
0.168602825838079,826.731136903442,0.930302484462131,308.359259164812,395276,2.34222960016801,38.7341649049579,0.939905473259644,37.4859441133243
0.218463854922044,245.014270849054,1.02388589233164,613.788161329244,109672,2.55312092341704,50.3811768321332,0.942729850153327,36.5581901172749
0.258729085555383,682.748790481858,1.0108335223328,319.086609163506,338842,1.63496851590955,80.8661715099967,0.946154045287858,63.9742576568372
0.128780768883389,929.765702935479,0.909311949548626,153.572002683518,401803,3.0938323354596,74.5107639735309,0.960135739156722,16.5993036265764
0.0662700441222097,625.263470441375,0.878600924166231,699.987856300947,281377,3.97821038481506,45.2892720177934,0.925117213725352,24.0016921541695
0.3092038207964,784.059802218202,0.838689357073355,185.847673635667,370701,2.09204447237227,34.16012511602,0.955566996763659,31.7096378435751
0.151428971087725,546.854834515151,1.11714596898263,684.312873621148,331268,4.7549316321735,28.1855068710431,1.03768236545641,85.7718857295638
0.29480672849708,416.754344928622,0.798511082923587,665.566089660139,178409,1.77894742401182,87.8436384939464,0.947280199965092,56.5822619477796
0.0856377304843591,985.618553837689,0.755619492700497,819.736022202816,404621,1.26504936237773,30.6356462175895,0.934367685530538,36.9520913903125
0.245758649908861,242.362508370709,1.04598929619316,182.576874335386,148056,3.5774554933996,33.6133864154791,0.913539132436892,13.1591441966132
0.270968821950277,568.706551457491,0.815858077018036,794.30614108337,286035,4.39727492752019,42.82829727065,0.999994297239408,96.1721994534398
0.0353935330429892,655.984591872868,1.10819915985436,999.312699648925,372954,4.81253143723005,58.4252278179886,1.06839654557446,34.8733089830439
0.174936096315021,428.582626218292,0.796733231182287,858.490326156607,190099,4.06868404206608,84.2340310177372,0.911803328852748,46.1840858607172
0.0758631917000974,337.867656673231,1.02116689474475,764.221472511283,152081,1.79860004602429,43.561024445583,1.00846520544763,20.4957132203338
0.0410537355316562,377.754727146994,0.627065403771202,679.057086959972,230214,4.91064473921492,65.7631186269814,1.0301237830845,5.10365238603411
0.495080513871073,972.593986418496,0.831337728066192,450.692410451158,409164,4.67774350411537,31.7779391537532,1.01849233135577,183.200663486668
0.167953384037614,781.704584914754,0.805938104980531,743.975159497022,465031,1.65266969104979,59.8383253852394,1.07552464071317,74.2077366630303
0.406838478468771,627.144822224857,1.09000724356555,737.969133383431,272997,3.2351433076613,38.3229245032981,1.07327911604171,263.980207498367
0.134773920834244,647.901401622763,1.18023324193699,649.923368552924,331072,3.22206970372392,40.8393669167924,0.911461518505692,81.7329291172187
0.343936333889725,825.892756258198,0.876528766015777,806.464459382937,451734,2.77013911251788,52.5121325581697,0.972188793844737,198.916317281194
0.382511651345946,83.200496765416,1.09490176629225,476.325694005493,50174,4.93712532103875,82.1010774025643,1.03416596609955,24.9670137698892
0.301862982897844,194.789018417719,1.01981682057442,165.190076525771,116807,1.23848894872088,80.7989822425176,1.09048893109851,11.7695691083188
0.241072332389578,766.911217265152,1.18043159259822,581.114341228776,354741,3.50883563377434,56.122973236399,1.06093695929061,185.942071281781
0.211802047932162,844.877790923223,1.08666510860569,301.791352275775,412049,1.82121449071524,33.9003365644306,0.935317862106764,66.0430622027568
0.180945450606068,695.319892674174,0.646486839578238,415.211442557693,428658,3.10932481892384,46.051871501796,0.95584176754946,23.6222374745707
0.465469280681435,335.663707275912,1.02796903342934,66.5441587441647,208138,4.11896308715007,62.9016832397604,1.05271877272475,13.7216766360453
0.417003509815987,71.6659159981438,0.921299829253424,413.651058521989,45580,1.98690721267419,90.2058834021342,0.994294969454535,11.4881838782819
0.482863186226591,492.401475683166,0.609861634759396,818.361050828682,219453,2.57343818593259,97.6190961109998,1.00946048840443,84.8854112297561
0.0709056395079169,256.879137850189,0.750787775235266,565.586248591342,116136,4.8030722971216,72.8103201267935,1.02179596403514,7.32073078728793
0.368125062849786,228.00936297896,1.15305314701614,59.3105005872725,146307,4.04592295088124,51.3014867873051,0.920658303545148,7.31132498096599
0.469786823842309,796.010066947798,1.15563682367205,496.351629227855,386362,3.29089273804734,77.0090090270784,1.07119240668665,322.748867090923
0.0988042024211735,61.3079510940292,1.07931027612038,326.879065263137,38688,1.88798955122687,50.2172601865449,1.07262688787535,2.65779375359166
0.042583171009721,995.061810438589,1.18906776196679,503.673122627313,413963,2.70122174991033,71.9105090062455,0.993647888825673,34.648542104898
0.373149118152129,516.102824494155,1.08392713477452,434.458085375483,214407,4.09624527619969,43.2824928771757,1.02536904370013,120.675344790559
0.291491825458157,656.031860547871,0.606122512371147,935.380258579512,298436,4.2821723124399,45.0241525923533,1.0319808240051,80.0474620881363
0.422496100611553,110.964176510955,0.772700604180907,89.118434014865,45736,1.9784247925696,30.6419191780842,0.937944516945977,2.36536910150409
0.0784884645468819,391.426079076315,0.618374509342658,699.408610717836,169342,3.64824084166808,56.5105864159881,0.922516965693256,8.70272205380113
0.399680982811346,106.553925234422,0.656464781242536,858.475266486654,45760,1.3800119684936,71.3630890071751,0.90413458928075,15.1727686491734
0.108797386823395,995.13830134038,0.731304490170466,961.276655417952,480811,1.09284922980186,84.1596207857966,1.08257636535552,62.0090503049859
0.0901914120041952,729.330049660449,0.902135127795313,218.754415217081,403824,3.19469569373208,85.776140862827,0.969142657788938,12.9849796988024
0.0904902409861865,395.707050760874,1.10851920207721,554.739561867884,230357,1.89751941712171,99.4333337130373,0.917166187002201,26.6248831416063
0.409141612913377,205.700696881077,1.11718005369426,91.4100984513513,112577,1.31564812496853,31.5816794377721,0.993159995699594,9.56406547811567
0.335946638141138,993.571024288424,0.969721115134378,524.224348232334,466795,3.91931325158092,61.9852576334372,0.915125022669235,175.406493415213
0.266302058136868,289.292638498357,1.15690556343974,169.185185063933,172954,2.99189835345858,64.103093155181,0.917050150561391,19.035971935756
0.185826937220516,143.03196908595,0.900037395954125,846.001840963778,81331,4.1851080438338,85.3400069783419,0.997777069140905,22.5377731228898
0.439828264998423,555.030556464714,1.13342162647992,158.176502475097,282019,3.65577695872223,44.9768886691635,1.00176733194333,57.9959946739245
0.202298102637091,817.902595698101,0.872439153799207,537.62394236717,471944,3.91921975966196,30.20292399546,1.01602861706558,75.42592787148
0.410133725341073,6.08004172254345,0.766335004453129,545.041265543116,2911,2.2294423251836,48.5319107701315,1.03126229600172,0.906181029231185
0.225176105199407,290.354644433751,1.14984775086026,973.067973035025,119824,2.05310330273295,98.7945871798196,1.03365347403582,100.631809304473
0.194702770418205,1054.99686607336,0.832761045407322,672.231659336944,469286,3.40349956838104,92.458089836844,0.986599337510304,115.902523452965
0.236713094978107,187.11859951727,0.902042465306677,323.448278422962,86372,1.80032856159234,54.6435220709989,1.02870661170748,12.8651564942064
0.15767515834043,119.773146640875,0.797316379518406,278.759344441232,57508,4.26164846252808,90.7203999058795,0.960947951242903,4.01332442320152
0.376328596286363,567.604850894805,0.997702560174438,171.835795362812,285523,3.09168067589695,27.4565863087494,0.988261638231028,42.2067945106637
0.256332991145315,727.010217334116,1.19701873500362,768.688987846607,431060,1.90795972939104,48.565305809815,0.978665409706456,213.317298066561
0.12378422062194,572.522586262544,0.615308129318862,706.218823373222,239078,3.50067292931963,79.5108885990658,0.965822000243727,21.2240767932583
0.450791540904539,869.525971368959,1.13990880360426,629.383270942701,497288,4.78014294033447,41.6089188262629,0.947714165122193,357.4952994326
0.198106698472874,540.89702665096,0.602355634193559,88.7984208024889,339907,1.3283789063631,39.879321361548,0.915691800108175,3.2833078435205
0.276340901945854,85.417326249059,0.818536728687727,774.68742307458,37963,1.43738082925401,89.635565947328,1.00118209555714,12.8996057093636
0.454171334372628,831.815766014815,0.701164083773709,659.793198291055,496424,4.37535658745336,71.1965470807558,1.00745763724118,154.807735410119
0.315876617997856,382.875735850153,1.05440506840353,965.694424704964,204539,1.43837509826749,99.1767038734027,0.967231008820411,141.269980761292
0.0672800399470984,220.705739634214,0.630366504454304,607.842023382971,144414,1.15750147741195,35.1002257209361,1.09516877260709,3.99813204690546
0.470517740570603,457.367315922835,0.932090972150597,338.754311328623,279382,2.39172232418589,51.709630542486,1.01139224206129,70.774485624033
0.317576946004995,255.747501758022,0.776955680307188,412.444524579854,152849,2.86682353968639,48.3410028852763,1.07780210378305,24.9338096701184
0.174103751181972,68.6147718591483,0.680202149318821,217.048670109321,44142,3.27777774676276,91.0099178289182,1.01401706190432,1.58025440505566
0.0782433156050597,3.69219670973831,1.06309092726158,736.768473091316,1712,3.029200930257,44.1472390032258,0.937983170594332,0.241597435084066
0.399072342742445,526.626010721866,0.730450100553154,722.335577020639,225342,4.65273825063245,51.5095748255628,1.09492450792038,103.738390526737
0.313835650404972,784.160462527751,0.734205127232963,240.617514703792,418595,4.07467240156655,35.7125406756571,1.07706700208981,38.2564707085153
0.271395935068398,680.517999580286,0.765046071082754,200.564857023165,286585,4.93524102344684,83.155073698689,0.994254735687535,28.176577558294
0.448007365694969,855.996515383112,0.952060058296816,123.154686542085,499605,2.90582169290129,42.827746296914,0.948611578361463,45.0337268406366
0.39641263350002,263.104474090423,0.995799559014449,916.376956497671,144136,1.33731843935672,30.1240204174165,0.94453392325297,96.2788672667168
0.0843206910690481,232.666426956764,0.610561514220807,271.416342010109,140947,4.8221225717715,57.6331549518173,1.06120408543325,2.61005799378932
0.162743813219819,171.160935458244,0.745121781668274,376.955350414214,80715,1.01645264635639,54.3593592971151,0.913823722290252,5.59546714204649
0.131759678509088,159.09383338665,0.85858250550317,316.479282958616,82867,4.10438405535619,38.3206903229032,1.02761207628271,5.49975917551661
0.374533683360612,302.850409869219,0.79918617129674,442.943372480251,143308,1.12512812308672,35.0198169922012,1.02802698470837,33.1169435095302
0.0264308930205319,897.041332701779,1.13050239510653,728.346359413359,396627,4.04485676260655,92.2417910037446,0.936490909545162,24.7352681721897
0.289245945586945,926.648232281493,1.07262523853185,877.06585203997,452973,4.75175575939222,30.0883364913423,1.04098247368693,336.632364820117
0.383604756012938,1037.36660450911,0.975534129323296,223.468812052113,487569,2.55704118932419,32.448321752224,1.0410812578391,89.6063614438987
0.439615162013257,284.70998475647,0.802825449598224,702.091726554107,116912,1.96385940487887,43.3785460853804,0.970006173488277,59.500056635621
0.177620056870795,792.969977617671,1.0204034069077,384.934035130361,440768,1.90511661004732,96.4629392242377,0.996675182543398,62.2087326905448
0.412416079289286,306.388357922937,1.10618280770748,981.500809882428,164799,2.96687057660081,31.4038187139891,1.0665527102298,170.071074389936
0.0642095511080515,127.089926549477,0.956898226415392,333.973201319873,57307,1.68354814302717,86.2011120057162,1.00463065469345,2.75685941383218
0.424761622949914,918.719816608032,1.07067688013603,56.833308207467,435143,3.69169452263885,91.903911498912,1.023631420197,31.8790455654572
0.0724694445426714,534.473411864822,1.04946297683985,539.857975318853,318417,2.4734094299535,53.3400806088164,0.982553930097256,23.0167034091508
0.20467077237458,156.095456192873,0.943042386696193,193.194530062141,83200,2.29243796961304,47.0420799873882,0.92991981783298,5.61345437551075
0.400674729231981,424.041542096192,0.787309930092907,92.2697054774791,215486,2.84514230502583,75.8033296193056,1.09961332632682,12.4632385844191
0.0834595394008991,277.046648602195,1.04746929480076,713.355770350323,144341,3.17035000975901,77.6975950457667,1.00630730405652,22.732354272509
0.122333183663994,618.714469110812,0.724077819814564,745.646318383034,368661,1.56772104903518,83.4982872118117,0.967289292284102,32.574418762662
0.363903758512602,550.963860508433,1.06769300788292,487.664062460677,227255,3.83105345518737,87.2925085996694,1.04275746519863,141.778997667237
0.362817902907576,1119.05823779069,1.08272801528552,693.041240918748,494651,4.5317883996213,45.1296592009255,1.0241643533323,402.524101779033
0.324162340113796,56.106053097798,1.09328692774222,561.327475834777,28317,2.11194766480473,76.5221201414987,0.946581656059871,12.7711702296257
0.350034737788879,388.38223231492,0.883749582587074,648.311052335835,178152,1.72156360731794,35.1179293213507,1.07538509987951,78.3157268618539
0.275934977240322,578.86705227522,0.715488460662253,616.868774528563,241468,4.04202169487625,63.3048498658115,0.914180587384247,54.3357023783767
0.133381538864407,412.420599020227,0.659834160039641,682.531625852813,252064,1.7341668950626,70.9665187384446,1.02113965036718,18.0913933109856
0.179391036816921,277.700185240763,1.04601675029275,239.649116239513,158652,1.16502064145183,37.1298952507411,0.995577698295667,13.640157172266
0.0989828812326986,745.363300812725,1.13175683071789,305.271289034865,364891,3.47697288153112,30.7379904789656,0.963639682757064,30.2899282887507
0.455140775053478,1005.81473845629,0.990503015302144,467.964992032307,437499,1.9590056652214,39.6059714707145,1.06527602565205,236.479541192002
0.295861979435399,721.150309273057,0.686496036233022,473.821608948227,469421,1.68724163571424,56.5441560889275,1.03125541485785,52.6122595683885
0.206417194214184,1000.41843784638,1.16093786911054,785.691126007559,402742,4.92641096685803,91.5880733361531,1.05189989937552,302.066134410432
0.236382843785625,831.695465130287,1.19346120872359,399.023976268055,425440,2.16745993359891,64.8935818401045,0.982931748528904,116.643296616813
0.47416883640979,512.630928554503,0.860027165960953,204.379898256223,275722,4.61377316086214,81.1369668800493,1.0884796662613,49.3809024470078
0.0851421875268793,740.608527035929,0.956895173564263,288.892671966522,413119,1.71287506355442,38.0608396218585,0.9689446845438,17.3475112539295
0.297252617688231,255.25233136796,1.06633711200099,253.996827265017,152448,4.27590852824974,32.9483648541419,1.00620898489113,24.3994642263327
0.257885452653388,457.950421534486,1.04183387403003,745.077018293221,199841,3.00807549219393,42.971301822418,1.08673002236231,120.24403535738
0.309612575362977,390.752154763529,1.18067231516007,496.822633894683,159139,1.31437907646398,48.5410309592769,0.916637791577122,81.6081744982725
0.0188739900722118,448.225356348418,0.668929854647273,723.199163072434,234226,3.93442117457429,66.107651411665,0.921762087433392,2.95882684316206
0.437340715382634,351.9321793799,0.948434919685683,445.408696719746,143504,4.56829348693912,91.0932490273331,1.09883755326469,86.2734255443935
0.46673795841697,1117.38646439386,1.01515885180386,895.24882237871,480845,1.65206796134209,56.9569462583024,1.09427823139113,591.424538947873
0.286915259958712,311.240961586677,1.1340590545126,984.344292336598,157109,3.9023609693447,63.9098640883728,1.05434032116743,141.369650260051
0.351358903699677,108.536082966693,1.12446577663089,686.350383267481,49924,2.7802100762925,25.346015198869,0.996837655214233,34.4795466145087
0.462024696776875,510.60749516786,1.18679987613677,870.621929374408,263882,4.01548181302687,27.4984047168465,1.00121216972729,334.831995950427
0.356546930813565,60.7158707550046,0.907247072362607,532.53660381346,29492,3.85571179274122,31.2826899945661,0.951442574707487,9.58167278004684
0.0847441310279881,87.5014403332962,1.09845652008794,937.889798336212,56161,1.10640092185202,77.4245564109272,0.986546207227065,8.86983926870586
0.292381296481738,242.632207433826,0.856369024876397,840.007161389187,110475,1.71488414386862,61.4643526578938,0.986269875573267,47.4219633617826
0.307290372727599,361.359375842548,0.853388326713619,992.189643177737,232711,2.8841089717291,39.4720898898894,0.907218003785348,79.0368057248599
0.217824028938169,503.252313791373,0.752009018683715,641.939048561392,217192,4.73437668764832,69.4449579017364,0.990631641606734,49.8197921201154
0.370857675456114,930.088044289908,1.09094237221154,790.246403254817,400047,2.36829382701921,65.8459113864277,0.995958881703493,361.001059937416
0.467839837236817,642.715122241224,1.19148906348811,565.724732979303,369998,3.51549388112073,31.6599476357497,1.03315663484597,282.760270317438
0.46352857132432,389.776917179125,0.753805037008355,296.164099057852,213733,1.04833498205772,73.030957953786,1.00329058267754,32.0251650356323
0.230911291988025,331.905151995328,0.633678952812643,387.01741257327,167518,3.84450768618778,82.5366154472883,1.07233658647504,15.3374090662527
0.0654866424619701,333.197475843896,1.0893254624514,899.30514399475,158918,3.41227305101122,46.4915805781823,0.973512365048365,25.5965732269257
0.492572187491544,692.106234314383,0.972138031520854,103.15054926869,387224,3.86157898646306,76.5616646495731,0.98194351824112,38.7504758129285
0.421060062358508,56.4636531425879,1.1758192803306,611.905891770688,26984,4.61864245209978,39.9789637756588,1.01429650273121,23.6854051544074
0.0710847137896008,13.3000287677504,0.751343531446171,403.859830878903,7398,1.58599573247124,81.7546610283809,0.940544544902256,0.234967468542705
0.461212522482512,619.049530699698,0.642616594800769,417.357911105278,397977,2.04635838403227,93.383062684204,0.978699617116444,55.545125771058
0.436249217410443,359.24832705461,0.895465356519901,890.342646093079,239096,4.98312356867257,58.1400342851235,1.03723349435067,140.362549209145
0.264230647991775,106.170725499513,0.651279613779088,861.131255818915,66309,1.62513583403851,43.3466558658713,0.982361747854961,10.6072372273562
0.299724963515015,271.739443752344,0.757074000661624,618.900256793845,118547,3.88250802610411,54.9382526648275,1.08132330200199,37.8903537387969
0.205511324896364,1147.8146495906,0.675586716491501,309.272905034117,466320,3.90030364204361,43.7558104491788,1.02306010418809,39.781372703816
0.0368332030227954,828.387353341402,0.734479307796047,501.683528853923,429892,3.73197498494228,25.0929531824782,0.930753549984273,8.72600132820205
0.174246648406491,714.871124638211,0.663686791692835,437.878724099755,355183,1.90976235725831,73.7842458853334,0.997488868197872,26.2411296711723
0.403398189813026,397.927923093212,1.17234359965637,385.937127742371,241630,1.86053625285548,28.1894981471648,1.05295574911915,93.0638102680521
0.0122696912722554,534.584913825262,0.767137628069841,147.646299629432,260642,3.66536427213915,40.7793055162923,1.02866903306131,0.647331594664186
0.173414594128661,802.011028998996,0.866338551595539,565.958192379554,487647,1.74500073783686,79.1837167097366,1.07705271473442,73.7287362405842
0.205102659859562,1019.54762482254,1.13916708458053,336.739732980759,482920,3.64625332696215,74.9293760436838,1.04999657930452,112.306982450768
0.273323845439582,263.811471480449,1.00639295277688,677.767545781152,108419,2.97011312810127,30.4996684034624,0.912322754521977,50.0452894454046
0.460729252042253,688.014421035355,0.970822488337065,353.243739034254,405741,2.54651547059754,74.5041055809308,0.922502529847631,107.201566840011
0.179709537239321,225.151983104109,1.0233379142165,459.605318478062,99424,2.20092939751178,94.7931167181837,1.02994973975422,22.9685627937028
0.180007068929152,163.860303086225,1.09729335426323,99.7423554846872,107555,4.79030773329247,30.5876851763637,0.947681591702388,3.88703048880554
0.371375611573777,634.613877043238,1.12660156071106,992.911166410204,338371,3.03237463097115,56.1766170757477,1.01756698052785,329.819170378598
0.231586791036006,327.134968197837,0.985583802399016,532.229864111417,203095,3.24500785004385,79.7075417585606,1.0584435184188,46.75564234134
0.120056363240591,862.959012188382,1.13400436481643,73.0257144559642,465841,4.79702433874714,75.0792252383435,1.01538631756141,11.8505498391512
0.23169536290502,76.0036792053999,0.921238516455286,564.169125823087,45415,3.61550927238853,41.9882906852124,0.983097714001258,9.42886636400908
0.0790199399861019,480.03627702398,0.766374513761054,876.836299340367,256251,4.83141171102731,37.230045812253,1.02925406222254,23.9815063359478
0.0964296233880494,880.800678325851,1.12804602533031,783.924527552893,459343,1.42546696209079,83.8185253030699,0.928723888854926,86.5055397134755
0.254200208642345,814.142677938761,0.924883696447852,715.861349922981,452153,4.38655852708962,96.7183491429097,1.04464159910066,166.496916032584
0.215273470257228,170.60604917892,1.14368255254034,182.491421869083,79108,2.34165851209236,82.5687600657122,1.0394050227424,10.4972453689294
0.458274491523369,444.952672533179,0.624100688370349,674.850225038099,183952,4.24195010028136,97.2403361648313,1.00288067299046,67.3646315040759
0.18757301056715,589.074331440936,0.838509450924741,777.983459111647,309942,4.42254649677991,70.3746568102782,0.955762699002635,67.5093942159656
0.294488291636241,136.297933136185,1.16868301101748,593.798110767222,80538,2.08595154457022,94.6824145518938,1.05951275732595,39.4219766569213
0.31980950108057,857.107726768217,0.749790055654982,898.111554294334,484044,2.63532246606192,76.7826770908665,1.0021100606456,155.397202850262
0.0164162837282835,1076.86121671665,1.1649217476231,313.140292695641,457460,3.90405741725962,93.1663562650815,0.911835381171894,8.46527279615401
0.335133312288188,174.65580178946,1.17234147667755,280.037464752288,84308,1.39622252358788,37.1191725977193,1.08372251036813,25.6688315777084
0.0972376237661782,120.147158001456,1.12928538853552,876.091257695514,61456,4.02213413735736,86.1673911807962,1.05354328729738,16.9515836939188
0.480924455560033,71.9538545187764,0.938200827055979,644.12833084188,43618,1.44189170421898,39.7559350715089,1.01696102953654,19.8425608157108
0.0828447365990253,886.761326280664,0.988163669448383,51.3748594949494,454813,4.65782292907223,27.0571826459468,0.98736510345658,4.11665576340455
0.213165820626242,173.612832383741,1.12177019906992,385.4748380855,97618,2.10535717318541,63.8189600532222,1.09197993960834,21.4316582919737
0.0518213373585355,509.951667024318,1.06553824943351,864.963186523941,208726,3.30239738746942,48.8688835421383,1.05500411485308,30.6164277389594
0.498468383404514,536.360941006023,0.978056309673247,75.9535360596561,224977,1.46861400030509,28.2648521341013,1.00699861345737,20.2999056654562
0.256075555062309,475.023459612069,1.18935564472242,53.0855318484334,299907,2.07797261864991,98.522828404612,1.03063077903678,10.8117118124475
0.301738658486821,74.2047817908567,1.01140598180022,317.196325998873,36796,2.61582017394842,74.9849571617495,0.95615008034596,8.11835102880822
0.0428674739203295,196.918860257191,1.18528919546866,918.300035158814,114152,2.94819550673206,92.6359129911699,0.939143188549777,12.3509773786687
0.377480630495597,890.066719179668,0.634433084764254,906.403702396516,465814,1.0002699905863,99.9311939403961,0.954663909460816,130.767833158759
0.112853740616837,1079.79491506164,0.683376222445327,542.823848511433,454297,4.55462304952187,54.3975052503319,0.958627219856545,37.6549833509686
0.45004660182595,792.482435301716,0.870875307600294,575.575027582641,390864,1.03069923823551,44.1052771550586,1.04794769012774,162.76005869166
0.110518423836184,19.5912535484931,0.830927676530589,365.407610751329,10681,4.0947382519777,38.7913294515122,0.928012208143847,0.564076339593642
0.103436983125197,280.394278423542,1.06964090481422,281.549828926419,164176,2.88231564942548,63.6390330843507,1.05551744034354,11.4190443258304
0.0279093372455665,723.111720204149,0.696368415881522,824.460761501512,314352,3.09552009960551,70.4560583126618,1.00467906267224,9.23784747933929
0.2413128031039,293.863331885196,1.18565710746689,150.980117474659,138320,1.83306191733816,60.4317052024394,0.97691462087536,16.7371818869478
0.286772155298682,895.241488900526,0.789039525156548,512.986652334704,454884,3.42947340138282,54.0439011134262,0.960079221918738,86.0594964848259
0.0421972333198927,544.976677808615,0.857354224644096,652.67739652223,317311,3.14892763667781,37.6204422594346,1.00264012090935,11.8558131479311
0.390008532180555,67.6488405252892,0.764847019464014,148.496275852478,36881,1.65694562648118,58.1394717857968,0.96350369252601,2.40839794605804
0.232111529026534,1118.23006273477,0.947618170395928,543.626740698729,454594,1.95247600539688,31.3932352809299,0.985890398485797,129.706545899077
0.266951231970514,967.473593457812,0.63517722025355,598.645223516821,478926,1.26761451604983,89.8785819165694,1.04780305793647,70.8661399424027
0.225973745999732,75.6060160092941,0.689806503342269,755.371257481997,39778,1.26513428835781,28.517698907347,1.02519970127063,6.55673745512138
0.20637389982891,539.008144748096,1.04747862205123,273.094246690156,266648,1.05510314380971,53.5484546298666,1.04959647529464,35.21152211268
0.284223762341027,347.269989540476,0.711900350042882,328.66112812622,152379,1.88189730193234,32.5103401782226,1.04259473792862,17.9865532048869
0.0860677205060491,362.551143432351,0.741308670933998,591.045089301382,197027,3.71864490958822,83.1235374600309,1.06301449866458,12.8247941010824
0.0991447839426828,152.167995038057,1.0757893414349,983.970089482533,90646,2.26486155256943,48.4552734120945,0.940337991941343,17.1458673808587
0.432274954296623,603.501438942184,0.655980707014352,256.618523679109,289458,2.37093707946951,33.4829209489416,1.09902459989466,33.0839297089186
0.47359657644548,1037.20205209874,0.862484293662505,986.608635767291,479032,1.52762157302178,64.8618474148385,0.995154089974313,378.604034554325
0.192921564977079,557.677956439652,0.613838032198336,728.625406401757,252033,3.30188267062568,93.7207755422155,1.04364658761617,35.9084109618158
0.142664889840341,100.934342171124,0.808084439590742,834.777966148522,42374,2.36857456618695,93.1483653339402,1.03555003260026,10.0490432801555
0.325559776187118,580.776894753608,1.01938884156645,135.159204824522,310381,3.70526721372086,43.7238280849592,1.01323001692341,31.131806948957
0.210279743838067,269.024930983904,0.654061967830337,335.399178059101,170771,3.96583787537021,78.9744756970175,1.09916324372117,11.0492277406381
0.022439314273569,1052.43623709249,1.13300077606726,104.849465668432,428107,3.33877150099353,27.2713144630743,0.943463169927377,3.06245291833503
0.0865147727094333,421.646839036336,1.14569942576443,402.969645253016,217904,2.10427814724815,34.8888847377568,0.984345773455806,18.5559898902013
0.360826392135225,206.43795789299,0.662994225075081,982.225176924049,97227,3.03443119734902,62.4604277735335,0.925546111845086,34.414891353492
0.332872731535974,208.747347241965,1.19443946182547,150.009409096022,96361,2.00772321872921,42.1567325866264,0.93636709439651,15.1721817013759
0.0232770363267069,787.117823558405,0.778517732037293,584.25414325264,384614,4.61165134141567,84.8696390470104,1.04259281271535,8.39391317769048
0.118766359347145,227.699627430625,0.650461002678964,55.7670916731217,133528,4.06554300033023,94.8304129039496,0.900968535752656,0.703688311093567
0.123226650328155,865.636659787081,0.603040268698357,727.04867524186,383850,2.97202362402227,25.3249987362087,1.07796413027393,32.3155616119879
0.339227444363377,238.984318558383,0.845113737458318,237.333057753439,103737,4.86182857271259,42.4686872200735,1.02663689665373,15.9046984910012
0.0196581634996384,331.598669629123,0.977885991423671,173.105310268525,161521,3.18702178692075,57.9665009557171,0.988181010743266,1.24808737359874
0.0610132051724412,463.887570418911,0.799307549941988,370.166921552748,233278,2.31414190782779,67.2309466264291,0.966272221449385,7.0230581305743
0.401958881832863,761.22201376323,1.10203041928477,782.492083042033,471655,1.38186920317619,93.6927083194076,0.925254809719983,295.150673723473
0.0974868844066235,738.01693344924,1.02996376533903,151.28243199565,465934,3.17498257925365,91.891261788647,1.08431251729078,15.3432074172156
0.329845592847419,191.736004288241,0.81009691918082,268.347046008761,104229,4.44166644632538,72.7877574600974,1.04246446500705,14.6009258268436
0.126709562712896,325.501407300407,1.04058579996516,58.0412005364441,179751,4.46687491262579,44.3041010562913,0.967278599785208,2.75908419546761
0.0587262824520791,185.373744870275,1.16429264218155,969.994119560837,75550,3.41826826673099,83.7465857408771,0.914187235888124,15.6899173723948
0.129154373589733,583.426789107675,0.65585759912581,612.538319989421,255483,2.57375345293685,40.1988828465424,0.965136566308204,20.5407255863748
0.363910796609273,498.577484998944,0.78366237609457,733.904654565465,230831,3.60118523236272,97.3879243072613,0.936926858961817,91.8193057914902
0.42929126937208,908.910111140651,0.877995563470016,668.814012598214,450480,4.04856141823616,25.4379936800498,1.05725466264624,240.674248741201
0.416807733637826,775.447619617636,0.898794076652861,187.146330926191,465073,2.6464991375765,67.7327877930926,1.04391973695127,58.3511927771574
0.204619929513043,476.855063728256,0.925317386931644,615.192942044294,192400,2.9050166768597,31.6297935191221,0.999632125464585,57.5882645090029
0.337361716919617,461.966902110328,0.780376143923189,174.844815384199,246377,3.72246522951177,55.5699647636516,1.0771682206182,21.4263759264216
0.110442304753752,720.259407380109,1.00035578758941,431.174631264971,448222,4.50661042441099,72.6200155232813,0.936136137627817,39.0223152470347
0.153642387827896,804.593556768298,0.987050702117898,590.514979129028,403548,4.1640415125691,76.7198871693937,0.990393117086699,86.5042948076921
0.449204551075349,6.70417038479535,0.946692903762968,580.937058397048,2824,1.08956547728139,83.9177102255451,1.04212406079282,1.80803310370254
0.0163709425202607,383.661536895635,0.668257033026526,163.119754683604,160710,1.49748937513835,69.4995777073578,0.913560469943736,0.448925148129043
0.0518991801186894,319.516407438877,0.886180734657567,82.7141711641961,211465,4.41111272114209,43.8489513464496,0.974535472178942,1.25403938733976
0.111864265021553,275.922604374115,0.813736132493625,808.322598180123,115628,4.33529131218013,91.6939932201154,1.01433296043644,21.222927415921
0.0230007798981717,178.186511501441,0.894623081902874,739.626315146205,100586,2.55522713259484,85.8330559760266,0.973360707747405,2.73875917598516
0.0989033631940007,30.5547573142291,1.15311986130902,127.727959336501,19854,3.33711168943066,37.0039238280138,0.99603979785455,0.55207054668399
0.295690364875149,756.087074248201,0.888318805895045,171.044742861476,322042,4.62337992971459,86.9883388155887,1.02162366987341,37.7949418808579
0.216498029790324,312.011500856396,0.608388475103707,897.954587570139,131992,4.64623472402839,97.9483386932861,0.973678122835917,26.9081142989121
0.447409138427718,56.8518831164044,0.863302042850479,780.672456540691,27121,4.13237138304356,72.7914337605938,0.921202871184494,16.4582693120169
0.410547345251836,241.16951975576,1.09238890802963,996.35228140584,116258,1.83835575343872,46.135391733542,0.927888899468426,114.595991595359
0.177490502331959,927.919762963445,1.0680365539309,291.288076744771,401155,3.92113122941578,70.4945373455061,1.00540079391084,65.8080374793185
0.137117482381333,973.723234332439,0.908034044116909,513.412839425374,425893,1.40439372938823,50.6901301861224,0.934948005126379,54.2975096328125
0.196049280001961,578.525029846807,0.749861407715589,274.636597259238,242050,4.57575383781828,75.695985298173,1.07796673442878,23.5236517307698
0.299244521832256,428.242119770177,0.879053197748727,641.660131553444,208619,1.59659521431486,65.8599969591905,1.06683713702477,75.5325194628091
0.141351184003209,1206.55357834461,0.938221331650915,159.643527136752,488949,3.6493945604458,94.7117959067313,0.969806413801203,27.1442478475295
0.315832964846076,252.313017817573,1.19992286296448,170.881014105881,101081,3.44097309700939,71.3431407400602,1.06619743439899,24.3102543396746
0.210611709573708,175.336894578892,0.986506854101626,118.293496834867,108464,4.10759862351833,41.0486262795377,1.00663756606822,5.23060634088054
0.28050311861747,344.541795988536,1.01655895803757,708.906778150959,146642,3.20631000943382,79.3832405006413,0.931810185720588,75.7374236857961
0.223701999276305,174.396499809223,0.894872486140831,519.368948561546,87206,1.23826630150293,47.5658738395661,1.02284237090826,17.8535618415573
0.15428822217554,359.209536877473,0.812693730469518,636.844655536898,190303,3.8233850161766,45.4293214711603,1.03589022344328,27.7310617348119
0.474742120411457,962.519228657746,1.08777179018832,885.335994259891,455507,2.53261823534107,54.3832469180878,0.916778315694032,468.139579199997
0.384166839138283,479.329193604577,0.896959394603542,753.312060517591,308059,2.28114000487644,25.8997509297007,0.962890618084408,114.634630098251
0.0786554561255617,414.456615153647,1.19681407797871,488.636772258356,206561,4.96669419813494,97.685549512096,0.901076797522384,27.777434511373
0.435549308189977,1107.84840754693,0.874272344560826,985.138188974515,467271,3.36159906383891,64.9248333519024,0.963285760671225,429.665231686325
0.248841287142262,43.1501013609276,0.640800170188546,483.443296084875,25183,3.84287629307765,83.012042040472,0.96708906658385,2.54663511193246
0.448330591178105,204.058628773136,1.00954688225405,156.828139571857,105928,3.10530454774259,44.3389166783409,1.02604172535582,16.7648772214382
0.401929075414184,691.295214998866,0.627984870555487,993.02200989008,283378,4.07989058380661,80.9963598725219,0.939808655929833,122.479945219136
0.218354617189924,594.308160822041,0.750300958130822,71.6796935141049,308161,4.0082909419999,67.5377876708602,0.906018197345559,5.57213918911163
0.0210099610768575,38.5406863269416,0.812242951667942,572.389381513365,20739,3.62858446272064,56.8108130334627,0.963126906698656,0.337972442901806
0.141651906098624,392.213505172105,1.0436901513728,343.640714264724,202116,4.99097224577511,97.8001919647347,1.06512390925178,29.5902520165885
0.275400765183825,656.176748519017,0.896541555844568,528.374543466135,324928,2.83917413633255,62.0382785609804,0.979829041111565,83.9012944409051
0.320404327714812,744.783460184855,0.617187558786154,580.777304964795,349337,3.82476939319262,74.3093936417258,0.983018753966804,61.359459993897
0.136364965862269,734.914902782433,0.970109910765553,278.091101464563,319432,4.19111185121967,26.150664361741,0.99380551256932,29.365902321577
0.0782844762956838,314.21232314203,0.846861742455997,579.015817950399,160961,2.50413883837818,47.6091404873986,1.050357766162,11.6524597385657
0.419115816031657,110.465046252007,1.15310070598026,768.258056405261,47666,2.82870011021447,91.651867462005,0.996004978475714,53.6704837018913
0.492357068544741,435.47857149466,0.899737386684141,303.184345381798,214129,4.87666906556234,81.9219295837014,0.918256550507357,58.6793473957476
0.267588189328316,119.95717634049,1.0253850875636,414.254826648212,65248,1.12916406850643,65.2565527131737,0.94127995991993,14.0250876508066
0.0941228500656687,1022.57736916681,0.731321095397728,304.830558505855,473865,2.34118261584366,92.5119780334964,0.937579473398515,17.7620690808594
0.143430589994491,528.061846076973,1.05658413871899,829.531744438792,238110,2.94485184935468,61.4665384905667,1.00157266368087,80.3549481395323
0.0190114315082587,327.871898405485,1.0325731862902,738.733146249117,159312,1.00585997227676,67.4880298140832,0.905985893013045,4.65708990356592
0.458006415214645,596.784388090229,1.14244902512478,877.636615357487,383386,4.59650840402645,53.6614635398159,0.956723321702553,361.583998044997
0.0676980306161691,416.595700163622,0.62029298503152,211.547398256576,249476,2.14497760084863,71.5030027542163,1.02143898820863,2.66121421782685
0.292493073001984,277.983352226655,0.868500418570471,119.900656251764,155707,2.03081932843778,48.9251148190655,0.97093013510632,7.49316085903476
0.144287058136731,724.05260762053,1.00749324164378,163.41432866574,406172,4.28130478141497,53.9119133156768,1.04154243168376,20.7368798982313
0.281547221232739,942.63216185427,0.657098340048129,202.967416183025,433709,2.1119329140099,97.4744697405451,0.978244267371358,27.225118094618
0.329195990292413,511.426898060191,0.846362440289347,556.428527641062,336831,3.63049037560809,33.3481509849693,1.09585150567556,82.4653082385844
0.416573483816529,55.117584222205,1.16528796183972,972.366466844627,24435,4.28601257560784,32.8941508934531,1.09307125741166,36.8271038120352
0.111146423162696,500.642299142872,0.861560694534677,389.373645785943,283595,4.16990739084149,28.2487014591262,1.05996814289292,19.1818150060935
0.0153879560426554,691.21838272039,1.19124287008838,960.582855892195,381884,4.12780294970372,49.0033389820201,1.0908781056103,18.6424417760502
0.0770739587337156,140.158987758344,0.634103436647892,86.2907552397207,69115,1.35455027946094,54.8671931850943,0.940955648323533,0.377344451056952
0.451009134505572,197.51333222168,1.03069786568453,930.528592673925,115106,1.31938787028946,32.088673305216,1.05018463315927,100.16148272397
0.438206138005632,1052.42218131626,0.948609741748962,222.094976939723,441365,2.22708014294955,66.1848246525122,0.964331726663891,98.6211238009985
0.302732420063451,17.5024713237653,0.900323806279275,916.851236433381,11040,1.14379152478407,68.7476146791152,1.04505886378858,4.11707632798632
0.30425326161249,732.275785848566,1.18250844089101,103.416058609688,376611,3.00171894607706,81.3270020209996,0.97477869232664,37.9058298480301
0.335867970527665,557.783389258094,0.677790240294677,950.808475120281,237413,2.57912826508087,98.1976087461851,0.957884131948837,90.6896509983542
0.0959319265254903,473.819965872797,1.13759937100855,240.758351102918,223939,3.2281036501726,71.45141854693,1.09175901904433,17.7631727871398
0.45806185350323,8.1389683314414,1.01474424668197,337.578357069503,4541,2.19515415467876,33.3738105010709,0.941977088351168,1.24189341619931
0.215197557197116,787.281193963416,0.75539764397978,516.39522689781,409880,2.94301601196171,31.6393182434337,1.05171371892131,56.2222554113348
0.197737878842254,398.423083759602,1.14100148737938,411.684837173701,180552,2.33897906343622,83.3160147737778,1.03493443264091,52.3823646831695
0.26426967558859,669.862886254165,0.857576950716608,684.151570799992,270842,1.78083236889323,73.7750596401945,0.960695528361613,95.3729609658579
0.033013323719777,811.209410785232,1.08853639684384,976.067378887573,338973,3.59746672455126,37.1435796029921,0.991668603498456,33.3844153538167
0.0914788506904789,647.821484620944,0.83330191022844,626.105166264694,351612,3.69374360599674,44.0019979512651,0.928588619184866,27.4218286641616
0.371636472048922,1194.22602322537,1.11055849645994,735.411138964722,478035,4.316926770999,81.2680290469389,1.08424172087414,539.678810851009
0.050571347283312,400.141227647492,0.981977471067029,133.604987790416,266139,4.4990071326149,67.4616836354235,1.09362396030549,3.58351198872866
0.30554453363853,306.228660849355,0.684627980150236,646.421807616505,200460,3.81784761747166,68.8750046876904,1.04649260635027,36.1246800202514
0.130221063743847,1108.23721784463,0.989797898081717,481.157288194093,476899,3.74999234679005,40.7506503465932,1.06988406876653,80.3205805417929
0.200754850880569,546.229400563072,0.714806857621124,891.493240023647,321413,1.22670266134589,72.1793486243284,0.916523486160264,50.4839586713832
0.151459931017643,233.767338712584,0.847153576736498,418.800544660947,149777,1.43911696583269,82.7971446555441,0.976793723591278,11.0770073033636
0.184279631067825,111.359877234826,0.70217735055122,695.481436847423,64105,4.25025084156349,91.3939169097885,0.966162222976443,8.1606245939151
0.36233249354028,811.726018392924,0.613209669400271,266.746041846125,421435,1.93180504649453,80.2537993613537,1.01299031312381,31.7893394160948
0.155589640655356,405.356347193322,0.727131923669974,296.403906847986,181728,2.42226024086833,68.2281738256762,0.936671058934837,9.97899515531128
0.28753827374548,702.252216689665,0.921823214234475,407.31630937616,330575,1.58118941470351,75.4944480435083,1.0126762641254,81.2016406786813
0.243264697077559,409.969137207553,0.888936580666408,338.860360631178,235937,1.78060787429968,61.3833596885408,1.03087307311532,30.4980316103217
0.335198871027698,200.859914749253,0.900898257321638,291.184897420571,100266,4.10166894148082,42.0173682338217,0.926470618371453,17.3073548917121
0.469046572269131,730.877589538476,0.748612127067961,97.1852706057688,301242,2.04743847806215,91.1655229578951,0.926344141773089,21.0786398417942
0.368960327633023,72.4134432640519,1.01109672036851,844.909015164836,31280,2.79613986505676,64.9466974875569,0.90708467796863,23.6015645936181
0.115320785509471,377.870668424668,1.02255797209221,111.08645434672,207258,1.60668549223696,69.5738733360426,1.05217848992483,6.13155527943447
0.0252797361800295,679.547228581297,0.814780695335799,892.997239822819,273761,3.71171962526439,99.2581685314887,0.966201707367761,12.5796365066817
0.138509381706914,482.775707469914,1.1287020530845,169.192119614657,218587,3.9130789365339,98.876175870448,0.945084091148961,16.6825819281473
0.301588186043125,585.274779240508,0.986413929981329,111.998650209526,374588,2.44676927159486,68.9733238749953,1.05561887900905,23.8563406083842
0.0351986486072827,635.76378199779,1.02782356515518,584.854525781662,414135,4.138986584491,27.54679465131,0.928651138017908,14.9086487746871
0.253219461128606,643.756875533469,0.766403950763364,527.319702945986,385851,1.95962660768851,54.7110653533633,0.985436685419461,51.2263237202692
0.302452995969276,45.3747404645773,0.600366981093352,516.672840390291,20367,3.76761544840062,95.2969960038167,1.04895733510371,3.32365623356669
0.173779506500311,164.787528672198,1.11922536726127,595.779111126328,97870,3.91985832568182,46.6229944282007,1.01476646351744,24.0305743747959
0.387746979835453,540.621264499951,1.09345463074788,322.703775813198,268767,4.8746295111551,99.9451513897237,1.01080002869848,104.419546369211
0.0622331440355482,744.812461201775,0.673915132825698,679.801809758131,467477,1.92928666074687,31.3238145142414,0.931492682143205,14.2756242651455
0.0468175130505463,1011.06857850083,0.824463080973784,527.282108721824,417644,1.37484192017101,67.608563575389,0.936186545566948,17.3972759884071
0.366812490539766,777.091101579455,0.99680358503315,368.006293609459,421425,2.05214168915915,63.6587020131021,1.01651175878195,117.20301839034
0.252790744941037,366.760920346241,0.991266514331237,835.175633631692,152301,1.49144878632848,44.1514685025775,0.904713372216132,74.6322590684206
0.347317174249591,526.367056449489,1.11621020088513,741.335041510375,215294,1.67877723397724,96.1455347983825,1.07382359779268,204.512079255735
0.223065395915836,355.268637585646,0.684160896981257,423.929824847391,235882,2.3364580474239,71.4378407497983,0.970094160128195,16.6115825665077
0.130736996287162,156.203743167541,0.857963848671071,855.236895967429,79528,2.655962986888,42.2671212583507,0.983323243403465,13.3177771334312
0.411360135660358,25.1613988873309,0.658334650755855,924.245337606185,16503,4.61489690300552,53.8036148378752,0.95168646694652,4.80484772295956
0.4017137806948,1140.52806830826,0.833757149063177,560.022953730144,473505,1.78246308600008,79.0922070161547,1.07533421985262,223.969285814793
0.350401270718669,244.459429780528,0.609064467352623,254.204827649075,121115,4.88703590368486,47.3272534522235,1.02850081456118,9.95573671068265
0.143351117242682,190.14929042914,1.13896383906608,920.002548719638,120734,4.24061283958469,90.9704651545886,0.989981693807013,43.1597642282254
0.299213026765853,68.6074502849514,0.916226398097209,230.005639090741,42606,4.52588555957376,37.4255423468218,1.01706175913195,4.75390368369683
0.186877209500613,874.562211306616,1.10988135648141,96.0020650964057,464326,4.71777595896097,44.8378817398636,0.976073919195078,22.4453800263446
0.0548752159300507,708.373143614878,0.635942820602018,361.112658429474,290289,4.01296478856448,35.8673960024575,0.993116495656883,6.55896682990286
0.459483651976499,732.107106069307,0.736474866283752,740.618027237988,333852,4.15511932646824,32.8134129069624,0.971526438682857,157.581866073206
0.0770411291502911,1079.3429858617,0.755627997132708,927.110382035872,455877,2.75127318642248,47.5236567597945,0.982134958842167,45.6705933504403
0.475616303372193,323.763035700718,0.832014896783273,655.421364473718,173464,3.04180093870498,99.938405975158,0.962995308801886,78.8375523486741
0.228542828749398,480.14316476839,1.08171982343853,954.246619618327,311132,4.72994170706654,32.0747059946251,0.915528215509204,126.773815438426
0.100715135130924,50.3771070934819,0.831934724238896,137.752297312102,20360,2.5130236462106,40.9751643885466,0.907469255632634,0.493270382829056
0.275531464215395,142.916178547405,0.722792117787796,107.716043108619,94199,1.16778829225683,45.3712599308502,0.934821240853548,2.19404593370289
0.43774345957944,1017.71397613789,0.638994156203261,623.982353206481,415792,4.05101754189909,71.4347263354153,0.950327548765746,127.063596164382
0.368790194340685,716.858295982161,0.647695049011612,967.810506368117,383618,3.29263004687007,80.9009272305889,1.07809437211794,145.265218687691
0.40521496245211,265.732118662106,1.05602832357659,527.585243506988,175971,4.25950384937325,81.3950256140534,1.02224973090462,79.7083950855831
0.332803849688251,413.81201319842,0.86688179462198,98.9394646423399,189028,1.30220506644385,25.6476986454123,1.0916594339248,11.2906898810352
0.349215516613748,662.909513010555,1.03570867320001,260.157723273583,267244,3.48492796190316,73.8887844099599,0.967929372039126,74.5072915918245
0.426105869267006,2.7615008095781,1.00937227305822,282.553261094982,1120,1.99082355196303,72.3052659525327,0.980347600760087,0.37075895374461
0.132337324341001,201.606195356761,0.681217477056155,370.964272680103,121381,4.61307437797794,63.8241011417408,1.04395064551797,5.78101210388375
0.249818232185139,176.374663590982,0.68573276051536,91.423214406902,104907,1.43963975896698,53.4406421052819,1.01558041552681,1.97304288073117
0.118392626491605,260.239313391846,1.05320520926048,909.64806547302,125991,4.37227709090025,84.8083148095922,1.00557601607642,35.5417765726944
0.493957323918357,861.6480288601,1.03276097609125,539.78574748542,403147,1.35421700788764,50.7910596575014,1.01511280831279,266.586785874283
0.47258907644644,314.765863691133,0.826818460124586,687.384253306404,140557,1.10038942198799,42.2509204079951,1.01682706245529,69.7955751692914
0.0293191375705679,162.337352260435,0.646453357999704,113.814195050259,96569,1.94023772016769,48.257138092571,1.05314808484091,0.270243255825049
0.355731834532687,621.211583308039,0.607258813019071,101.409694413467,252627,2.33217816370674,57.9735937842374,1.033616405463,9.51739988522717
0.463371675533676,925.98213218522,0.772894169677047,607.14438343852,432957,3.50611508724748,41.0543041002055,1.09146284973641,190.112834943727
0.0984819191123934,285.008948499208,0.605533364152336,892.931209978998,121433,1.52689838944422,70.5678434654115,1.08959260361129,11.0877045272745
0.288293162970788,81.9882010315556,0.738043572662222,552.05790091157,40189,2.7493197343643,91.3156901883922,0.984384569935646,8.64745270473263
0.458589265818141,342.36075708406,0.851700444126803,883.928213941568,178846,1.8170544084115,69.6595093121556,0.907144521902382,98.437542064754
0.0266335295070414,926.662104516149,0.672849459187173,820.441709402477,374079,4.42121328618825,58.5001230608036,0.902214956443745,9.92376533669388
0.351735930950952,574.238663465257,0.662566654698928,122.061096505175,275795,1.17986603180522,84.7651574668678,0.924638680977576,11.4491770983554
0.15570101361255,967.057208460088,1.13786246143124,241.859600666405,408580,2.42375090675408,81.1028967155897,0.914979479779619,47.6115010153363
0.4629541357345,1177.18046359521,0.951282017413734,674.825135697575,479837,3.52549631987644,52.5293591148022,0.974673209794174,361.645965987043
0.48581854013103,862.612948439387,1.16067341205767,471.326313422539,396539,4.65235271220776,70.3115102999021,0.910574919776801,296.952057142297
0.472690579665583,619.390064638838,0.807495698271407,326.164822964575,302298,4.47197369077558,79.7382145238493,1.02498280722742,79.1632839795044
0.242364966162157,371.633301595542,1.0062869623975,447.70216324558,247177,4.58076799806865,43.4097443514581,0.938034845199055,43.1764655563185
0.432400898984764,32.3311723376747,0.722815004773074,472.939663957103,20994,1.25141317473193,52.4705409313142,1.00279306371392,3.62054215261925
0.423829205282184,837.11984896239,0.971004190367965,915.024638280517,492177,4.36369304585384,32.9332052912478,0.920615756526747,323.94842587103
0.166359231889195,324.315523926524,0.677751438005991,148.285369519705,192357,4.11965031417648,99.0760208730125,1.06554581316566,4.86713605904334
0.416168582333832,135.04974639617,0.601248383505771,315.744209467234,76962,4.60972659710248,31.4408237817352,1.05599176563866,8.00821503845086
0.0281337410105914,602.285029384057,1.15891908084575,560.686575753578,333688,2.24630506903201,37.6454593842683,0.977297444210279,13.711881910069
0.302172240456206,265.728956408657,0.932936625705125,713.372580299062,142860,4.64706042509347,60.9873962248105,1.08211866650512,64.8117030208924
0.122704330270974,563.299466110272,1.15616439766922,649.105424511282,293303,2.61056434034579,89.8953875158404,0.937140129237075,65.158901703419
0.0690777740308666,469.742133639362,0.800298914221243,944.560600850525,293797,3.5363987421032,51.691151721097,1.06278734104261,24.2544166066369
0.0477070687983125,344.592960474959,0.796671641497054,805.8284785785,223419,2.69671596482799,82.6447110648509,1.00917108687533,9.94026077423852
0.351181500180288,909.195743269116,0.840393001063819,579.222999875709,418224,2.7105937220626,75.7025554987177,0.965916013659748,152.924778109157
0.176538732246352,271.409670695945,1.0236245903749,253.948557089832,133218,3.18654807517961,72.8998057869759,0.916872186983522,13.6076033698801
0.365135718049093,437.175818464834,0.939485180511704,478.330519832128,224868,2.42370683848329,88.376293822513,0.93426222528155,73.7102750744193
0.0420246069914818,574.821751676167,1.15521294425947,708.713131984754,269308,4.17094797707694,26.0627717221469,1.07257252107114,26.4485481532624
0.164492265536999,773.136387423249,0.615264540679464,846.064066094281,332149,3.53455494166096,94.6864778920294,1.02137721503834,52.0319712896351
0.274350733263915,756.045014341194,1.02491756278352,961.749413201268,392202,3.75902304615578,87.191963525222,0.9474191116793,239.345015694277
0.397454350771092,423.960924155477,0.798196613619933,625.180127831022,198009,1.92413920088705,95.340041473887,0.999170575491113,78.3415177950981
0.166188726436714,793.431278599366,0.708140191091077,550.573398939211,323378,4.87830115392557,84.5190912892515,0.921567333965048,41.8314251249351
0.316686774454134,178.174103482337,0.906237373512059,66.8073269650909,76155,3.64070439109186,90.8943555590704,0.919768498333719,3.34709968855105
0.444129096635732,898.27137001184,0.903038270507998,118.494115692671,466392,1.78878345812157,40.2308536149609,1.08155293032743,43.6774144626433
0.311772962209329,412.098761518752,0.682206617213057,198.29974775553,192146,4.00196097388413,48.9421800157788,0.991571257852582,13.4006782301302
0.124150142629281,612.182875697897,0.721137633679734,102.021934630147,365031,1.69485641283049,48.6415760103048,0.972313430790227,3.93816436538712
0.0219563829627036,22.9748223615803,0.844898798940933,430.82007686468,11150,1.25353958519803,33.1875059408543,1.08981436532885,0.165648268874725
0.436348448211456,256.539569364221,0.845286847435389,370.034617881929,103388,3.11021358458334,79.7184441463443,0.979800135721434,35.3777897621637
0.0204220113166897,492.577877125636,0.790534883771811,655.486449974973,244054,3.21409581664939,35.2128169515305,0.967248425610716,4.53927632277033
0.438603819615258,1066.33526764267,0.689127090905989,558.881852536733,439248,1.75586229892639,28.9381874559295,0.954597234231569,121.609321274575
0.269179195673334,503.727152504911,0.602624207460588,616.172221418467,264100,2.39351577716864,83.1585152541298,1.01301256414942,35.2549731997629
0.470143172271319,1161.97783770982,1.18214103745681,498.378342790771,465006,4.78307718271479,92.8497377298947,1.01168211845514,487.222212827746
0.401403785529096,504.034124839688,1.16609953782236,313.850291126544,242415,2.14001292834996,82.309251097385,0.903238835199392,86.7362684623495
0.498987714161335,378.987929029573,0.890190227505681,955.184049199153,245734,1.62227224306147,86.9014159623982,1.03081246479146,160.800574176929
0.181848789571338,126.776614163392,1.197031051965,132.088701772132,60753,4.97024783466182,69.6716258373078,1.05766142060529,5.46202985325858
0.385922261576252,712.537076205446,1.00419259846935,941.946449492042,401526,2.20922214552187,91.5809753436065,1.02319290848608,315.77204930731
0.206946147668529,190.387817043129,0.641314522564525,345.676144521498,124235,3.72101469258431,62.2527611768391,1.07397762765681,7.35022428435805
0.245139053948915,1044.16814775526,0.670630919449576,537.028373098933,449907,1.92624072575707,99.1241963865599,0.955283272207335,67.4677632110862
0.317477676977001,808.848401104008,1.14966650632178,153.400206686169,455502,3.20048478794556,32.7561282077087,0.938395880553749,54.2770457189699
0.438101785951306,1083.30951152638,0.978031321289777,117.384514952459,471712,2.54512794643846,85.6885530026038,1.03945561876399,64.15427547449
0.492200899907655,466.000561030384,1.10591017599441,458.068176282673,260595,4.84631704463675,73.1042062008457,0.937711820440066,140.124516522498
0.386453972793614,574.156371537206,1.13896178978031,754.612507560694,338870,2.73122349820195,68.5484551165896,0.918220975875053,234.508776993167
0.214705723261994,963.548427402192,0.868765206769432,305.896538671121,389480,3.3366967367269,79.4357898145841,0.919323013707932,50.6624267996575
0.216464931115764,123.568570275067,0.629115570946016,584.230494488554,66376,4.77906506360059,88.0218648099137,1.05367869864514,8.35070179042719
0.371415327778557,632.257871746595,0.712968209338393,314.717823496677,300878,4.95693719975182,89.7163050130382,0.905747460333621,43.3611687914674
0.127000801426468,38.2202047608413,0.639943168381461,419.182407848389,18114,1.40663345601999,38.1535722207989,0.95789134096784,0.84877487179992
0.0641323154343834,513.645132003621,0.713243907419104,911.124002550133,249285,4.33728284816956,39.7776947314727,0.925837281988815,16.3315099033842
0.183764857243981,188.988577062431,0.846319755873526,863.047644220174,78266,2.528465976749,26.2124882135198,1.0509820293599,24.2321977934358
0.1507471059105,200.653073183592,0.670918086308991,540.216666246748,92278,3.37931482482245,34.8881843344205,1.0006986171146,7.9044105599519
0.155190979023435,348.685833298855,0.700039948683206,276.200346098475,183159,2.50019231582098,44.7911869637443,0.941098482899533,7.13922971919319
0.124467798014456,512.130994039479,0.867493069243008,233.524717096372,216786,2.60446482261917,79.0776866912712,1.05008217973025,14.1151441904142
0.0306256629218173,524.429425196914,0.804102570233094,956.382985383928,311963,1.63543014394045,60.6825631751883,1.05007330182763,11.5314742548119
0.0187582280193728,77.9651456985037,0.880594874512824,242.580766685153,38139,3.29106583371146,81.8427651688013,1.00460452941373,0.334401499451557
0.493983970970655,618.376781957031,0.857503216655437,817.759895366912,252342,3.1868637837789,61.4901885864918,0.955169957411042,200.638751968542
0.219608835530573,195.812883640882,0.98668681558793,400.52169905876,92130,1.7574231541536,66.6698089682476,1.01725541985244,18.6041639798243
0.198320057108244,665.929170224786,1.16231372932551,986.376855180326,287414,3.16692171733577,33.3299939945187,1.08670602015084,211.002675216152
0.343027168519604,687.125852896077,0.664718603066546,399.747953344648,319065,4.89240753052434,83.2418713507024,0.910327277525244,46.7335507309611
0.116944405053881,652.211918012637,0.659556089585517,383.94079366519,278798,3.85763438341516,81.8594899149666,0.953389969324358,15.150241963973
0.47548098013561,903.018267693631,1.11168366665454,655.590447433742,369410,2.92393023833341,48.0671193760465,0.956993839078536,382.298706610339
0.395309057063621,298.682350515713,0.903838022791476,963.440966295478,168469,4.6643359423255,49.6433558350301,1.02636233271698,117.674559567203
0.0538113911330072,639.126225972097,1.05984301414107,977.399125506611,382788,3.30125742602122,41.4761087929852,1.03023287933239,43.5937316654831
0.214614580134615,430.428777275395,0.729253142164369,721.845839143636,216951,1.54019199491121,86.0379757027114,0.941263078988743,36.8639790812878
0.440767970705461,534.189439646969,1.09731754390053,766.876047354536,242608,3.19003859124983,81.0255101471335,0.943220119532502,246.318300419287
0.472918690922791,560.30602410607,1.15430797451562,585.232067174376,324403,1.72389246146347,70.6860803638189,1.08564253690383,256.957185312873
0.239026740512436,15.2816707363705,0.981289809327893,767.986952175715,10160,4.0700193549907,42.9116577347273,1.05125976353256,3.32978169390716
0.310571580713247,603.271909623335,0.663527412884281,866.790672221972,327343,4.86869685717883,37.8889999460308,1.08685393970634,93.1257123742204
0.0918466335851169,764.541545851652,1.1371768884938,511.790538035272,309674,2.44327433817332,28.770163838096,1.06593259763254,55.0312597245238
0.495672626807118,341.567666414718,1.07549263642204,638.869149688598,155614,2.73967152050078,28.420861133389,0.98042359605274,129.257471392097
0.123519133677887,83.298969024509,1.05052666590869,560.450860471395,43811,2.68598586735452,39.0352104856245,0.924381527369034,6.66404495894417
0.471938569326212,78.4949090905571,0.622036913343549,584.347082852243,46376,2.14119990317953,32.5399399242417,1.02591007325135,8.97255521378439
0.328326858006261,856.936185386155,1.07937751515418,895.545514380244,461689,4.17671985951452,66.7080754691832,0.970398212451531,347.808600802821
0.307791029490641,576.012782356699,0.682770606281014,387.835988695292,344951,3.47091333098798,51.8567595845858,0.985082398118364,36.4863354026697
0.261217370398089,103.484646232266,0.733431705718133,247.774824320593,64424,1.25620622742624,58.370933662611,0.985175948188812,3.52845715154738
0.123028207741702,430.81891840235,0.946280900921554,483.466104759948,179005,4.35522534009254,69.5550387690392,1.08730392433284,30.2764469336616
0.096498735682699,740.925475228746,0.75898846375013,247.680930957202,296649,1.74835292461283,74.4326309015135,0.913772483838519,9.95403108426168
0.118038242444386,695.5182941435,0.996808923787152,523.480404378918,417951,4.91660464683648,73.6151289911934,0.938620752293948,48.6625146935268
0.101354748450685,35.4213510266005,0.964842268619449,908.332700089206,22786,2.50665255601026,44.5642440115624,1.02158857420299,3.26637361654974
0.391996392047709,217.884380238971,0.664889758807958,636.561844458354,119080,3.4657985886013,85.7220265222077,1.07675161317738,30.9678655830899
0.181561376991698,872.908910551118,0.993608747754904,862.661210637924,444985,1.31129447558412,93.8282252439422,1.083588530374,161.450422988528
0.0383429115160642,9.50096880995374,1.15437294589496,207.881373634736,5573,2.37865309875343,48.6953760417396,1.01173858530299,0.109904528513047
0.484860288768998,182.84102569773,0.6966659431115,905.829912910318,101498,4.20941582944313,26.2799062424551,0.906912243766879,39.5442258608345
0.443055083632079,815.659364783877,0.958237212565732,621.69780618676,479554,2.90883396781303,92.4365639986379,0.972576206867895,221.250417018783
0.464598618765654,698.398129438785,0.805119223162016,80.1717993034558,307088,4.61841393417609,94.2661549715107,1.08376665843454,23.3290719821149
0.497504833096753,291.117730304815,0.875767003064162,651.463007520785,131574,3.30055376420323,28.8209830309775,0.999988817194619,80.6373896015411
0.0952086721175488,73.5021107846191,0.772200107447382,953.827108447872,34428,4.71428878158299,25.3717443894409,1.0453226558367,4.9827696727832
0.204158589262303,28.4347114526124,0.812478381808617,125.208650451594,15067,4.93043962805022,86.2303587244557,0.953838684089899,0.560214083142588
0.381536853095005,296.620393022139,0.617347093959934,603.333323946094,123128,2.8155782380731,47.609751586233,0.905001394067181,27.0285430860458
0.351050102846358,1088.72305532621,1.18893104275033,919.704672726229,440862,3.26062629031123,93.5936625471991,1.01567203724564,598.460370187241
0.085408994106529,349.022415894216,0.974879953243649,59.2104099176558,208541,4.33968257300508,41.255767995216,1.06699620088728,2.06364121947123
0.409758231245403,621.054737558987,0.900423354296331,649.367280142532,360447,1.88613202214325,89.586596209494,1.09805373937801,165.275747980754
0.119975880199964,930.22040883347,0.830229209700196,501.157177239415,459225,4.44651829512444,30.1483202293778,1.06932542156777,44.8108960390958
0.119670631263085,325.588961481979,0.923624735294416,379.63985271618,204612,3.36768056150908,44.547763548548,1.01079887246423,14.3245545952622
0.273117467217773,186.764638721293,0.828063599229482,646.159665448107,96447,3.9020005415381,97.9846659359231,1.02174551776011,29.0000361530797
0.300540568072435,539.271372810548,0.815944756496204,100.066989858046,259042,1.31941609065378,42.3397490748462,1.06483280797423,12.4661628306667
0.294242241840527,918.292359154882,0.878367925033208,765.40989397303,454134,4.06475073381361,34.9759738056281,0.903962139365523,165.146534726237
0.0548285503248999,736.726488384685,0.765589820202714,54.2555030737222,402383,2.24314761829463,89.2790989354747,1.09032886963889,1.6116048111251
0.439955822688886,69.1347480899074,0.708029939980071,341.588956602735,33849,4.22092910739937,33.8350593821109,1.00624424916965,6.16542506873773
0.140144020868466,852.205657940391,0.933963538908176,528.760705800444,346594,3.03661015321083,32.3092081434628,1.09041044889798,66.4865433711079
0.073462311428574,488.564146188751,1.10565926169018,408.171138038224,286377,2.09845733926253,49.2568850642152,1.05290363331617,20.3013367432008
0.445486559135799,977.916341223159,0.691696906635535,342.102138445303,453825,4.81103878808662,72.649637994772,0.93046353572294,82.1935626082082
0.478269234132579,95.8727158475856,0.619640604362531,839.293388194691,62118,4.060249590846,78.3059780334022,0.933051962927925,17.6402997225316
0.432442532460071,418.991325536312,0.748087047092422,938.090945558313,267484,4.94274429549459,91.0929087870547,0.970729195202543,118.991388199555
0.40666287661519,902.500748081192,1.18783238607229,880.027050660594,439852,2.45787959364882,65.5683644469329,0.95279760438716,514.345362358673
0.331068570513121,329.978705353787,1.097254844246,546.3097473975,205602,3.59687853416655,54.5063340070731,0.987859751859505,84.3562847865637
0.279920111598478,367.669584606912,0.957519632117158,889.955966433809,241515,3.44635471145491,51.9125321375849,1.02078077417508,96.4678396113569
0.052623512356591,60.4402384819548,1.15754934914588,924.818486922466,36159,3.75022696427521,88.5177046358105,0.987315899897348,4.54321925635761
0.210142074404642,288.651460161543,0.867167470102347,438.776477195089,139793,1.15326626416532,79.2861482111999,0.911284116941444,19.508411157016
0.192617373336034,358.988138378815,1.1899683615451,319.273566530173,162929,2.1668772955095,92.9071760293854,1.09512632303018,39.730858233001
0.13727935404256,804.620311548807,0.77778122707157,143.351945522654,472617,4.63735029516323,97.3026591798711,0.98502442684027,11.4966888380499
0.364475855707407,308.003421314858,0.744183449709563,505.137324996768,142051,2.69528021948891,47.5038127062856,1.07021500086434,37.8800946339928
0.252979110188598,388.606605622982,0.982828920688207,948.982074416519,230973,4.84257471632619,64.725558902563,0.91479085845223,100.246675853919
0.0497126457947475,710.081539656996,0.826892380770216,582.862151666852,335981,1.8540126905799,72.3865605523625,1.06201297594334,17.1820070648385
0.117889768955408,156.644944614183,0.975819325185755,684.183996696863,81929,4.98969589392436,37.2886710082343,0.934680927542261,12.6446127717231
0.344796794193202,524.956323407429,0.782997310981611,157.239627567255,243735,3.79032363583813,29.0010275443739,1.03588098859939,20.0453355446931
0.0473041211502471,921.999338676409,0.970750954102795,186.343680935143,369531,4.10557369626595,90.0822935586485,1.03236133925102,9.58255262035023
0.427091387883897,1056.94236126319,0.765447756351022,491.249598861689,433561,2.58744468881014,65.164263306653,1.08196134365337,159.120162833059
0.252621798236847,471.59834820865,0.630583241291334,953.701559034539,313504,4.62803248504248,67.8080662270029,0.964135336070148,51.797134008438
0.245487422890058,798.783253756833,1.14728154115391,392.745409511952,334858,3.18185160383449,66.6185759070966,0.921791951983129,111.603158076667
0.300279814483164,100.278908253113,1.12992312112408,883.609839251657,64015,3.72375352089854,81.6220528624518,1.07291316325198,43.4729420788591
0.414093673303323,1160.1512115982,1.1824788895636,164.274163754426,472943,1.37923308534514,35.9126458511532,0.966315505928073,112.143301393273
0.180426511872075,119.65672165426,1.02991630573284,636.166346587025,67154,3.52672280357157,71.0536330578649,0.946506757812094,16.6251134901339
0.342227914753941,729.405182943853,1.00963270664118,620.582328064992,387562,4.51631595304863,60.2109633683223,0.997241722397673,190.883959114954
0.287208662357938,211.915485551712,0.935401842044898,866.881012566755,133143,1.71313291286395,92.2718619630793,0.929227138002358,47.3107165149048
0.140843852383016,752.71049677171,0.675565449811514,53.1508691846564,466863,3.95090373853938,63.9715703422244,0.959392670614394,3.05751525594074
0.440528693314027,802.205556029515,0.713541186569562,230.435083837694,360260,1.10160303597862,95.7201230555624,0.977056126812931,42.6522694640651
0.400738750587395,921.887235709176,0.773681813203522,258.703244158008,377153,4.70481206625008,51.493974563493,0.955451058698214,62.5315323569867
0.332641398982629,232.83666647841,1.13409381754404,952.467783686201,110310,4.93166846412475,97.5171029792493,0.990051900148616,117.561113177003
0.426785047256179,492.089323898148,0.703781714761845,196.0089734564,222077,2.41672026719238,90.6368461068826,0.976930134456825,22.463990697361
0.434974158470303,699.602360336709,1.15372390469273,85.1142327095324,309289,1.42829539886134,68.8197467301516,1.05491820622212,39.5721806997279
0.357097858590367,679.066026400461,0.91367143983085,557.738420004718,385217,3.63430547265258,51.5282449989268,1.08368173538494,140.864939932365
0.420136530898199,81.7040167349064,1.02934178128384,552.130539311998,52875,1.11933805658992,53.194251808942,0.920184643349571,19.0982229760897
0.351761016217949,722.732703701526,0.66614669200834,851.844617099471,481221,2.92994512518875,82.9564064843719,1.06466050868884,117.525013100424
0.343268978162547,823.947924406071,0.761420129265546,951.416667668912,445221,2.08711670055155,68.5473513376783,1.08635424154039,187.428141065085
0.31311957532544,236.671954469186,1.17511116490886,561.618170033124,135904,2.89335621581151,55.1190689101991,1.03732262919374,66.0538568240524
0.378831153383244,642.984358285793,0.759689968157839,933.494473298673,411558,1.07310205895343,72.7041221059123,1.09928393523414,152.020550197881
0.0877165015936061,436.079443976226,0.777913032234688,738.901193734838,259644,1.20644873228283,79.9925048425708,0.967008599932978,17.9431549189363
0.441626672007475,375.975649514032,0.718558430904648,301.331171595806,231441,1.06390331537353,26.7175384418849,1.06606198831699,27.8851215791943
0.437203328595164,381.314126056244,0.677444199184098,931.99967539673,157902,3.47652748018846,31.7397100838133,1.03474050093538,83.2304792374795
0.024331168686934,477.158653196913,0.739954584872399,684.071017372781,290903,3.24037167070083,32.0864080305309,0.964685757439492,4.54411414717911
0.414650207776734,744.17978377526,0.985396135170479,443.391136105502,365215,1.93263199414642,42.3950353947501,1.04093529670207,158.219910345393
0.0731462350619881,431.294947580637,0.873220640102138,696.229980291084,206055,3.58657251561609,57.0242829420485,1.00192436781151,18.8921356052286
0.17420823858698,643.660352878523,0.932253501802739,431.247186356563,314981,4.5368290275799,85.2737424469416,0.937794778159425,50.5324124225296
0.374319045582888,559.600992548925,0.673418897259615,158.474579588561,349957,2.10928840410445,51.3324276249668,0.934775936481893,14.9685594440364
0.088772349063671,647.219397028934,1.08126986829774,733.029809818055,355850,4.32797523151595,26.3108341285454,1.04267976935317,59.1292305723048
0.41080384181834,41.7772613235652,1.07045682034791,832.883231562207,26931,3.65003654400873,61.2521389713797,1.04238609246335,19.8840168873088
0.417745747199294,815.166498110127,0.612953946685605,742.365889068418,430015,1.13528177269193,99.7471446568466,1.00615475219229,107.959256429825
0.25865918954281,387.817139347284,0.830109056706183,267.658934368843,229668,2.50059958331774,51.1765746741189,1.00028313345555,20.0467666076657
0.0131290771412485,272.022104604207,0.641262361182689,958.803262803732,131945,3.03102886343607,97.0940889075486,0.936007689137772,1.56548892105656
0.150648685255707,266.733213027805,1.07526346764897,73.9918336065981,121640,3.92679675981889,32.6008848352317,0.985857224600861,3.9899817846799
0.312294190004114,491.821777046184,1.04236180987542,366.051032506859,242024,2.14852223301367,37.9824743428979,1.07427950420622,71.5923893773185
0.490781227233437,857.890067811356,1.14119285657589,297.087812808151,443529,4.93092041943173,79.3091552609281,1.07094546121903,213.702459760659
0.319588628238168,358.206446611496,0.741842375371869,95.7199162341084,189795,3.73815896202034,62.590933672803,1.03218378036162,7.18491583235255
0.137303754721438,878.399024206171,0.873777529876679,435.443208339235,375113,2.49125470865744,82.3841352599415,1.09947133559395,47.7039044530086
0.32066279451881,84.7854780244986,0.710692726298639,641.959098154636,49312,1.38810015630845,89.7668758771667,1.07863566933792,10.1233228252644
0.274592836060769,532.977253331291,0.822740960684472,888.425220310846,238552,1.72547104108324,43.8313657045776,0.92904608471362,86.1002534578405
0.39212424362406,1119.37712568704,0.91334595094013,990.205230381897,495852,2.95043104022063,76.2121877829806,0.979827280618741,418.051935640734
0.0624205130252096,739.753723602497,0.631998473903153,817.685107084178,385449,2.97878141983347,70.5700927475317,0.926387496951855,16.1217293928186
0.382903672225994,190.609120449677,1.02892224640643,495.246492777184,106053,4.07087505928541,89.6151271894098,0.993217923285841,47.7666801727502
0.275220623551294,495.037461582984,0.925976016222645,737.519204668679,251219,3.90470650228901,57.2577925457412,1.05527656494897,110.716361876289
0.481866081890907,187.326906978612,1.0973754103264,851.442599160159,117578,1.80509215407127,28.8902823032995,0.931157741985752,90.1977032284527
0.177517361358956,317.48919664892,0.763068300714718,492.041836597747,205371,3.37982648223306,68.0639595454384,1.07608440648398,20.2588470672789
0.319984727635635,628.947487824494,1.14199266316155,795.801712324225,390262,1.08248720297155,96.9158739338843,1.0138115103081,239.56050711262
0.466693771699909,650.969726084417,1.19921655181827,508.519797397233,385841,2.59418959753733,26.0973384628918,1.04978889095945,251.094201732363
0.0602297667154328,230.123590864855,1.1515790630266,417.171191332887,114822,4.05642096228642,43.0193491316841,0.90903116242152,8.02497635835353
0.469241958745861,1083.39832523115,1.06673548549989,549.786295894573,461190,2.59803437314867,48.705084247309,0.918767630670174,331.839896447056
0.347064003927399,514.951194765651,1.08742128172427,692.062000745788,296692,4.3423849592057,82.4379165918232,1.02417223727953,168.702289413205
0.0432401589615342,464.098046332142,0.944246545526752,740.537953502668,190582,4.90462116050113,49.2457691851121,1.06763838258576,17.0780057519953
0.15747214780394,617.32587222825,0.714092317747566,388.899455447502,251466,3.42885041079746,42.9312897397235,1.07477301690504,22.2850495678136
0.357004323436188,744.878430850363,1.00622441108863,592.754238978233,302931,1.58001630536703,73.6418510850281,1.03767386505342,185.716575343133
0.0430017947196981,655.417527362221,1.02765180123596,914.377330376425,280385,2.51870883162164,28.480396672075,0.940187744029469,27.9554243797988
0.295263525486374,454.243983643057,1.19123108416074,977.497255105108,243716,1.0379334202735,37.794764496906,0.939004342932139,178.36930583377
0.179482697906949,397.827694811135,0.924780789753793,265.885686624757,252961,3.41090369536301,55.6022671502083,1.07627254947143,20.5585624376262
0.314248603706064,184.184862870439,0.762821409015034,233.189607427674,89029,4.28627400389519,51.6699971755023,0.922647077103455,8.57368486490882
0.0324135965681313,836.965175758458,1.0102035130437,692.851351757216,406554,3.51976031569217,51.0374364387522,1.0372141728217,22.7264985856775
0.437053035014664,637.637724695983,1.18762549179987,443.949691532272,271338,4.1443449167338,33.1416259839746,1.00670136780735,211.514849146413
0.487009594896924,165.753773711229,0.706328344961456,73.0112214972302,66408,4.19961570910355,52.0630014587347,0.984284019227417,3.36413156741967
0.484750149089989,769.75280164949,0.795598751121362,379.51877711492,383313,4.40405030486986,84.8494578993552,0.988066913232771,112.785439909334
0.377329397554033,860.400187633541,0.925128572263609,816.40750629864,466290,2.06665513199022,56.0383151348046,1.08904147254704,271.025335827244
0.0737422576640097,798.623442076185,0.702128780929203,807.555583864023,473707,4.48507409128169,68.9628388611764,1.0722886399794,30.3350334615889
0.381548966005221,278.598639566688,0.613332383711963,519.950891375753,185140,3.61637599385396,37.2684556987988,1.07299677277635,23.5915858778153
0.0220475890648127,137.871408919664,0.80218987346475,498.949038143159,68623,2.15890222637795,30.2283522601432,0.981323661628725,0.998858106164354
0.0208405402492087,533.779142887997,1.11922248090063,600.532070312659,259681,4.94917885998504,90.996703144867,0.921396241747461,10.270315297405
0.168569007383275,132.967881537717,0.626081039594229,258.426875035397,57192,4.80072957492668,49.8529447109469,1.09956788662353,2.96341335993263
0.249435163298286,936.257718624012,0.857357435410151,549.741443646408,467060,3.2977639328256,51.27529248011,0.929068617451096,99.0986356715662
0.387499634725819,223.779467896569,1.05732046375565,60.494042053816,92606,4.37283351359825,90.8265887109144,1.00311646606573,7.32680239068105
0.344814734537188,270.543252376527,1.17190955814653,501.781577043977,127130,2.04597795487949,78.0828511681558,0.952923837719678,67.3431365758913
0.228492326124607,477.222643008137,1.19128523940266,369.248493938063,203912,2.66414798644356,81.719703324071,1.00214857232998,66.2119454938786
0.144077066478016,316.801945128314,0.853181628365245,691.126125608477,192199,1.73588704297533,76.1502613125747,0.96098663882053,24.0865509337339
0.498591005077278,936.333259231991,1.17023057662747,656.435904944996,397537,3.08041057051699,32.9344183593652,1.07937732812419,508.2552558677
0.218828838095627,497.459749799017,0.621251383968518,411.794086173669,228702,2.98400572028666,96.8496865792171,1.09366831914177,22.7905452101807
0.231179641921541,143.995800425606,1.04755016279913,56.909332404662,86213,1.85125290384627,93.1852215345946,0.982012856527577,2.44165365751637
0.0901756723839179,226.999456874219,0.985647620780168,289.659947925212,134338,3.69120677486439,42.7165095123591,0.914037928115512,6.09364141375619
0.399456678887465,618.874129885991,0.749713114551691,651.680457679704,255048,1.47116118210165,85.2995643357881,1.0326672198691,101.175340464504
0.349904290632929,114.271089367028,0.904391100407789,118.754675866629,74579,1.24676580427884,55.704732362299,0.975325112809694,4.19176765923803
0.118177110266493,600.959600196238,0.677732242656297,152.260300741791,306216,2.53961987464954,76.2825225898362,1.09719373119129,6.09406288660905
0.0503667123517629,513.77205744065,1.12295829057094,664.683273338733,283308,2.63929911113882,37.4202249859925,0.917874955576984,21.5248838439536
0.343444658016609,774.311800408718,0.814738851327389,767.979030901828,357637,2.27896242610594,65.3915687992316,0.923825288139033,134.545914991506
0.330710494997756,1097.08731427191,0.97562668227943,355.472222612077,468915,2.031786550313,34.496222466993,1.03988462283731,135.28629236009
0.143897168229123,848.73240472593,0.695265771772357,515.189412240734,456215,2.35510538003812,65.2125374018587,1.05172992047075,34.7765533748247
0.475923145502701,911.601962295736,0.723698906778724,948.425796734476,473092,1.65350229580841,43.269546704291,0.994219280858113,229.219845753471
0.0840183669726411,305.556344203323,1.19517382248189,948.266384067171,123113,2.61380987653151,58.9349896576611,0.955452920488027,38.4834356795037
0.221844052510875,152.225319286629,1.0518518366648,342.127635740259,66651,4.61841349406977,75.0977025380823,0.96196200982609,15.5564836551889
0.472371800882123,363.98188642416,1.17718312186444,819.488481266236,151836,1.89770752483535,90.7805936245464,0.967594593284254,213.303811174004
0.2156663852938,867.883030550261,0.777510699127226,614.246850166516,447648,3.7378044174014,37.3966752313959,0.945056398128275,75.3433165834679
0.322877714355402,842.856409327499,0.698737725971892,976.710268682861,486055,1.56713804159136,91.9951836563274,1.07012850962947,160.710019335131
0.204821255001769,821.726564876958,0.901841078087299,503.732891225542,429804,2.41562649604092,54.2528235945468,0.913015441510959,66.4858540728443
0.144365449150848,123.875106022946,0.896800969336406,785.971524614783,55898,2.28469912218103,88.2847426454411,0.981455564815663,12.1181709682579
0.492149047500316,762.495014607927,0.704967908254793,779.730273134128,473767,4.74811757763331,63.4410938813322,1.0495206289682,179.610485763973
0.210573663094371,375.792690481738,1.03993174174885,522.561224251422,212256,2.71192822320724,89.6656428822205,0.900765094889345,47.1858195814345
0.448108609802776,8.73075965810568,0.81706652066324,805.848608582442,5645,3.76186377512554,74.711805064015,1.07560650335619,2.76312050693246
0.122677756886632,428.505840367434,0.71181913855831,297.988316641647,221754,3.40985123588532,63.1537105462576,1.04125864247587,9.78988683547234
0.114421304972291,55.830768314679,0.799190036725973,166.140384475717,23988,1.56412030113905,48.4403974750247,0.914674791366814,0.65347855796174
0.0252557006134106,415.310765373937,0.938195219781009,453.90555742255,272395,4.75816180412247,97.6681815713991,1.07899931779889,6.03195191339104
0.329316744434184,369.670129498556,1.03588255930827,946.449123801905,169938,2.38347716742305,85.0673243249813,0.997460998526164,142.847585813265
0.190577908424643,577.095051253138,0.889134531634491,525.707377792402,237244,1.1790334231346,53.5890388879196,1.03044786677806,50.1838468523739
0.433535542421422,533.188219503811,0.915356993897024,653.496181714581,306972,2.20177482737675,37.5042694794285,1.07640667490377,142.639845921832
0.241872854278863,953.204534611066,0.683367561565649,642.954333112482,434532,2.3425349035293,83.465156394497,1.07623246893789,84.4476484568045
0.484414779678214,819.974033713584,1.14881455482494,175.944223906054,331289,1.37098130951491,99.245821585819,0.9817488237015,100.812212045863
0.100907502694529,535.767083108574,1.15723451879523,420.78203825835,217590,3.47990962551977,45.9231215344354,0.947537897004987,33.5210268467328
0.435625352298249,711.138801576681,1.0100559542508,721.592024275781,409895,2.38705682216618,93.6897304251247,0.951484308869235,254.999890847715
0.390532457867953,724.767529365001,0.610578845360415,973.39059365169,452886,3.51653842532388,34.402802919094,1.05318831727675,118.210487811821
0.387751703875585,100.149647002556,0.922244529541996,209.616851382175,60760,1.02696225435627,96.4154690688891,1.08588607220083,7.70459045211653
0.423943781777275,586.699373332039,0.977531383253168,439.91979582216,266435,4.92819359596301,80.9004184332298,0.91444613466273,122.767521970203
0.382901755562069,318.21897218243,1.19679253377487,140.339109812593,142971,1.68206543417873,50.9947171947778,0.903003945614803,23.4531310436742
0.316847957599394,53.2318337383432,1.19764017311688,280.257636666793,24483,3.63732394681975,47.8473866722175,1.06458701229455,7.86562410641438
0.0743099900643699,614.361008930492,1.11456674119533,407.921376159843,334605,3.86313721311806,73.2576515454514,0.977320520650812,26.0614333697825
0.0259378279507134,720.547154375244,0.638298595215668,563.611085554733,431523,1.6864333989899,69.5130355194025,0.955289848991632,4.34004894988092
0.461215445429687,171.221668734567,1.17196583446724,269.038538127127,82288,1.44684912840967,93.9202526120265,0.937674769523168,30.4494613815627
0.312158654115162,806.157814753768,0.967596748291199,266.184528119751,406395,1.61030876737923,82.4682350656911,0.969296121965649,66.9576395698317
0.400303272578326,951.36671152842,1.08053206228751,788.938480183194,426845,1.98727302337978,65.5273654430445,1.0942936178556,428.761313660798
0.24594595224115,887.698544139473,0.844315709811512,964.509579799537,457256,1.67292847197164,94.5674381379741,1.09541595490874,193.092263247488
0.0674810125915733,245.232246558197,0.791801682740754,357.432319363883,133377,3.69599770782433,69.4547973499914,0.966302705311341,4.13319741140029
0.0713410381792497,810.783240902422,0.877946487290285,703.592417703896,452073,2.68333281490427,88.7263626745508,1.09273802365782,39.0401459136252
0.345926990742196,275.56554770153,0.688124707781296,295.176438290025,161011,3.15116637806145,88.0706989073392,0.959972689947923,14.9732144027784
0.220849888500737,488.435465341626,0.814239683251984,931.55464221735,276617,1.18934715523663,93.9396144212152,1.07089621905341,78.9922998969512
0.108257116083165,41.789341989032,1.11457049986097,689.257242157128,26203,4.44499585240289,30.0701523459328,0.942400841830952,4.28213616881806
0.250881327903304,42.2856381222279,0.622770291756529,812.543011905692,22896,1.68228621282477,68.7864750960083,1.0652975176744,3.87937378748794
0.0414623791668157,553.881173983226,0.690526828094763,96.8863410392066,360466,2.44060932582035,60.1294443378287,0.970746079511437,1.12339748241218
0.295165986938055,375.724573079422,0.675069695789691,618.580669828593,222795,1.28760655931107,61.7906787598504,0.93914470398859,31.7853654425022
0.141806768173198,289.586242606998,0.841845325620137,551.231714790463,128890,1.54717253859332,59.4932952715152,1.08695598148473,19.3100991195673
0.400803959312222,175.274230416775,1.19819214053452,328.347061565955,96016,3.66319763990265,87.8100017066756,0.942836866485734,36.3766874924523
0.162077359872551,727.025049451622,0.70401475812683,299.308485804452,335307,3.77034800902276,48.8824673062704,1.09836704515185,21.4951851164511
0.233057873050083,2.66026101071673,0.687289589759556,601.023562201121,1200,3.70786193850141,59.7063311222334,0.921714778477698,0.190098843846181
0.0156940645549693,839.009059069024,1.14903343786569,721.161353256864,403140,3.20854715138409,40.0511907175814,0.902004156678041,12.3773180558476
0.0454989750193339,99.6878999236601,1.12923031017958,81.5141191834295,40545,4.81008665604763,43.8787461943551,1.07415870921542,0.588195183494098
0.202321842639276,146.899583442061,0.619344221997933,589.031502827519,96553,3.02870864307431,74.5315062507906,1.0173208816617,8.22086629422853
0.245170029011391,433.698655303742,1.05102357610759,211.936552499297,193732,2.79764811718579,33.7701953687996,0.984325260415006,26.007500701705
0.304010068578459,597.347462425459,0.993279420885858,183.344594816796,242944,1.99018226286857,39.0866358246008,0.916392785106419,32.5502568489914
0.152914663567559,420.819810410391,1.06064448591163,641.96351368995,178142,1.39539811706645,64.6025919678486,1.01497850619634,51.4785903847306
0.350541124202006,268.58909962482,0.896701472877553,345.326611356599,161035,3.19261971986472,28.282977097226,0.97874511704718,27.4852622085621
0.43145997462271,880.518253511804,1.19482753106898,468.836221478121,481995,2.25956074677131,34.5195249565294,0.996724382597737,270.72063082479
0.392126984557741,537.104563472647,0.626308211226578,391.998868967784,321148,3.09610153276206,89.7514704225062,1.02607837228044,39.9666999524422
0.029413224420695,26.6719070619,0.740622951842283,665.919504144898,12693,1.82447631304192,88.4610074346247,1.02798672112611,0.32083201988065
0.245448404156336,477.076035817733,0.837927592184169,496.613777763145,215658,4.35269068883165,51.0832078785237,1.09211984827061,50.7699557362053
0.0614157874249057,795.205993686355,0.869866764939422,965.28572893605,437630,4.99878883863628,51.0993486483388,1.03101068268787,44.4359721999624
0.128602057772638,308.834322472146,1.15282044161971,384.763621151142,151426,2.2896140404826,95.2386586948003,0.967880828036446,23.5313098171404
0.493464670700902,105.56512582774,0.936002618446355,753.270123249693,48183,4.36931042904132,26.9380854304017,0.965926565553016,37.7371005697753
0.0798228160217415,729.021651975997,0.627066597312236,294.427939203892,379434,4.49194454556963,68.5221634813953,0.995432190581531,7.68226123939988
0.254455195191164,714.210665955717,0.844717778055397,533.31543799484,303401,4.98429515502832,69.8042934280545,0.951865539973637,84.3199600382125
0.312896309815878,648.722859819107,0.849894247421442,574.941264306859,285586,2.37088051911192,84.0915300386246,0.975287795625258,95.4715211408707
0.354207835566611,43.3944341931517,1.17929456306267,362.653817009596,27734,4.02416557485642,96.3812886866951,1.06842255438597,10.3396224580644
0.284227854908588,150.83109889305,0.959518254612665,498.191502466998,71109,1.91523601456794,51.6870690282508,1.07195232057344,22.9288661488896
0.0147877152354,540.817678607708,0.981390642695363,315.314706003568,311652,3.49918400516857,57.8375105092001,1.02555849564007,2.86034151697149
0.169966041039556,215.430392383722,1.02795181875076,55.7007425902829,104704,3.81937027789135,75.3473860390133,1.01656818839882,2.73390432723278
0.263678705258509,620.440495306546,1.06202358940927,254.865886555985,252531,3.96448277014039,97.5453716758132,0.985419966346706,55.8567927350175
0.0530545845809683,649.236504794291,0.981030642121493,715.060963868541,272896,1.82868867433785,91.8094265302531,1.02717978311377,28.1907833919513
0.181807196292499,271.336451951813,0.742316610680361,782.414873261108,142470,4.39490228198478,75.0289752452533,1.0612106691463,27.4398921364746
0.0262695233077696,849.652320027685,1.1244275486047,316.192723781974,474265,2.68388744157017,89.2542678753267,1.0475694115818,11.3963932981069
0.0485034636059602,730.861236636196,1.03927188024638,437.640848877168,421390,1.86547807093822,31.3903323168577,0.907091903135537,16.2350633580898
0.204492405338782,734.682987396541,1.04512229105817,85.4973771316805,361465,3.17012435348761,53.284520713889,1.04622599972113,16.8300867196639
0.0750307194810996,64.4391840056084,1.19793404354085,275.209756042797,39919,4.45342851842777,25.9819371774135,1.043989533435,2.32756965831683
0.288095015648163,110.574780888584,1.08151592091799,790.258319203684,53958,4.86835163911246,38.3104178695713,0.919798107337741,33.6834913935331
0.34783783487726,370.676272922998,1.09749084189309,625.686956751804,246898,3.9928312869115,72.2869428401801,0.930049472917825,106.886072340485
0.402287482563451,148.08929461804,1.1708433094261,245.481995856653,81196,1.02249154508545,91.417121780025,1.05758170223607,23.0456945635813
0.108073619679957,841.314469281798,0.690680399909336,294.569895366311,489155,1.53880304186382,72.4585232493847,1.01179791564932,14.4162311284472
0.0920664653069442,197.947096294649,0.898636425886841,825.961921840082,80101,1.30509594575546,74.8103580256425,1.06432579811713,14.5658564073457
0.0612382417638561,543.995027585689,0.948340214154473,248.629992797656,244246,1.40485497197554,32.7866203942151,0.936948826981197,7.14324794391896
0.321850822276382,337.924273996929,0.797565437533475,367.449839554775,182696,2.5321398240791,74.8645368185035,0.906122952941267,25.5849891746564
0.356173105978582,509.796441324471,1.1036420063367,681.140757071912,320054,2.35397325931451,59.0760038026893,0.932388350934236,156.09134661002
0.0254772109645646,131.876574086225,1.05745177298743,583.056766422675,65389,1.45473992507324,73.8580173686368,0.990514009056604,2.32146272524774
0.468744000659408,369.638684542704,1.03252984470487,487.826694972124,215728,4.528941406457,49.4629832147371,1.00465855112198,107.579610131224
0.0354659289892215,281.186118838553,1.1982896638549,904.754036430757,138078,3.46171030532944,68.6114456247378,1.07154022441053,16.7517335811893
0.275235204297525,1036.87286090718,0.755628824045034,258.724939579299,443988,4.1858532358258,56.8051972623242,1.04324010597041,51.8829228692357
0.357439654530949,44.9648233172586,1.04127435100525,754.34889631985,21252,2.48619755542172,66.8977791576296,1.09807812810582,15.7331992865022
0.436774870635582,975.034618311089,0.93084268494354,201.110648587274,456950,2.64094406515027,36.031713874735,0.915743918275073,74.0242686222355
0.35990259674489,850.423844362067,0.787793509496326,634.947141808038,416664,2.27048484214691,54.6868640212964,0.926044214507984,118.774635816043
0.402846760704198,362.847084890804,0.696352122433875,877.092385240747,149488,2.75370644839396,53.0708992942641,0.916871118764114,64.7531882444429
0.176330594345975,960.251366359582,1.13753030224053,485.006696204231,394856,3.44150904942021,80.2295890489606,1.00769160931563,126.880411054125
0.409264305735791,33.3608870577941,0.957273289624707,738.079781831762,16575,2.97193603136097,77.9807135476049,0.953372154161265,10.3319526663211
0.0492562747284908,873.023316211321,1.09496030258448,829.373685349039,483466,4.3516680247538,93.16440135485,1.03672658801942,56.6382093470889
0.448460161469659,516.882224127827,0.927206990400927,179.225103633723,263771,4.6005566744393,72.4041694212398,0.926538177691331,40.4040623408281
0.278320264315331,256.925172670143,0.731986248392412,720.535550518005,152337,2.8787354134704,48.5910347345105,0.920638279912425,29.6192146099066
0.410475907281622,388.662984941505,0.802529287860195,923.848972789242,181929,1.9589919213946,83.7418497426499,0.99203309399859,102.995463062654
0.231635959413967,68.2751519742623,0.828923305484128,597.552079362767,34136,4.78076967783724,62.274823265022,0.975179670652665,7.78028267542353
0.325353070646297,793.13030016754,1.18376088750222,226.816132302318,494686,3.94015457220369,39.5119907971809,1.06583298319902,94.4744578914583
0.267937303858695,34.9817301777508,0.603379967028829,170.595405009496,20606,3.56050834421552,81.0558601245345,1.0675108150086,0.720068629888382
0.368478865660113,648.921375610249,1.1913996138147,296.748563943411,327799,3.9816549344959,34.9398546789422,0.923485733574695,107.11351977033
0.0499986911949889,529.865686765283,1.1882769810659,148.337605565848,221925,1.30392712958769,38.3614998434597,1.06246455596841,5.87808941881427
0.0395725211553763,980.523060846662,1.19769047431808,537.724368005795,474510,1.27050531055069,81.906694632636,1.01283299647572,32.2727890762129
0.131080584664972,269.973682415799,0.885952907351781,116.219448571398,123754,1.61248261032395,82.7608520553466,1.00071165477534,3.4883499284251
0.0881768932554623,490.121337820799,1.1782853817726,262.234393404415,266511,1.58980386976213,84.3085951603161,0.918952675248923,16.2352450605192
0.437173947630179,500.651848053219,0.837359509109896,467.914921716604,241696,2.68268189939762,46.9993843312837,1.04792615379892,80.2190189622345
0.117414853805442,684.95385239631,0.615776664401032,500.21901288192,351731,1.62961632914146,89.9940593028639,0.911926756479479,15.6246253480164
0.488173975351374,75.4335217573154,0.734608311823059,587.128560889616,34937,4.41810257706639,79.2001101971555,0.95553835392992,13.8206877737889
0.175078937967842,151.491232805919,1.16717774696243,720.33421461319,97700,3.3123877237121,87.5475557163505,0.919086306952805,28.423647201979
0.0992377786874626,215.411967768512,0.60825881600124,94.8672076821942,108068,2.47304758540101,78.1454113560168,1.00615352196818,0.837121563776252
0.396952268499815,663.326528192797,0.927596481253785,126.589904566994,369337,1.27849015290107,68.4697344059755,1.02904601174192,32.1619748854826
0.332766809995429,174.181531144687,0.645360953336807,107.816194214542,95380,3.3641111838365,33.2046078680515,1.07817102929609,3.14035937885863
0.254115901062038,706.706580655392,0.771837947056547,451.992799691665,287172,1.46613128236851,78.3202158963962,1.04677438419925,55.7048083500111
0.282128139959439,182.41421386679,0.652855710427132,89.7555476387876,108406,3.97288100161042,76.7845581593638,1.09222087978275,2.66956916331773
0.362408871353409,780.557952843999,1.11571717266783,758.77720348976,430951,4.21103238697529,48.4368349965145,1.05218996657689,319.561740021897
0.121942823252336,946.962896948176,0.954642425788623,261.850171986554,471151,3.17590503183936,80.186482678482,0.95961462065849,31.8398687929857
0.498203618867804,613.744263189006,1.14126387943099,942.251868625461,259728,1.59841143656343,66.2840915073496,1.00951696211263,401.497647487282
0.487648649451924,338.871104051053,1.01301191972414,512.083567342256,176802,4.14745089496186,66.9554678907561,0.991587927864003,101.129771619204
0.328659586309999,264.316110762222,1.18261747874706,474.009464820092,117795,2.23131115703734,52.5703509089284,1.01319374472747,60.3889795315188
0.107775800955281,60.8887066978705,0.905926592856244,791.511758007525,25840,1.89061257101384,33.7588781005102,1.01441786788248,4.66416624265077
0.343311838791333,244.317817725189,0.983226349057725,727.496284698342,134981,2.8822265640737,41.2696343399492,1.04042021709381,67.9958161086425
0.0453772203997962,619.80754610232,0.945785291933434,626.943588900736,327464,4.69058496553167,82.6623740002044,0.916608762929113,19.0222378908747
0.025019726080845,496.211064686305,0.890556257667968,938.389370937851,267275,2.18949316829809,45.358116287267,1.04934902577635,10.8618616971222
0.136264615370495,1101.28757156492,1.10757561925381,451.146297937723,472077,4.62231400389048,25.1689790751709,0.928748722646652,96.4803660861064
0.236685248802265,306.926584038383,0.986715081402216,818.105091983672,198742,1.21461323495931,99.7763065848663,0.905241460984003,59.1723077471207
0.435453527650106,627.952522042693,1.08078735891328,411.088298458528,347238,1.33409482007179,40.8011675387778,1.00378110839229,134.838746250457
0.366312844185491,534.329954882713,1.07181836196145,846.4283905813,245172,3.79424410054099,74.1537361652795,1.01629539213244,231.77661027519
0.373926195387991,530.35632004439,0.714627096393177,296.50089751767,256776,1.7623706457927,94.5191503431245,0.906970214023406,30.5397149348228
0.218491733879557,260.661337258758,0.990098119510586,324.803719194231,134619,2.2664827327865,69.9784550975453,1.003074222956,19.810750244708
0.179508146348012,465.14899477102,0.7197888115088,693.976057316581,228020,1.54549192392232,84.9272961313343,1.00691404167309,34.0653218871992
0.191808993862455,400.497550657789,0.949992286946262,252.077630204207,235922,2.32899307653019,98.2278784111611,0.910498980252996,19.231698000855
0.493948286230668,682.730358149917,1.00646081066778,267.696477674157,353615,2.12183997556985,89.5272569447339,1.04231705702294,109.410285013755
0.0296535037921164,941.561049696871,1.19834104295255,339.999307566544,470380,3.94535055595593,66.8428066508771,0.942057940356878,15.118551773273
0.4348454331,396.990998721876,0.618325186889843,694.982331177357,165331,3.80809355275618,52.2777197861557,1.05889184276506,59.3327616927904
0.293550950200473,38.8405020211301,0.654745436468233,894.91868780207,22058,4.81970870571346,61.184833687297,0.962164425959978,5.08819804597597
0.224921555402899,588.762924891813,0.646216017822739,690.839268570637,248651,3.89768674069216,88.1369626142908,0.995578506292843,48.1204932737679
0.365376253603417,584.704610625634,0.839016771760044,836.423532126919,272686,3.77927101208554,89.001595761298,1.07837017588377,170.043254294535
0.248467781298104,129.308028363962,1.09295301689149,566.382560209746,85052,3.77681555625061,88.4391191768773,1.06123589337051,28.2097793875044
0.437977386660014,846.409934012786,1.10643379967228,115.477060277888,380472,4.5318698225927,69.7918302062508,1.05637271571709,68.4859882290182
0.451343913365517,756.228588655359,1.04218775743269,145.442900933076,492480,2.1849469315022,60.771693831821,0.932086839523084,56.0767539175832
0.216643254167993,1181.11642487758,1.13812694509797,576.67237944857,472942,2.20036843677522,48.3503542071746,0.909628477339922,189.753547258858
0.145645620645175,235.735690742247,0.793715966501672,361.410920210004,99356,3.96485523881975,25.2520641386447,1.02115179013612,8.57100232453213
0.300251661010748,786.889674079265,0.65289278655138,259.539669955096,437807,1.91482054860051,82.3363953145717,0.98213832849777,29.1951337610879
0.457058039352179,619.563027327237,0.63489181679391,492.94408093749,352543,4.64808001659188,45.7748710010541,1.08181545528609,72.2502801972557
0.113224472612777,427.969521505481,1.11127963177163,683.171903859086,227469,3.13912690034754,49.7258421539003,0.96991865271262,43.4274958720598
0.315253625946107,502.585048363365,1.03826177661221,415.742350349066,270765,2.20049971237133,88.2610918635283,0.982109670199585,81.4732083529598
0.319464507845335,795.651828260686,1.01916918360667,812.415144299474,424951,4.10439971875993,28.9188367841965,1.00520010860978,241.959750934529
0.369225380983488,437.453699401247,0.803805803127401,751.597084242824,240587,2.24928251950118,94.5715248593079,1.05928013312642,96.2986100951453
0.0744681657123573,397.139807764213,0.827943113170936,748.169138051588,187230,4.85311326828749,25.102144182888,0.95365981082016,15.5557518133106
0.360754232694223,411.289479215278,1.17486811733959,985.930205193519,247130,4.93195683889994,95.4376836119055,1.08836413143248,278.856387093659
0.455425935126164,680.30173107125,0.638282846458761,330.468478503053,289986,3.66718496786478,59.1068868312562,1.00798422254431,46.9076458735051
0.0980447233464186,220.485264449902,1.06423904216268,662.48930702385,95349,1.45453555900092,32.6591968863865,1.06819545223488,17.2235864374385
0.1263962292127,890.510438748816,0.785779994225036,862.704423152298,450553,2.05283539973317,75.5621025430891,1.0051236966912,65.7335884389391
0.485983596080403,793.855792154322,0.623432771047534,600.548212218215,337419,3.06166784886422,92.1892319290916,1.054398639148,109.048226475806
0.09867870682765,553.846734344673,1.04554206644547,800.027067309623,317001,4.40578980039193,57.8554612635715,0.910284150496859,51.6568557295304
0.428648695751094,76.8616552004945,0.798547131407025,443.729576547917,50648,1.73954598776811,76.8518428023,1.0598424963366,10.983152252803
0.251216149659537,641.024370786796,1.03328851124568,610.966778372064,302483,1.41761383605573,98.4522040141971,1.00479188596199,119.980061455354
0.131143226457557,120.135363301948,1.02459262987087,102.883073164112,61359,1.29790993275614,43.0525617784754,0.989883117637317,1.74499474260509
0.436667451623531,83.2447162793347,0.920872125259869,986.479225533573,40270,3.02787024944019,86.5337092692016,0.922321933322374,33.7749322251469
0.228199574951306,633.732719425213,1.06642387752633,810.017557375996,264128,4.53880387837882,47.1427832010382,1.0483125077817,155.110821362161
0.262260503425548,498.900266604585,0.948622994502746,875.368618049877,201990,1.16943697057557,56.975319999262,0.926232730500828,101.77800676658
0.186024351005885,629.270936850188,0.771982111708956,709.579564235799,294816,1.84928613597414,46.1324401372946,0.938463562560799,50.6221693125917
0.300545917203114,103.062074505673,1.04046918063865,226.747531168264,45521,3.77302806335801,58.4508811325592,0.92528465114193,7.64821699788235
0.0901266975666612,342.197650139237,0.953483889526634,79.4770202971307,216060,4.30345374057486,25.3816774321212,0.901315121542731,2.27404837835424
0.201629952959363,146.505007467959,0.607636369013952,871.423777349213,88218,4.22959811719668,47.7579135497704,1.03238275601344,11.5586952129262
0.485012037944291,1102.22726314701,1.14098650666219,426.514121049317,493563,4.14027222928132,58.3970547953272,0.954168808954321,315.981693381909
0.136485382023553,542.740732361418,0.927386170994588,300.671632237924,281014,1.51919920325336,72.4180137779572,0.92989409183816,18.7074942545964
0.331800965625233,669.472377942498,1.12117635928772,583.589310896997,344031,2.58895032873167,72.8021043381932,0.963994496502867,186.701247095272
0.1693431314701,295.497557456324,1.12964210338935,449.853596351933,163384,4.93897865132699,68.783921385287,0.999816938309335,35.5517354086497
0.389001831586434,101.730522056005,0.866979994041053,669.082695903179,48274,4.95555028635235,46.9773872194223,1.00068250417686,23.5157271803952
0.0741280937519914,822.29313556129,0.904595997870739,509.603571401788,487960,3.40970956781675,96.0553236951809,0.973439201666392,30.6816212166847
0.485212312088487,305.942018365349,0.849452632605361,712.371483418257,143843,3.83706881888454,54.3977367805824,0.998986454208286,91.5698387199233
0.232356875277983,355.648781164096,0.869662065184827,860.752106033686,212480,4.80513518514124,41.2670455929293,0.985468291558999,61.1840672074694
0.125664727039767,508.684460222445,1.13708829538304,235.779160408,325282,2.79971144496484,66.5884704750991,1.0645330493969,23.593016951433
0.0460134061917062,24.3858554865376,1.07288640838075,362.961236537212,13323,1.54746743153517,81.1696502410685,0.905922793498236,0.47747811024289
0.093181373492895,701.665803423431,0.675915405789347,464.974807242107,405320,3.67579550206431,25.91751796167,1.07360602666461,16.3872571452587
0.264689234792449,642.04866983693,0.966184668924058,963.955525626256,268753,4.84040921960209,45.7258005546661,0.948783051135725,173.294033883755
0.17513155645133,217.42914145445,1.19754398423181,397.066932870111,139830,3.78882437546518,86.8733389450022,1.04435644300725,26.7189473886395
0.416152849282479,53.2190718296878,0.957330420739491,412.044857112998,31742,4.21328450809495,63.0265820039199,0.981007923268101,9.34107107494266
0.221134886594285,168.17119754389,1.07152297535586,670.798896811583,82086,2.69099521588246,55.6366228434936,0.958866592900957,30.2254711993505
0.131869993567939,886.769258101528,1.0614368840287,448.239724395452,447622,1.3858526165794,94.8175959686734,1.02306947459998,70.7176539822627
0.312401043435975,530.731190060513,0.810190515523397,953.662558357625,343326,1.67552834620693,31.7151322842129,1.05377688377262,118.430478713955
0.356320836273868,189.463137453932,0.823109581622375,899.745322451672,125701,4.93061931774191,71.1677650583387,0.989987290620721,50.6026076628658
0.0918505348714654,83.9324839541174,1.03444585307424,537.738338886889,33734,2.97273726797715,50.6641537182833,0.993310768613096,4.97963833627563
0.0921334159812757,746.129972633921,0.899990118962901,662.536472250457,345617,1.048082360709,30.3117548719694,0.911771296953536,32.3688464340407
0.0279689991974361,534.685090112575,0.942342425478233,105.12903378944,286632,4.82146912292469,41.0308381458115,1.08479919612557,1.81459038025022
0.370836987382164,399.712033599727,1.0277434742189,710.944001630778,202855,2.99111964788421,72.0949909762963,1.06937933928925,134.663313847293
0.335264218534685,322.292937075921,1.06654501622343,721.840829301581,182442,4.34507359316735,27.1207700390918,0.979598557508487,99.5760867996617
0.242569129117409,201.441768441462,0.762909946639843,391.239330861048,109190,3.19383256814757,69.4186611542013,1.05299012263211,14.0785044178332
0.423643519994907,720.2221665824,0.688076255662178,258.698739444009,335136,1.40680913469904,96.7637815912978,0.962655835141692,39.30249089981
0.404778374945526,1156.53106594546,0.775076788034235,919.324481726166,485364,3.46227832852779,84.6322046777702,1.04608435860255,325.652978101371
0.296823638554409,149.352018706886,0.904522995055245,455.369655764871,88682,4.98960110527844,50.9197809500384,1.00333834331281,20.0985427023939
0.435452927451497,699.6768160115,0.805284790378223,671.020799561625,298961,1.13895113058377,35.3655734771206,0.99215334444395,131.648603011839
0.110862192918016,344.853205286391,0.941017655308556,81.6623552274432,212668,4.36717679006018,59.8798325434734,0.911304599451623,3.05972111495175
0.0648406135048867,383.983328876994,0.632079434475377,443.363808247994,223898,1.94192318260306,54.4712827133804,1.09308438436177,5.25040065267887
0.142177309643325,196.480208143218,0.90585024696826,826.395870463186,127819,2.57546489084874,97.8799720017889,1.06748179397568,24.5733638045925
0.0379725594837643,677.233610395851,0.820790944162625,418.197200380679,412743,2.49083804709158,99.2401040881316,1.05867761359729,8.51037892850625
0.270273068720506,587.750338697566,0.920800052935729,623.003102130033,243143,4.59518877707648,55.7938492242843,0.960983239530745,96.2110661058767
0.468936789224531,533.280849279658,0.853520012930986,249.363010460312,272160,3.01794475532735,36.1587987647453,0.957918036884747,48.8497521692327
0.0292783349275697,241.502779457583,0.770535510382525,445.699366397582,153076,2.78869714733771,93.2957162232179,1.01463861931893,2.18285470219668
0.0698338578649131,225.61106503861,1.14246474327458,931.255832150527,91722,4.27210043534711,84.5156706750245,1.06924463924523,24.9108481332461
0.231577523858883,104.364013549064,0.710858993052814,588.129162215985,43869,1.19562853721979,63.3455654991773,1.08692568123373,8.79969075423667
0.467598758588673,805.701780102147,1.00881934534834,906.834886138285,357346,1.3458252603809,52.4015982261356,0.953785805201561,344.337752399354
0.164916491438608,240.721562052244,1.15478682754945,906.918334515066,98921,1.08675542750516,58.6124370699796,1.02148296006388,54.2641236922538
0.258545056257312,594.043255226789,0.92320197581126,946.940410403256,345348,3.7519316160302,92.6410881478833,1.04478055997869,153.823249142519
0.0303707009346921,457.456434832789,1.12584509314769,900.6220770761,195798,3.10246454831672,38.8482585822654,0.945278429036645,16.4568067654497
0.0826881684714235,456.551844686375,0.674910887059971,53.1170725597856,208472,4.50408850347313,85.5087640842603,0.981493726044485,1.10532243195001
0.493448760249835,557.177794758355,0.896273262153845,937.314147002517,235120,2.99413161189042,26.3642974620367,0.937494854742728,210.185507205824
0.482908161253662,423.748027117595,0.874215168288564,180.586467131108,184486,1.88727829104798,94.0428994856564,1.03978101555367,35.2273200154352
0.0124205906578607,94.557165690222,0.604871284222197,87.929938555593,51209,4.22058949241766,62.5222959734654,1.07275702730904,0.0495594967848675
0.476387774857387,353.682618897405,0.865954404815601,102.61910784915,155506,2.17729541693049,42.0060869755879,1.07550687091033,14.8291205096398
0.323168769529595,585.495033676793,0.821417853829559,381.470385417612,332204,4.74275912860884,25.2142377112887,1.03401777409854,51.82608556354
0.435279964314811,609.33628070935,1.00187923666477,639.763881005354,333227,2.00169555140896,66.9659851558581,0.969430472034873,185.142456459511
0.232822529260591,231.258647685312,1.16299786714591,432.195636693048,143826,1.67088261148115,43.3365902919879,1.03220807537085,33.9094279687727
0.262642054003833,561.506751955552,0.651474652957222,74.2765704169105,230591,2.97329596604275,72.3448252008132,1.07285334543416,5.60735176683898
0.249534824325891,174.676558032429,0.796485832028774,502.658502465979,97530,1.20206047188097,46.0876961089035,1.02517116678716,14.41551404464
0.336763486197591,214.135465746545,0.866438842436551,470.024205156861,105975,1.14564691393047,31.601802189267,0.982578388059173,25.4765186386052
0.0784291148305933,23.6416604558274,0.87311122682063,769.006802226565,12500,2.98405818102183,62.878872238267,1.0839605501438,1.34218529133829
0.0246870590376122,1103.22118373493,1.06488583250535,315.632253504166,448477,1.86042752317915,67.3364302216108,1.06704331865389,11.5509934173537
0.160885671379684,194.775789101752,0.866037399500065,256.654615104649,106142,1.03741055358073,58.9442519154663,1.07648704804956,6.64906405779108
0.355293573740957,260.982359839933,0.616296780872192,293.142009792795,114539,2.18422764572609,59.3526665747336,1.08063840420806,12.7691906474857
0.108908191540245,330.985433464928,1.0260624567557,338.552831498356,140521,2.90946941538637,69.2237595925012,0.978762461532063,13.9496139767147
0.33998189232921,124.993725181331,1.1308978170874,619.206629698808,64576,2.57715480584169,64.4765132057615,1.07192780150147,40.1270681886941
0.485256902592563,600.999955250422,0.908342827529804,497.949211179476,319992,1.54187786464169,34.9425654146994,1.01406993424934,127.593908529847
0.056011350736815,86.5292231226224,0.948665113019103,370.049836920105,38496,3.31869931132791,39.7814234863774,0.907631794710808,1.66940888566589
0.339575037930312,163.997301093474,0.697761863381428,405.598450369495,67967,3.84133196459055,35.6343281071788,1.02716727130402,12.5670972890624
0.22743760745924,727.743137941336,0.732387566807374,402.377477151027,322734,3.70215664865318,76.9971686664809,0.994123784858899,44.7866661093457
0.435389704644978,294.457774069757,0.741102143474767,973.786359974801,170490,2.57504768513309,64.6448809125225,0.95503093183746,74.554650511622
0.0968033968292191,846.096232453766,0.858445184928777,271.347138650305,354266,1.55038460468446,57.2391342648196,1.09407662800941,18.8699848960083
0.349386716590821,526.927860373329,1.15688713253739,827.158482258646,279155,2.99794709396289,84.8754246454637,0.911014171658595,221.789086177296
0.420676491927574,267.322841684056,0.913070860028932,722.800295708778,128754,4.56172701974833,49.4345994820604,1.08917547814141,88.8854903431176
0.472860967542271,759.495461647652,0.715258587120812,55.2915053233731,325763,2.87489139576493,67.6079997318221,0.931853412126928,10.8986951754115
0.344791533861926,99.6490591719771,0.75965264152137,993.517407219214,59020,1.78272419896635,30.5805701117649,0.975397635860107,21.701197394288
0.253615634364129,613.777053642352,0.83040901783631,768.617402101895,268669,1.37221321237492,80.8303062868834,0.98344703508387,91.1903943571014
0.312745147698595,459.346827045752,0.97395538541568,698.327107033252,219137,4.77570655239552,77.1394333611692,1.04620410373216,120.234654485086
0.435763442394572,322.308925563282,0.864019891802403,435.058472292805,134669,3.97203763550766,85.1784721972662,0.943121841747341,54.4733255946932
0.289598775853027,505.602177547085,0.835466906506155,577.442934468575,302399,2.25186789080193,91.3356968512415,1.09722036864551,75.5129992368232
0.0248896592514501,837.025636173488,0.938837160239397,290.607350884097,435796,2.1814096248207,81.8521200471564,1.0498023705528,6.39608642923412
0.466164860798419,1165.14781410471,0.745100996972679,83.7092348884126,499454,4.58087394689039,88.336741759547,1.05799052766941,33.2822758982354
0.347868108005465,462.262707337602,0.647341963550749,844.220575523674,304274,1.7102729392386,50.9240949221293,0.921285754542979,59.1923887675109
0.341491559030851,327.193042982354,0.614648588893333,901.660268997113,202948,3.14014915862618,50.7503021511205,0.99526240190189,42.7676165566518
0.115680824674881,282.375302691933,0.750755498080276,204.347104783528,113378,3.85401710071721,95.8225614924862,1.08912187009566,5.09056793832456
0.332853880414002,230.188943744125,0.654955220486681,797.703291053446,129291,2.58556140786276,93.5930902244654,0.954013214310361,28.8845342752335
0.202993558770538,594.744301205792,0.80180438311246,754.095039621376,240248,1.15960937017235,66.1373005828917,0.929076730990172,60.0586533447992
0.329104158750331,310.041771435919,1.06376012421585,219.456251839286,184271,1.91103525487809,52.4919088954484,0.997078891952838,26.7641062322999
0.0622305848509155,850.508993887694,1.0297765982921,450.737362446054,456994,4.6072325497695,89.95011476941,1.08607861393024,35.2321512548761
0.332344199255488,416.282963085925,0.966556573672817,451.620024792398,184779,3.09247586735822,49.2558349320525,0.997358124886126,63.512419310909
0.499712725627627,404.257626817666,1.11150014632769,771.966045389986,187349,4.26176498595188,36.5226312170833,0.980966860583932,222.398239394249
0.0336238990416725,400.374651787952,0.769240574726566,845.777860487253,192384,3.22274217116247,72.961950625411,1.03005448734276,8.08150351509889
0.488815350268445,849.460027695825,1.13103225181798,140.036365321802,418474,4.77440838284921,28.1966357299725,1.08737679977011,95.5567804567716
0.209384900754207,763.361663881127,0.839543501801507,584.820773158993,325744,4.63653630222738,53.4326429624866,0.909811489840813,71.9155654350695
0.436669190665257,533.444634614383,0.840535990959976,773.661072082441,307470,2.93155216804161,85.5747861770967,0.930679109095338,136.442833328836
0.393368887188554,325.824245881112,0.843210968175313,796.8810643619,167737,2.2730961017454,47.1412146769626,0.926550862008852,72.9788513337426
0.287837967883467,677.303473551432,0.658856619744589,190.593848208888,409135,3.40667514938244,94.848660930515,0.917066596459833,18.7400778597151
0.37184011253315,42.2185515628036,1.18529429899863,549.229885993254,20143,3.69955072667789,96.6868499962478,0.960421216129679,14.6129500405471
0.44047262503766,762.41111201404,0.683104066695095,864.680771044568,435528,2.99342036920253,86.1862225573839,0.945861806624062,148.594551333063
0.208028757609006,471.044340331371,0.804531434681511,352.59264775602,256862,4.28913288438038,99.0732489244047,1.00973825324187,30.3057219511749
0.170246249165987,393.711991879067,0.791580192196054,453.861053966207,199727,1.73331408713953,64.8073083633578,0.965457884345141,20.6250754134075
0.337120758926157,380.297178110449,0.644807659690026,814.140585769516,249086,2.33764732249613,67.6899664104229,0.981041572291575,47.0810566507885
0.405844511551217,531.772540052933,0.691356078067126,134.853545124574,334041,3.74550542946581,87.7125111452859,1.08837293809996,18.5327583896836
0.383519716040542,16.1081124273989,0.626915001711231,866.518625394529,7369,1.98673546155023,61.9603941841068,0.931131128253881,2.1371981848039
0.400928687940731,840.847659444665,0.775442696136308,345.598880894269,435905,2.75937897873454,55.5040005124802,0.97769146535896,70.5097628941276
0.223435824258337,529.530920880883,1.11999415441734,51.3778007615708,223923,4.85493418651317,71.1065193380904,0.951416368103756,9.24205427897473
0.410738765925761,377.790838707313,0.803665323442431,272.45118780354,172140,3.5035038907463,74.3244633136661,1.00983319647155,31.2302646276525
0.0689024371315981,105.542936300246,0.674215099240428,135.025608850731,69984,4.7962289385645,81.3171866272125,1.04726724530933,0.581786695810471
0.276799658000816,466.296909481684,0.987416321030351,137.765661646432,220293,3.8897656129943,75.1150522945064,1.06339757468357,22.3783949744027
0.0128217436440796,396.303593818739,1.19796054723295,708.193947435462,248665,3.89866707866869,80.9291346447496,1.00305933890347,6.46699783516618
0.169047056651132,461.706494253192,0.739394273719157,253.277518857112,202420,3.36742869476082,75.5919753166564,1.07098331830539,13.1768381740618
0.189566152086985,846.24556933917,0.767742603222342,938.005244828133,339652,1.56883437925891,61.0333928875134,1.05701510157546,99.9964822893515
0.204124618888535,428.637787952403,1.18310823256847,540.622319261739,211027,3.07885716354515,35.1200938252353,0.931400812286748,68.2310616120457
0.350778931278032,1049.36687915933,0.707265772530292,487.093345057173,480748,2.01066480201388,83.9082421701444,0.949085751803999,98.5660176458608
0.200393469622469,521.263740834861,0.906728440475498,462.569342309144,300040,4.99469021740512,27.3084363540762,1.03434410566668,48.7392986124194
0.22985987508504,782.657731829957,0.743791279809657,707.95825768805,403932,2.06784776040488,99.4375068821005,1.09495880394812,86.0967521569359
0.12639662412842,130.923505421711,1.15941113874075,479.649624397428,55568,1.92274337384579,87.134386745476,0.97522594012,11.9138648269441
0.192893377898377,332.230687492545,1.18891260874578,172.170338413932,199248,3.49553262049618,75.3182955985979,0.945961568128948,16.8154290101098
0.121362117358944,298.529118946414,1.08881870767201,886.163571608719,169087,3.04379525287852,97.495507889084,1.07382588685912,51.0923087779161
0.0458660026465374,554.783212048668,0.788870289487686,456.975581479376,285172,1.08541165301806,70.9352711092157,0.939922391908577,7.06841028125412
0.305689810756875,952.806748721649,0.842092485168303,120.304346914527,430696,1.51813271596988,29.2324660558261,1.03948165480997,27.10410700488
0.337424271291958,75.2041877477586,0.745383410199853,552.897688122873,40090,4.24417176731005,66.953663051089,0.906849814071173,8.22317685652938
0.313550269544711,90.3456290598447,1.13445478020539,664.979515532918,37214,2.93476782059024,45.7903139242707,0.903796103019581,24.5717071854439
0.23711208146228,678.136934018048,1.14873496661289,311.803340949871,425309,1.58406085929206,52.7108145988328,0.990313342788833,70.6822090910279
0.196095032287823,200.572659627178,0.851322397347628,810.32338729015,107212,2.86097025134293,59.4688866887522,1.03130802550998,26.187963722104
0.433033488290194,739.35461674448,0.993919841941801,686.287053735496,334708,2.01259633232961,83.0950559791588,0.928486890791754,226.15621728866
0.264350074716747,469.288897636297,0.699331907864816,667.824110801212,271896,1.89436584444937,62.7196910778217,1.05277649060031,45.3661984182276
0.244799120038568,898.391901503961,0.860961540218045,449.783705224405,416614,4.83090110578042,60.6010218118809,0.925747296482394,79.6179751069686
0.0225646122451535,105.54297527382,0.978899464004099,963.819536340723,63419,2.44809810743096,47.6479103306385,1.00674156157433,2.39884354739709
0.177211435536817,102.322819512789,0.831241871110812,310.479709551785,65761,1.18572441868936,65.4904181389527,0.961659838455416,4.00633299211975
0.19629585320507,452.023474646794,0.814559715411876,598.82022596468,278852,4.88130669054921,43.6293140826487,1.05045065535664,45.311738711103
0.205423162639481,1149.97328872475,0.600599395360166,343.602399598987,473243,4.17935829908863,44.5745361556171,1.06082335071278,37.6691205194265
0.294284460921393,426.936530725594,1.08257607826627,757.564515322976,208084,2.01765322625663,81.794408135839,0.913218247912494,109.086077544223
0.27146524789617,376.931380970332,1.13360256721287,95.4019096766154,164144,2.63556733882157,50.6910448381818,0.938520913861493,12.6824738063289
0.307873495468788,556.646812795898,1.1816781177275,93.5991744812968,303738,4.44915829838051,28.8549754704334,1.07852882191388,28.3226659617053
0.384792798155643,973.701512909211,1.03156283104153,820.317921042852,465294,2.4296540772931,50.7757964421236,0.983122567320173,352.122154290967
0.408363011970886,835.14082687652,0.929275387421931,462.554753010488,418627,3.2696161680264,72.8929155899964,0.995347173074609,153.823508439438
0.361880307350982,1217.35873207861,0.761570711885226,374.121051870338,497747,3.13942747865845,86.0489190007992,0.933604768332513,105.419654159563
0.478206611017918,27.5575126126595,1.1995796855781,627.150519066572,12261,2.6051781945152,97.1452511044271,1.0989789593002,15.0553203092524
0.0189339655114172,127.845781466858,0.953851712719263,716.804376675525,57316,3.55800760725486,80.9665316106232,1.08460953656787,1.97155460066224
0.105931212984938,471.831041336135,1.00869244339827,241.141279502186,305125,2.89316294920755,57.1638707062628,0.900404934196449,12.7613796568607
0.0137058087392896,841.323809696607,1.00944369717319,226.159679334495,410468,1.08492196669589,47.4339459403718,1.01014693653158,2.73414325551295
0.327262609935755,281.942654027924,1.10715107745431,960.243210371887,143337,4.25753243059175,34.7222492628167,1.07445347672063,139.307629147749
0.450034968985494,292.229662262321,0.605803523308151,610.181091065341,120366,1.45262313101488,72.0764825834586,0.986106721246792,32.2319351594004
0.129306325322387,691.867298092207,0.732148164258823,420.610653429555,393701,2.85635972356545,63.2412485581755,0.987362851715337,22.73198190613
0.46424692695019,51.5623278281827,0.999320400102008,811.369609936031,29134,3.31960316370999,75.8276137333106,0.975869431345258,21.9678118496662
0.0395310212418848,354.214509535217,1.13708744209474,548.901010839021,185322,3.82202421677316,42.7849867341302,0.905765667031065,10.1336682038755
0.467873653134702,441.768142007462,1.01120326915281,279.579669855852,253399,2.6431861411518,49.2733126082459,1.05805666717074,68.9414625136365
0.182295116747421,457.171815911984,0.848094774896208,246.398540359495,280614,3.94219394812213,46.9071512123979,0.991357040678219,16.504363283676
0.0596962059401161,859.463947377102,0.816933297522157,427.016302861331,364579,1.52540033887428,84.8238881630808,1.00621312768075,17.2409603576912
0.2480771620013,366.513184147557,1.04276880496999,866.901067246886,178068,3.61378219308312,37.842236114751,0.951137023361328,91.0000082545075
0.135820518183049,724.300786785548,1.04474261828232,108.375520242046,306730,4.30535571034281,70.6354087768372,1.05682369841336,14.9444561437964
0.149587721961342,683.260262009354,0.964234795503414,257.599700717025,293102,4.55777589135,28.851626181933,1.05874970934089,30.1911844886857
0.16057208281388,488.742936224615,0.774880214458402,898.494227909962,274260,3.31826598381556,66.214568192629,1.01058416337035,52.6739251585605
0.403482689938005,656.506672387807,1.15509289103433,165.647840520788,320601,2.25158079230015,29.7935481814792,1.08092558516003,67.1805318977705
0.274189025570875,206.554497587983,0.931127965271183,648.14443235096,130465,1.65342604685451,38.1907443090991,0.923176846145328,31.0846109186569
0.162540772586442,104.433076213606,1.074295413749,252.835799714974,43239,2.38223501150978,33.4768976540172,1.05732533292872,5.7752840747552
0.30906355382235,115.238362464883,0.728584957297099,625.573505136294,60516,3.15989749261776,51.004401541257,1.01171682846413,12.8962475240291
0.360913830369365,214.110391407596,0.806424473168837,413.948958502021,113066,1.78532089596624,50.7798563280797,0.94620263340729,20.3428047538856
0.143585760359432,451.768693121488,1.12474770983241,146.593051609442,250599,4.81005962277237,86.9814460546192,0.926460756530379,13.9544213975863
0.212639059747422,824.22578566523,0.630064217963981,603.351314176401,420381,4.58854171549164,41.9265588535397,0.960201408064568,47.1475874923332
0.0697241857351043,614.772949670579,0.907389186753997,698.890609730357,350946,1.13182877946172,31.4790056330483,1.07126318362029,26.1799155747698
0.0987631812719933,740.064187345628,0.889023287906405,696.258988017513,394732,3.24784719292156,70.2633843110597,1.05752386993523,46.4590674986956
0.343747748442842,405.105773296595,1.05073811334485,655.182688619074,176137,4.15723516098645,76.5588024700005,1.02902648516361,118.260832600143
0.0989047903708572,473.67179529851,0.769136262359599,525.213541888769,202922,1.98156783973603,47.111771201609,0.918065401556736,14.7857769344986
0.267330057996859,356.230417660318,0.73144009311576,543.498986016359,197447,3.09558492957098,70.2110587271033,1.09096612794866,34.9235875150206
0.357432668243992,190.490332069399,1.15567970326394,653.858104317562,96744,2.62396752963752,83.2042426004983,0.961088026475082,67.3496037508772
0.0623696923164245,74.8868924823068,0.943025791175079,705.746393659309,31547,1.78618505687231,51.0664704307084,1.02139999666901,3.14563911797656
0.287982987618163,459.384800668457,0.662813740970193,672.132901889816,295867,3.45894953550329,64.4015379949834,1.06062037416109,48.942419198479
0.135715764013668,1181.71888110236,0.715821697328593,607.598286667779,494620,4.97476870162732,35.997495525424,0.926571166891752,54.4409440010875
0.481834168866414,144.837842752518,1.19929563570855,198.047035563912,84248,2.46114904111978,26.7735100802635,1.03043934845117,21.9881852098469
0.246937366892763,52.9276109381883,0.717365397751315,250.085711568219,24295,3.20951603305787,98.6025981108122,0.906459199340843,1.80455497355467
0.404936349389827,812.168088417941,0.966285306812207,297.212819983581,389987,2.311418726486,47.4798137902277,0.920357862300868,89.2344691779944
0.279611005656568,260.805592649963,0.852076847397371,923.678574233127,127040,4.50779446720999,45.9176538041366,1.04462872688543,63.443160004554
0.0312721410988614,979.117977750848,1.1313594569099,771.425337207118,414993,4.45841080169477,97.9933849879816,0.931016431114559,36.6071337480677
0.320244174041071,564.177811180987,1.0531011553772,575.223478560034,352265,1.71509355179188,79.6175142822337,0.988701344661076,125.466468074825
0.476187637681262,873.444776952291,0.958170837757089,289.454082116844,472892,4.59979549695224,68.8973415955362,0.949666510155474,135.94708917105
0.304789791871702,417.953916901726,0.606443389078789,155.346947081963,205055,1.60603484422427,77.4492546320018,0.984245901733989,7.70468232584508
0.411402541119127,765.783156955964,1.12787712449608,903.821264680976,331323,1.38175983850134,78.2444925021552,0.915444048058294,362.865806364786
0.44326116704072,399.867730040833,0.86680048250323,898.032715031771,232963,3.61173846280613,82.2501910219737,1.0509801088082,155.210845024946
0.121759088254977,726.95204544757,1.15894659181115,155.160815910907,315664,2.54361642347958,30.039192356494,0.915808235478823,17.8856075802083
0.113901971555031,428.083532030008,0.897323407712521,807.355832791671,225350,3.12296237384748,55.9623564837166,1.06758289947209,37.7146899978466
0.309380684536986,160.661308420968,1.01653469350964,474.312815844417,95127,3.61028312774985,47.1347738374762,1.03252177283391,28.4244929450976
0.211403950205285,574.77876889288,0.641575589679985,357.768586189013,254441,1.21134895117194,30.2927228887754,0.983317115132857,17.8226540817084
0.421532038404693,421.212756750007,1.04709099211607,752.149309398272,264764,2.17181268436397,55.9449247634822,1.0732973086941,168.990770525361
0.451011330465025,816.9720520486,0.802797618787154,633.613064007694,405492,2.84362524707547,71.213011405986,0.937226255735266,153.864689623824
0.183176475858332,575.545385355771,0.810815408599068,791.028602213671,368025,2.06634963922373,38.3873259980814,0.952912845482965,56.6292942879445
0.126066573897496,616.761416854782,0.671193506825634,120.61241760129,332232,1.19588553714208,47.877005791589,0.927424732331841,4.0118313557959
0.392457502469492,120.980002086788,0.688114289184121,352.657668959584,57580,1.34670629292421,72.9378116437865,0.976313738658007,8.28216958677765
0.144654957418587,741.410590873791,0.711455433723726,353.351007895899,360588,4.20699147501493,68.449349316791,1.09734663694682,26.1016348506926
0.413081016071702,477.40568980864,0.796923701142853,363.265437673377,250652,4.6455470368517,90.1589097379918,0.932205475560139,51.7443970715522
0.217631744287894,862.585384792595,1.13518194766536,527.355879011615,447156,1.6089332097218,84.3423227237788,1.06619529717316,148.284051982669
0.337099450652821,794.341622854206,0.820956142938048,318.8631129269,460016,1.99704782916594,97.4208289214522,1.03037601433461,72.3469598901693
0.0568123037789874,55.7876390696207,1.03461762393793,472.164429583144,28523,3.60899761892428,69.7894982585033,0.903162826122372,1.76509168307796
0.315691069091521,1007.0611182734,0.649648502333923,399.388713459645,410500,4.81708710436979,77.385052480872,1.08897803858754,68.8524236272212
0.231366162581242,46.5648227542147,0.954659279563196,748.531245619486,19811,2.19835883653308,89.5379694110802,1.094218253045,9.66114373989158
0.297438146955982,303.081508675506,0.889134738762264,623.325755891298,184218,4.42085450494401,87.9994333618951,1.08498014037231,61.6248724315261
0.0923269617949831,415.500700082661,1.1867747681727,670.94796070145,271608,3.02409857780151,78.9041231519676,1.00034793154141,42.7069155599306
0.371068135022649,182.275838071101,1.10772466192738,250.054699378512,74902,4.82623455632312,62.5192157030481,0.944075036495176,23.9726739246308
0.432770567996182,756.81065085272,0.87289786346319,359.227057060545,373411,1.54503464971277,45.4905166173047,0.978252935494096,88.80671835904
0.11620250204448,10.5335837078588,1.0650856584272,70.1071752314706,5169,4.89468959283195,90.7911815451555,1.02283830928325,0.121182130726564
0.0569001322048792,194.159803692492,0.715823244776266,152.955971928511,85131,2.76391451131803,83.2491581677979,0.97576727618349,0.991559415029062
0.0215829071627048,527.744218003311,0.937401796435067,301.801520389443,290818,4.81175356170505,87.8430213968859,1.04163433017394,4.08726867108557
0.3245660352172,708.492317707494,0.644771433341225,112.19053523692,357480,2.83476086820608,35.5591988610403,1.0591151095553,12.6157383106879
0.307476077683503,1131.64742270103,0.80885341935101,622.500780336967,458405,3.12032853648231,48.6109658641956,0.941878579729612,147.839560428103
0.277881732229894,766.861888880678,0.735517308973302,998.223610127634,353043,4.21910003910928,56.8663778424738,0.98098838165656,128.423514387046
0.123654077096828,556.018847167559,1.03134588919513,145.774453362119,336218,3.89051400295758,87.8763979225421,1.09154887520521,14.2357688382113
0.201543937993702,323.013053309353,0.894054414728617,830.168702035802,197776,3.47841328166914,91.9665004535992,0.949961360252528,50.3682844175866
0.301293404241225,2.79499420366613,1.05064228730881,162.87543490189,1640,2.66792009435822,46.3669535691465,0.969289497718886,0.155223928530316
0.253415760840993,138.176476961013,0.909177262578867,686.418317856614,60959,4.16975346959842,76.4821875449324,0.907132100770395,22.1837608709324
0.494014904905295,480.699625139298,0.651890665290983,660.999722906066,267743,4.79291333315728,30.8360654614423,0.96647320822072,76.0882756826638
0.0768554787527992,514.062077403043,1.04122058983952,907.581088070639,337890,1.03924358777211,55.7179953976571,0.974186279620821,38.645463154249
0.350620831483321,511.58280350228,1.09993755839268,158.248332996487,209307,3.35138038581064,61.5001830813914,0.919967111925365,35.5789259316646
0.208116196371103,610.462252454727,1.14211873554768,349.672242777803,365609,4.46392371591339,82.4224611174337,0.900288449996991,63.7561023318397
0.219817811313551,394.61209588278,0.943195167184025,136.240772336951,261409,3.61245014938223,91.897917762784,1.01508109687374,13.7654809990371
0.361622905172506,66.0335836013973,1.0521512153997,437.014159514212,38013,4.20331703133335,50.2962426868342,0.960305320265744,12.7402325023259
0.349293714148941,167.978547053629,1.05122660212958,916.013514879573,96816,4.58024441539594,64.5804167456426,0.903564767452018,65.1600935975829
0.495715436914072,807.547804190088,0.693449855879367,792.446993508763,420159,4.00380406341223,73.5586166775643,1.07198886079344,200.028817411931
0.0729132018325214,877.952844359671,0.698532412475742,736.755095423053,362732,3.86806960545906,49.6515421710111,1.01688193541333,26.6940836502561
0.0610137281982415,1064.65432130222,0.642531303485476,556.376129619567,447487,4.85898356545567,98.9153659880533,0.934233670098364,17.0738440824523
0.364926020393083,116.750286044807,0.791948181084181,889.311455218747,59661,4.45473863156629,90.6830784677518,1.0730493245882,32.5854857050984
0.29340958933314,946.128582759353,0.884105152644639,476.969708329262,495122,4.2615114783311,47.2302121649962,0.950717194094596,116.464560839143
0.144338726614305,216.791128568578,1.19873871165253,192.201383745606,105494,1.3456134418875,63.0959673249286,0.945489146307251,8.4979005522947
0.0489154908046034,11.9914766943418,0.858596005240902,845.70596196474,6878,1.95611953255767,42.3130459935433,1.07892681139945,0.407612769609163
0.051972542302251,774.097938268505,1.03574555310442,315.656411649141,498715,3.22702409730036,63.5877939177501,0.935891575891895,14.9634426631424
0.448153528585418,344.555044579,1.01603821576352,100.951863973226,141256,3.83824041989925,76.2499258617464,1.07579715863382,21.1348756215734
0.104014989112184,563.934312001804,0.722689170150348,169.736129135352,334342,2.21285957320191,31.4140819594741,1.06059466024956,5.53310345130951
0.168452065436605,151.436202622465,0.635104290869662,628.605970384441,89164,1.37331245248329,90.2587903605454,0.961955508165847,7.04026865138537
0.121061637091224,573.066789183253,0.927604050920152,626.727865725114,290534,2.24439674726099,69.5309401334938,0.906879416230627,39.1803687589677
0.183948189857649,900.436275789141,1.02018335538869,297.174012527933,452114,4.08411672232208,99.2202173932751,0.916514620710263,56.9048369955229
0.0440176829455858,244.118667893588,1.19895107411175,740.82114054868,160770,4.50960411736549,26.9193630437127,0.921905653553916,12.1035848477977
0.264339297545052,552.8179528049,0.815166631368702,784.958147629558,335457,4.65161459337737,87.3623763323674,1.0781597670321,105.258115234617
0.0431301561601853,177.98146322609,1.13781873724866,924.477494826937,94764,2.51546671657659,84.3972286190911,0.980807195607495,10.115780637892
0.402174688832957,683.012000201372,0.829159473521512,605.690623744325,312773,2.49015429944079,34.9639384030024,0.906505951457299,114.816674821828
0.124518920136112,291.910864755889,1.01364702505831,790.452195940194,168889,2.62682988388716,50.1479226312555,1.01130969241114,34.4404238095839
0.27460583815621,204.595275979,0.958951758310231,765.444695783052,106393,2.50323787768579,91.359715228313,0.941598450121398,44.3750180301367
0.441238752905115,323.575117088476,0.631787275981558,294.918596043833,157278,3.66478643002884,63.8840721304191,0.947025208521604,18.3532089589357
0.328929910833125,215.548975307301,0.647033056182155,344.714631540776,90241,2.43329304852797,55.0961115600429,0.932168346983616,10.8393817801901
0.271149315410154,823.661882568165,0.612458453834677,504.558275965228,451057,1.08137574645698,92.9122324188131,1.05240429247974,48.9494857847316
0.168923539026534,325.398272326942,0.822500450756394,68.0870191527861,199196,2.75609840275149,32.0008393357796,0.900122578761055,2.41307047837362
0.173170937398517,245.464257042409,1.04748062925961,332.527884499837,123394,1.89660826471435,60.4842087176692,0.987796832779369,16.0802315641559
0.338048608047113,504.961913586501,0.703653236394434,500.188729677026,224755,1.11522855113848,73.9280573481514,0.917374233280497,42.1143635813012
0.497128286998372,259.102098318366,0.963511781030338,152.665830517087,160947,2.88337180613619,70.6406079261259,1.01047492020091,22.5592449566044
0.334301203026196,716.877236734908,0.773296668018647,169.962093386369,372465,1.82381823679317,44.8207340806669,0.969198469232269,23.7473698353701
0.283313874511312,737.095658217571,1.07819557438744,490.074898950474,485639,2.81096725935894,67.2484678400752,0.905670316155286,125.623770083858
0.368018750017231,336.737391546922,1.07903768940179,744.416780006635,219579,2.11099994644115,78.1421323214486,0.992194846231009,115.393911405634
0.237950750019022,853.970763589436,1.06524870897985,842.061484374649,430656,3.41483548112173,68.8664055495024,1.01411709957296,224.134454645707
0.0394697478743848,509.547975587836,0.914900108280826,568.998202629511,283366,4.96350954749584,76.3346669482992,0.949530806332543,11.7685968018372
0.285525439780176,186.34222597897,0.770740026047911,501.011538169395,79460,3.18892768284666,44.2059054541593,1.05310237941421,17.639444632566
0.479236389407636,726.548673437731,1.08566642632718,415.066540036767,345621,3.58758366757108,87.4636712703837,0.974209753158857,199.204063664439
0.0958984417552532,502.559373492144,0.711660337163545,233.301542815726,257204,4.6771030310048,58.7267152738727,1.0498693028288,7.42967066012664
0.348102396502126,621.324877389945,0.773855761217194,189.233902673646,325653,2.49600167090037,99.0417883078427,1.01580314580175,29.9983639260675
0.108457507442938,888.682365392267,0.710368623696373,802.301629078718,444954,1.66619379914233,26.7463990500203,1.07385061359738,42.9932158799687
0.27255556539181,340.093463838638,1.00452609623259,491.756300601719,220777,2.13118913172221,53.5236528435733,1.00938495819645,51.2629636414486
0.0573714603268926,1078.40325221851,1.01174161686949,800.804233205767,450688,2.6111797628582,38.5356289228833,0.937125438664141,52.9124567824781
0.230681758766511,938.322692443183,0.991505995672052,718.878884105598,375584,3.58007072502335,66.670714524554,1.06451823885574,182.336148424361
0.380520031158671,411.651588985157,0.849360880118801,234.20111866421,244814,1.01835211771888,43.240382078021,1.05660705003496,28.3487346139212
0.180310046877101,489.368618425653,0.66010260432086,534.791901000664,302008,4.41353285906794,80.3108459925611,1.09447116294687,27.4902020305609
0.335806744998737,268.667390062625,1.14670175070901,471.815798901547,163465,1.30437589219932,91.1399396753139,0.918716383821507,56.7483332144913
0.399770480786967,1062.82768367259,0.904638578407343,452.679830786162,491816,4.6026205956742,40.8163265186583,1.01824623246117,185.027744109217
0.464317131544932,721.938531569266,0.844183316946655,565.442496743623,334008,4.7977380848196,37.0508213726349,0.998333796788696,156.404789591169
0.124974620109172,53.7181569087678,0.953294935948976,982.977806021666,22879,4.96041117644854,90.6517889296359,1.03417442309603,7.79296990645999
0.205664798746561,369.263498479691,0.715674261491464,822.255567787208,163984,4.23804073762751,52.0953936316379,1.09603596962465,40.8564762940642
0.0846838465319045,608.369467540129,0.679529267462925,908.526810048872,312034,1.56742210376061,57.5937726219273,1.00645441542315,23.2871235295618
0.496316916057604,61.5052195751664,0.843315132874766,78.1576040172357,29110,3.82466817290075,41.5727126832652,1.03714772698929,1.9532829732104
0.464230474282905,28.2682613718139,0.736332416459946,183.319548452881,12918,1.81328516243271,56.898615103836,0.969442688744409,1.42514916536326
0.274578993837474,453.996863710476,0.746574176722299,130.525477213335,225562,4.58851134232162,42.3475054808498,0.959794097534337,10.4789884323969
0.422596314244446,329.957422215237,1.13550689266712,300.069454812013,167012,2.26642370262138,74.9445580475636,0.967059313136733,56.9206477349837
0.265269408863301,471.301504879593,0.918455506311495,469.797867368318,219711,2.30718390830016,62.4157309360065,0.907721578719388,48.3313640606072
0.315556987121352,271.7594683269,0.890081438594011,659.950585273095,132084,4.67061318365947,84.1045334472182,0.956948129082519,53.9325340274176
0.0536709717368481,178.363136150116,1.01368775623716,525.789702972272,83194,1.05292428313482,48.4546087050471,0.93458927876144,5.2078042103639
0.380082506043436,728.687693008807,1.17092886820604,908.024719167483,344883,1.77586460593428,62.9196261594278,0.991485595967111,361.535554789377
0.0725796069812651,572.044516600165,0.667319138682338,942.863160949171,257771,2.68772906625382,44.4642492232851,0.992164952779746,18.3359921480653
0.414773138823739,216.15958955549,1.10012074026555,205.344903637586,100877,3.80288626924077,95.0855447684974,1.0530459662453,27.8043827485969
0.393193762958489,324.11817551102,0.950411507920707,860.267274251546,160475,3.59026466417894,64.1451750843327,1.00045832957841,117.801632335641
0.357284901894058,646.492576745299,0.687699212287102,507.636093812636,296312,3.6776475006686,38.0096872238457,0.992616317664648,66.3893824060262
0.0277185864571334,72.2127109543986,0.778289591213395,480.662997751515,37042,4.52008811364266,45.4574244407522,0.946325262340098,0.674824173907603
0.158532894413211,129.892098361811,0.889416849878844,795.69238106034,74579,1.48412164917303,31.2176473093045,1.07049600202894,14.3944466404615
0.138925159256313,56.3767527478084,1.01470628674645,138.483483592633,37549,3.08864678487508,27.08619966983,0.918200181136944,1.14628883642666
0.186466839661044,837.060251300272,0.745564210172071,888.368471048189,406347,3.90191075640995,64.4441369553003,1.09645919299586,98.3083008340289
0.0529449459142809,787.031341367276,0.920927289280554,687.320186820234,376452,3.54447377169666,50.2842191894204,0.9952149991703,27.8633396963762
0.469109333285221,931.722670970861,1.01080297644952,881.498527275098,376903,2.79325647975707,97.283009144523,0.937197399919145,432.384674599072
0.281363097949064,667.241324421091,0.869244450508504,994.753698822242,358447,1.06845834348866,37.8498547271113,0.970865611153697,137.130094931913
0.159706912222432,634.57820141207,1.11781557667211,542.104229739391,335023,1.24180906259154,84.5434489552709,0.903074036541758,66.1954407240686
0.204520943366399,406.762434132829,1.12167546170424,138.599088013483,239019,1.47576530741535,48.6978581644677,0.933304535851647,14.6160534310218
0.229129244847369,504.922064315913,0.882414730584267,208.197669784342,321497,2.37291101134145,41.7653039544029,0.967067963862535,19.9892704569205
0.304291223346702,45.7788280952212,1.18375542624534,357.437330426594,20142,1.47061381066859,97.7227614250981,1.0108830557504,8.02478207384194
0.262682919571284,544.345025607672,0.645351055443268,148.375295027974,311111,2.70432925225043,85.1932449059324,0.925896168928971,9.3356835937465
0.460502066875065,820.70352462331,0.602017426993762,824.574734830881,389161,1.71456796234232,72.2965668583999,1.03519265923662,123.839095980674
0.253512106623857,548.428756777506,0.828400958282351,332.02445848113,250679,4.11666479010482,77.2840777917814,1.06885529799784,40.3521083661377
0.496157427263423,353.637890463434,0.960658236823505,977.091878618872,179399,4.48595046684886,99.3536106137942,1.01446792209478,199.808806582153
0.427198229295097,331.34903323206,0.977520094469796,717.461860335263,139436,2.5585900318727,69.4905556618665,0.959380289445045,104.823607599383
0.112170152035095,625.431540443956,0.885867441776297,214.75885174278,321758,3.04532706126255,32.642533810522,0.924278465097174,11.2919596475183
0.465991655175519,618.842098877564,0.674929987944388,502.240514596743,346708,4.81398496624377,29.8649595026036,0.90310701259679,69.4421606601653
0.0670195349638833,1043.73551000388,0.702298513072736,493.540010551655,435613,3.14203102139448,74.9955083105405,1.04636046659966,21.1267955242794
0.410550357160684,405.775783141249,1.11128879031121,517.886075416952,171825,4.9802928633737,74.3200857943861,1.02569587366254,132.266455128633
0.196505413803524,640.850072298227,1.12074667904356,558.906612110789,385117,1.56852397476822,81.1130344733566,0.995256681207075,98.25222162739
0.440207417018084,428.973583596599,1.00433912271643,79.6144282018443,281117,4.44890568238679,33.158404767446,0.920399110444028,15.2756562746019
0.435347778152651,702.035862608386,0.998530783367329,701.986069456442,441536,2.98881201069186,95.8676706066379,0.941405036252793,237.636699143222
0.404903446057634,472.323828134861,0.958609276816685,512.832186524021,264378,1.09085644499867,66.3368810432984,1.06303446073733,104.966164175559
0.39711491379046,641.04954981222,0.721755531421193,801.417128925264,259297,4.88889176575739,73.7166640765911,0.995970293604074,132.07247115521
0.15929277815804,595.654292594769,0.856950420155942,824.582094597409,289361,4.86019159897343,27.6139287533598,1.09256657192387,70.3524232503327
0.0496504486951136,702.302682693361,1.01753679087803,269.008365892132,374909,2.53308336073155,97.073066088668,1.0999944294736,13.0417173611975
0.207460287594929,1152.27125843539,0.922351363202003,96.0017991054389,482381,4.81656828434362,67.1943886557961,1.06014142527312,25.7290116886964
0.0950270123433892,73.6488647873913,0.61114820043306,718.072163306706,37708,1.56403856895418,67.2522334745971,0.951636721981419,1.93440772163382
0.350526033562206,50.2149461774574,1.17213408403206,978.874649040681,27663,3.72044056448273,95.7666487172785,0.946222992436024,28.1805599666628
0.179588866003515,1144.53648141806,1.10688963154329,474.325087251856,468838,1.76771594755134,94.7012633637751,0.950726864084765,127.947015232503
0.488048998421358,623.580784748866,0.756327008465843,296.632169113916,265408,1.98658894533931,41.5223943862931,1.09735701576331,60.5937488763126
0.324076317899213,721.467841683994,0.969875361099778,198.838299854307,307837,4.11734974881042,94.8324116429447,0.967068095613658,53.1131941699493
0.413015476180837,486.427578652785,1.15394363023691,323.073317521056,241729,2.50943233826118,80.2465967035046,1.04128934872894,106.495080105222
0.0749370896435057,109.286341967456,0.657606607268191,361.523573802877,47735,1.02851001131448,26.4175545498563,1.09180354196227,1.34970140653599
0.432387096313585,645.336870838104,0.90181768847802,452.681006262741,384277,2.65695369678238,42.9882361553754,1.06391922935372,118.452867664633
0.462151023351563,775.105501026765,0.873745815507777,672.636767053857,373865,1.91227728253184,55.9735109103585,1.01952076182613,217.451365379802
0.248660340221279,388.821240762555,0.846123003170119,309.504903276216,156540,3.73331965423316,68.7116841629316,0.933793104934346,23.0341694089017
0.307063939497979,275.472689073259,1.10135316533575,98.4279252952422,153813,1.777794786894,77.5997297866517,0.934987648935669,10.7994862286998
0.384756802442468,961.524057198104,0.828387688018474,404.614680994084,419083,4.3690141137459,40.7657795467674,0.998484617113677,115.180527156148
0.0956709273576021,73.8586917778625,0.638197999944605,862.848135351122,37106,2.06837204843266,87.7525385705267,1.09038889917485,3.05120719278439
0.256257377467087,678.549250036844,0.639502645298581,523.43393530929,440672,2.57211303313205,88.4286492916866,1.08089873915013,47.1821832048142
0.205344883608433,292.09696575366,0.625646763914765,966.544569858139,129074,2.19214744318839,72.6249114445433,0.933238411090883,22.5107305956007
0.0817232561595021,495.396510400874,0.845487253124422,528.440454534295,296899,3.57569339123746,94.0820432886774,0.957543948954968,17.700138040081
0.19009186692285,997.661780779289,1.03104376661902,312.103876075755,468062,1.40465416490559,85.9736820172891,1.0177622631112,66.9929019286319
0.0434044315988919,538.147471168244,0.722233477158309,233.648297382954,339383,2.91239749079298,41.6217744470156,0.995486098450593,3.00010251842542
0.0226478344052486,508.459045199661,0.98788111225893,709.798271946298,207800,2.33781926086023,84.900764973277,0.923872561875303,8.46428013167133
0.0762314816858631,618.284495540425,1.01225308326222,559.562221488565,345078,4.53655185315326,96.4901559064829,0.973861437399664,32.4130247470311
0.481926404678695,298.067223159336,0.753121274409359,623.798982545669,172646,1.29364837429757,35.3204835263823,1.09094287353106,54.5917984374324
0.279269472588558,227.023416179452,0.960334593636378,767.370449867425,139352,4.31878025973142,98.4023413593272,1.0902884449489,60.6924907556885
0.483252858965078,1218.95296303955,1.01092100401611,739.608291051648,498345,1.67072190611964,26.8744597577568,1.01188517620532,472.629988698572
0.221923960381765,830.890581329364,0.879968173681275,91.1951351598156,375645,1.35431063971982,64.1625433580329,1.02705226093545,13.434179430316
0.162789905211777,723.417593702658,0.802029958368057,812.443310030277,322715,1.80929143249203,83.0419854233863,0.944381256171792,65.050597434546
0.25800951279172,356.471839843922,0.971490930944596,556.068141699126,178289,1.41061192804724,84.2828576909691,1.04839054528413,55.377767310373
0.225360727430126,50.4167750857407,1.18670825239683,422.123104274034,25531,3.0839357928085,80.1004426859701,0.910499237426976,7.13946748318546
0.0617756952882545,26.5605204456304,0.856104845621387,560.643454954667,16497,4.95285981166313,64.7013529564871,0.944136437632786,0.805367418547883
0.324004894198201,571.682118145094,0.835041057771073,631.828876034459,277537,1.13730940769704,73.8223241552797,0.901176737533002,82.613918478467
0.115858709429704,666.020648342702,0.878560141455668,192.030994380107,381255,2.84451339727785,77.4949139239835,0.977140251750254,12.6792245898457
0.313598097899936,666.728620613895,0.645731036067029,446.544625560123,269152,2.54428131643145,62.0904418160422,1.07005223974042,47.2732545654262
0.328598535275095,965.83170748525,0.931897967802834,368.806899678775,420552,2.3584256569856,69.6763731350978,1.09650129542199,126.369825041406
0.0844921780330376,33.8197866321501,0.797218432330358,382.888497577136,17679,2.32745444173344,88.477604009318,1.03355119507611,0.859968326848186
0.0400613172842274,303.86165367057,0.672853273398757,136.768191486943,184009,4.58005102650585,48.465926585937,1.04897333708529,0.970099861611712
0.392573177173536,272.635500089475,0.879754044670424,201.851313600219,119298,1.07590460083362,64.2404745226474,0.952549915642988,16.8470996850676
0.235302207646967,363.646611988193,0.602030391944386,203.74046420691,224189,4.09966554952055,25.6359790769131,1.00406653869776,7.53094085613949
0.0385002597976831,62.6996222610438,0.841071147097655,404.563506060565,37115,2.01173271522377,76.5577299832595,1.04731557976507,0.829211174508755
0.497484495413186,816.586977261984,0.66344116075587,899.766967631052,477112,2.5331820432703,39.6539098461131,0.999455165193356,174.496996489709
0.0383124748882196,231.202735304449,0.614575622039868,245.726003324896,112404,2.68059965139431,61.0750940285327,0.917709278422809,0.853032641124611
0.350567262140691,1054.86371463328,1.0946850277467,445.382882291064,461232,2.21892701629497,40.7653912210344,1.04817283863286,224.910138125216
0.492002673379073,387.394327220175,1.14974928196958,346.028944534181,213521,1.37423544734159,26.7650285933869,0.94391287837495,82.6952763396668
0.127198251065804,780.888837069134,0.724604789015464,798.014146923771,492777,1.45732339531774,61.2415413773512,0.919539534187531,42.260363191975
0.0797021906567261,545.110310166438,0.923578958300557,97.6201107047753,277475,2.19252449633058,56.862520495803,0.995611589765076,3.95645161814214
0.0694786203169902,1046.46384371657,0.766774894278591,236.716225759096,465486,4.287236211549,56.8862135143286,0.914921815559923,10.6770523325844
0.158604822308122,6.31678464028763,0.896146463203309,250.109465237055,3669,1.53851061114965,40.6604619946653,1.02588873339633,0.222734179837035
0.0595124473952169,643.889872974048,0.861978792536496,993.31466029757,374371,3.97055933258372,96.0403442311134,1.02809465006265,37.9066749552094
0.349159057430125,1105.2240117714,0.761430633048291,592.236267067988,451623,2.15547891771715,25.2630363858021,0.951340394626602,127.262546443637
0.0405229810837307,173.557751581868,1.02023614778118,182.010351164342,70720,4.53385974044837,91.8659087498004,1.09290688436152,1.85460788511287
0.259616842793397,121.948145036127,0.675894575592152,308.589182312737,48966,2.71331390160256,80.2676442354611,1.0648903173493,5.45366693295864
0.498381458387959,491.213038110411,0.63184366930282,209.430989416778,212862,1.6868932531895,37.9054025149954,0.921917391579946,19.9470541640427
0.408845432057949,788.223317689529,1.06060525982237,168.374341138476,466906,4.94337780044204,60.4143989727666,1.04970242546782,78.1169961540607
0.311457524733195,465.06149210664,0.999558018732408,807.322926987498,271651,1.70653807691965,99.1637561131204,0.970614937521967,130.834328755837
0.16006427418544,486.189349035458,0.899115674487839,520.964997227337,264201,3.27047928492908,73.277367773823,1.05005770432979,40.2356512955023
0.315708959782903,129.854661652901,0.880673862283525,649.649630006342,71422,3.27714591238454,34.5532542864001,1.06015895847052,25.0215941570305
0.268250317316709,3.42194315446567,0.898446827694856,364.688684642396,1393,2.49125380471112,59.3231679142324,0.930275611212092,0.28371636969283
0.218780858106282,927.670122302635,0.862214445659204,576.010331763963,405260,4.80595437019652,60.1152322429609,1.03236839696758,107.311112208726
0.0740480846026977,99.4109690008293,0.835735377498707,294.690580897512,44699,4.37549824964693,85.1697499662331,1.07254599209786,2.0472730304916
0.444436065467829,534.940957324629,0.899814361731672,342.634461181823,317291,4.31927824335297,93.7122199619617,0.964674724810135,83.7046593494999
0.230394477922448,1102.10253369897,0.917109102695856,669.626047148396,457394,4.89660774171791,31.1681157466551,0.916065660836193,147.100635091473
0.105365030792175,244.69875068255,1.01514138845017,192.832619623269,105117,2.82843735278527,48.5527965214624,0.90545349598784,5.11679065201189
0.190202081929872,553.9444875488,1.02672429644041,636.360766209089,332971,1.38874310248012,47.3828595163836,0.922000192079346,70.8716758991813
0.212923578739174,95.4870292680684,0.826577448084087,859.623075601971,40270,4.06182370179918,99.7036093689264,0.900841184256603,13.8674988705683
0.415493568827768,535.704351808848,0.848124313646093,164.402064871731,302274,2.52325031780774,66.942033751855,0.965389188478566,29.6577844891133
0.369471046475087,130.89917669439,0.824218301841734,902.58821654148,82802,1.76138060721407,90.9873622089988,0.95986571759249,30.5843799052245
0.386959397884256,794.230402973099,0.921921464175426,125.47339628395,368241,2.93298937288101,56.9524637083618,0.922068253537484,34.5263894160396
0.0154053195700371,325.900798230081,0.872012122748517,381.463765608079,151314,4.70287576066865,79.2042362806702,1.03022357562056,1.95084352493112
0.213915459108083,370.394250445443,1.13375787788172,629.983849476095,232232,1.68542807605851,46.493923172811,1.09838127156792,79.0184007242616
0.245858634301309,545.866529490811,1.01781676014988,581.44402211261,300116,4.39479526091897,93.3839517616925,1.08018528296892,110.207089854792
0.0194042156432978,215.541202478925,1.13919383025267,141.571518869712,86465,2.67281976646047,59.13596807399,0.950570119935411,0.785399192534765
0.137308472285067,808.366210740268,1.02548219493566,808.96750939656,371078,1.54720792281257,85.2794122987065,1.05399632659431,111.138552213169
0.382542013329846,339.009336601538,1.18259528911429,974.49562848799,152017,4.39352921595463,44.1862662506924,1.087372652657,223.318270558152
0.0771837558072095,567.873190192682,0.981442066953161,222.166874724582,331524,4.87848136476571,77.0203256441409,1.08127284740911,12.6648496089732
0.27230196441177,126.275726385106,1.17813008289783,900.37442132469,79983,2.16508286334005,55.3868803300027,1.07690990426226,51.9321786816013
0.115448917288446,611.913411797776,0.694901934245656,578.968970006163,344371,2.21414483936828,27.357956723091,1.05729010243552,22.1340269166129
0.0159391795755077,113.617183594076,0.631486608497642,939.137082683061,64965,2.56218393215973,55.9756190319298,0.95859829522221,0.710974428609133
0.128188714223775,369.896733116825,0.947475111122316,217.281660495923,213253,4.25652145784323,66.2516231316565,0.916712613242158,10.2700619412697
0.488178139905926,210.504156452585,1.19009592347986,802.420323520453,124356,1.041668786958,36.3821210434881,0.997563870569191,110.579403906583
0.402753184822665,776.869446053319,0.850563148381438,106.792496673065,374439,1.89582620695014,38.7934828894461,0.910958226871267,22.6659054866063
0.480192555717306,240.861773459539,0.727226017315776,889.03662446259,131755,3.8235992444253,59.8647098742368,1.09969473690701,69.361528334448
0.249048481523918,1023.21878370061,0.912924869516108,690.451451089652,440977,2.6225578019421,50.7047284325055,0.971661936612948,159.083688511984
0.0637707373519767,751.072543360872,0.989279174747333,401.742044726309,446019,2.32118249187251,58.0555403502522,1.09166798367778,23.3631047167
0.27850014959711,194.545231065687,0.789107217309533,230.943482322958,99024,4.48913155560807,59.5620241992042,1.05462419838018,9.88952668346077
0.232644893934381,465.160676054262,1.02886161509956,825.706443638845,307309,4.66933568058496,35.5057032777067,0.98225819073816,110.442489801298
0.423734970542412,88.7218992586414,1.18506870422744,623.079255325071,44771,4.79194487666478,38.5895931452586,0.923662282543208,34.9713673716306
0.0580604645842799,305.530842301059,1.13817787302637,392.395060300601,196377,2.09020213061719,88.6124045109621,0.947438618068943,10.1623019128504
0.249238157140671,884.418452115916,0.774951224107317,471.64403356239,356948,4.65005043815643,37.2039016982863,1.03460891522988,76.9753334693158
0.0835238457000523,756.014513245326,0.796034209886759,835.215523268758,330052,3.94786221890916,74.9435749756196,1.06598704067575,43.1107898707526
0.169091204176129,622.359601642612,0.822924734669753,371.980833689024,312726,1.61685899395432,56.3896035075844,1.09588809836626,30.6133625888624
0.371304967920022,225.27636581317,0.836731667036187,135.151044204432,141988,3.44108011323284,97.6177514477231,0.926432436802741,8.89597148118133
0.243248883390696,396.798798718849,0.660191699515968,915.718063593299,189634,1.10533927722796,29.9578271416178,0.931189469076987,35.1762845888565
0.194185259721427,118.291457624257,1.05717770333357,417.976552675133,52370,3.83351262308346,87.2791649523071,0.908487895338029,12.0516707455072
0.203293376499317,608.308232610336,0.81920355816642,380.968135559453,359793,3.93427009060375,61.8586923326966,0.952072905100438,34.0103642050985
0.235128916518933,522.100581756735,1.12789198602327,244.179637932142,252441,4.15735403437999,25.4014278148141,1.06421348776226,45.6718804547973
0.394658106480158,820.790436173045,1.15616437387207,902.551442666928,354674,1.69010021648974,44.7745164204665,0.939651371346182,369.800318265321
0.447121497580715,284.036791460205,0.614658785584613,256.630067003442,125223,3.51299976379012,55.5772639411952,1.00957294997901,14.0129926802032
0.478113996386925,375.14588475047,1.19310184195692,654.839224601315,162895,1.71542673931062,48.5646065086694,0.989281439601204,174.282575156149
0.395582659265095,399.186228960667,1.02601363890011,886.726761027698,167773,4.7866003335567,52.183709801045,0.965165248468027,157.815753095637
0.164549378916526,33.7497087043979,0.912235335595777,83.1679338730565,13845,3.70004277072334,93.7503931852885,1.02366928269089,0.490951114275872
0.347186005982406,326.192827911207,0.833716565023532,837.352120035186,171183,1.38130339201622,52.0700524294246,1.00046515786604,68.6354838081129
0.224425530787142,831.332795079716,0.911110879565828,440.069450605286,401849,1.74812892002329,56.412203455205,0.966952634696917,73.1817612300166
0.134788604802565,1027.93804363202,0.794774834387067,675.075846501951,448752,3.65384039251899,82.0848665183585,1.037770177024,75.0499893379924
0.422027073918702,570.357721442,0.973612688217929,403.784335064276,259591,2.90668198463843,84.5375174311281,0.955993638207708,97.1862377928985
0.0288289109915392,569.714790511616,0.655788165866875,710.740443530119,228295,3.94519066484351,31.3067238840021,1.0286366679589,5.74968011940705
0.451863376146358,24.7955536027452,0.972673561747086,291.580168829814,16381,2.12315519570264,77.8052525925253,1.09144917366831,3.84079748081749
0.23612395766612,815.744742838305,0.765206910083066,70.8340153136265,439723,3.63167014738831,61.1928965257582,1.0457903958363,10.1791857420829
0.322228723636057,13.3434612236164,0.610580897431408,950.398139048556,7492,1.70784067212176,35.0390419928242,0.983679911927266,1.54570515720579
0.333083421880834,832.572639409554,0.931623459697727,65.5493758380786,472431,3.17484105344413,44.8532922960163,1.04951186424051,18.5410584445295
0.448607692946203,422.224777756344,0.947068653511618,832.894325151832,245119,4.83119836619994,28.3776622979889,1.06184836336003,177.003638764558
0.321968144261932,379.140879179914,0.855941402826922,210.68071365635,171625,3.51288892916395,52.0177891608876,0.965168093399595,21.3480590851657
0.31082745653243,732.452057155755,0.64337173953019,422.609217171927,462185,1.19997447001967,44.1554830250518,1.04102644313166,44.8198142063331
0.0426594998747381,29.5242299518677,1.13600577168251,831.367757680753,13171,4.95504855094651,53.6577548035013,0.986879239214683,1.61042467351595
0.26401993075315,638.57425881204,0.966858484336733,245.635542796728,291131,1.62746531859546,68.5255410648068,1.06370449635637,43.7012787214268
0.0835828104003504,481.325819694749,0.669427979741382,872.422225248784,274917,3.87227641078842,79.9254664027465,0.959075519035072,18.7556219776255
0.371342546673528,193.584715846544,0.906558345956489,522.870992146806,110441,3.13012015625678,70.4013989919647,1.08755193400489,37.246801094018
0.26098874119821,457.736958757848,0.898352589569083,397.845789581413,215015,2.17744275121722,75.8782976694959,1.01495738745279,43.4786083750073
0.343311611812093,738.553622518311,0.636241121275756,679.315859399519,326480,1.70924194171084,89.9229340464095,0.970660662787143,77.0251444354434
0.0304197212951683,864.658148980094,0.964115822161768,374.32023588191,363839,1.71080945710686,90.5368332596133,0.983874253742364,10.3399539031292
0.0515480878624436,3.19185338815052,1.08499583935294,379.923941046539,1357,4.43359872483264,89.553951126938,0.969559722662807,0.0915853737564431
0.360998460150714,1154.77303393582,1.04940483254909,746.850071391388,468490,4.49165005665369,36.4876686609645,0.929249267171431,352.658564678881
0.04532132463935,172.958922032673,0.72178164849851,344.340613312152,83098,2.86058208649885,43.8301850195234,0.913698479377494,1.48271049276075
0.0449157966049767,283.151913168927,1.11737551773253,240.734015936704,117556,1.4144858516999,62.6743978695679,0.964355739027652,3.70555701652772
0.0159331528650948,305.815678848626,0.805525299395611,817.263821596743,132473,4.53666041538716,51.905447051202,0.991738088215638,2.97346161691722
0.478685685166745,47.5868350303681,1.16790502697516,815.10248204087,19872,2.94806594470036,34.8751726209972,0.972363387887204,27.2166479742205
0.371379096134913,94.3300348000107,0.643048778535428,522.706418521526,62403,2.75504969146765,46.5812675954239,0.902783900733462,7.82538420206101
0.183093190166011,1216.15623065531,0.891725213111906,550.322835354807,493189,2.62942809775048,98.1571571249229,1.0158012491905,117.650026525215
0.155302434830951,312.396010067458,0.958274626306529,711.272794479257,158293,2.46005669543682,51.0195066622402,0.928963295978188,32.6336451198074
0.181354582575466,134.524141294763,0.748590059084763,533.810577174312,58535,3.10402161443438,56.4185551221971,0.942201055712323,7.83184145932684
0.389580230278779,88.5003776425432,1.06282811323214,446.187961020771,54388,3.41816490644682,25.4801066392973,0.92414970685624,16.8928039194448
0.334071599424503,682.559649845085,0.97613740788643,995.149483631909,360011,2.86572881429182,78.9561159842649,1.0040865460057,255.545992328163
0.100745828255059,757.175431195062,0.610865662372773,190.258406459931,427430,4.58659265382018,56.0162549159035,0.919031858482804,5.91329686366963
0.0953135743137013,231.516354665361,0.965021154417741,613.091580277868,129219,2.27064491411799,32.7355047171371,0.951271449836783,13.6918705440443
0.0582138683595647,18.5586815028984,0.894886940651068,891.569874771877,11433,3.31324742714713,97.6417553728504,0.990341743523999,0.888241041364165
0.333548332653656,258.988005198896,0.717617521022105,702.854289122059,112322,2.19981568077594,83.3074909438815,0.933541777034374,32.3965966478398
0.384542604488651,44.0713848280821,1.19744893623572,886.877134133827,29201,4.01340009517014,79.4612567074545,0.989248272340367,25.8510766851982
0.139872749879252,95.3269120046797,1.13829731689657,369.517984336939,52594,1.40848439731294,96.8404251131252,0.968547025143478,6.94847199254802
0.0202630309051473,362.211837529661,0.775504617017438,308.393327447227,216322,1.75479598718133,55.5610063387853,1.07211943547392,1.54696642113643
0.0502641170634494,241.762387557663,0.92464255247917,858.708767557,115729,4.2048056397078,78.8900155219336,1.05898064252566,11.1249046221196
0.484251417074065,453.398813222547,0.789901283946174,424.408847376188,258457,1.73279038087815,40.4655923039088,1.09857091669311,63.3375572848271
0.154767940963936,224.259989963151,1.06529745098165,724.198206904446,127493,3.50298538477896,77.284041058909,1.00578234659309,35.2174538683391
0.386919342440685,935.173090927174,1.15819885991787,190.361149493409,470329,4.88097380761679,26.0559319140702,1.01507941871151,108.158464584127
0.316085148738589,975.310212298036,0.81529716414863,768.046219107841,453066,3.09156245506386,34.4729035330461,1.08932916962315,189.851002787186
0.197150423429919,460.184642124958,1.08335054948618,571.533516573626,283836,1.74958578536028,56.8944188952136,0.979918442937504,64.6661755911982
0.110786758475822,298.001440401156,0.899044525627923,305.181057914938,177857,2.28276418277055,25.9069521104506,1.01113653690164,8.76886152053992
0.0694793448981091,334.045833768515,0.837947136786946,519.77876576096,191192,4.29383230581695,59.6474391587814,0.975817099145095,9.9874509842981
0.311356354339045,510.863638690356,1.16305311125926,712.096444547718,206514,2.40664365247989,64.2093811798753,1.00917214117962,174.272168508517
0.389570552512516,690.68113343422,0.906242813231419,61.2920884050145,364062,3.89404543611925,71.6204948190312,0.916153286503508,14.5856625604357
0.325513084235154,475.144188835964,0.880446300154479,655.593705873423,226368,4.10940025153604,32.5290007745212,1.05675881866875,94.7807180823716
0.269848045292088,746.266769134111,1.00346064117741,564.511239359611,428509,3.00473138898066,38.5758934845409,1.09705598948581,134.577006413381
0.0305560994815018,939.703903664951,0.756740520610971,259.271859359396,472104,4.13285353746556,70.9962528037896,0.913148080487911,4.73768751355156
0.484559501021248,265.454735210925,0.794875722472989,765.332020277387,168637,2.26761201771286,74.3640784346979,1.06020794604629,74.0191161373374
0.401369953910742,430.935642927092,1.15922750174317,338.287935401541,280787,3.06463858686562,26.9425171157707,0.948346960099007,78.8271589759644
0.153482797983473,95.3516709045438,1.00711790726217,313.017884969237,48433,3.74623305588856,65.5275521586279,0.939509410655396,5.2307772817989
0.490185461385837,191.829142455135,1.0959822886626,497.657431549357,101034,1.67229258921752,83.8736298999124,1.03867407965469,63.821287612009
0.304921978921798,339.35639099819,0.762667057161258,692.342194501246,207319,2.09448786952876,30.1825658339046,0.908826449711316,41.6912665173747
0.295387102521551,227.28085045772,0.926274113957923,932.403677082442,103895,3.60814641357461,55.987964893489,0.992647869450472,60.2935636395752
0.376555857920471,1092.8988620242,1.1828377601937,184.289380975499,438404,3.62144047931821,49.4883454772576,0.900288893183064,113.046889026059
0.407767196164167,151.623310993419,0.791222339416931,426.644714714147,79985,2.97321058581192,93.5249219014013,1.01087880572929,19.7468257615221
0.331674517592436,485.196078477635,0.696285885790225,113.640112886998,228375,4.18234142712848,38.9351794904841,0.992416333546325,9.71354431580622
0.072766915719438,746.882676666376,0.906531604934798,770.623210098155,303244,2.9282196080199,48.877030985836,1.08309652133613,40.0398781802114
0.175751077937304,807.270668860006,0.832692653234926,475.346245197293,346240,4.52528906165493,92.3833558743477,1.04405438055688,56.7564401455718
0.464760983759764,377.298523259834,0.695746339672028,721.582678428776,192151,3.94361372348778,49.798997954498,0.925201234375788,61.5318650090464
0.120061649803487,972.594166594522,1.13313082962202,356.084702777473,434681,2.25877945321337,64.8510580439196,0.970907991950389,55.949366389952
0.192361841680382,463.352579239937,1.19443434633227,852.101379336007,284591,2.58101603393822,27.477650292316,1.08631595393576,124.344134112884
0.221717672642656,443.294648812651,0.941149308413999,558.086674328109,220314,3.67074674307938,98.8676827131277,1.04506682945482,59.1189255393323
0.225308444950282,61.4718697573983,1.06480606102407,946.427430732472,34553,4.57781047529397,86.8710030903392,1.01885502299726,18.8132850350607
0.310340395422318,386.851799637258,1.11542302172778,124.873907186832,232880,1.71483493081403,72.5800708560007,1.01181431815738,20.6265629671566
0.472107160494907,790.830773500987,1.0205892036131,538.562983314971,410548,3.05865415496792,29.5566454817485,0.979619693280775,229.894048448078
0.127939428797927,501.791413758828,0.626493629467039,778.132483697814,307656,1.47513768529751,30.6152471029586,1.0170402925338,20.1380258074882
0.0695356743874498,915.325352292522,0.694580539030091,620.145015669934,416249,2.11782062128052,65.8730223093017,1.05433288297352,23.7166223333468
0.106760540031369,484.192885783729,0.642593514690832,72.0344334055006,247512,3.74392543717297,46.3798327152576,0.925507535271273,1.63022884350352
0.444593201102542,122.096166152727,0.605927763985234,973.721744426687,60112,1.31093854099265,71.709208562738,1.09396612792963,22.6900062907009
0.326447298201051,12.8516105772436,0.783597845254342,333.350508422103,7806,3.64943432755539,69.8644361385829,0.947872973817795,0.969566113181675
0.150094326727188,249.747062614506,0.835413576288936,286.813973048063,152306,4.60324448378119,87.8988548709473,0.989548536287475,9.23545077643541
0.409814000094622,727.730761290056,0.744617839401555,511.376881826251,349297,4.87748116407387,46.1032795534482,0.904543124929556,95.4677102299545
0.432071298218084,982.423753706893,0.638762788851792,565.050202147181,395340,1.86652880410206,68.3397643368244,1.0100691845917,113.401244451419
0.424792025958236,237.170911657461,0.917917854502007,777.973730710334,148580,3.9955918264315,83.3022489129071,0.976373369452325,79.8852363161024
0.460274001483382,443.452471387169,0.763991591974285,423.60997477604,248331,4.70548179482212,61.8079739741745,0.9499511744546,59.9771809059909
0.133598099884947,500.282858947577,1.07762229291814,467.962357639102,211138,1.36547724339774,87.2982748704208,1.09710485075647,44.4042133619488
0.379970545085676,323.653765994753,0.604831572975169,558.211920137139,205851,2.65609443395682,34.845715118033,0.985628228534455,25.7355923940399
0.235664353664329,276.655261053132,1.10551623077257,424.667744754559,116443,4.67763906748866,80.0423323860358,0.982859272718779,41.9211238366463
0.42257929091613,139.774922866043,1.17285220736757,918.820675146098,69049,1.81114999301932,95.7236568640734,0.992620652896195,79.5685087097249
0.36696043180919,189.198925834483,1.02968103789214,858.68936830254,99147,4.73504273515137,49.8912490745175,0.923230755813232,71.1750624460551
0.390459248784865,51.7749609460952,1.04018643915754,482.225010323984,28610,3.10876828435111,52.4752331808974,0.978619221962989,10.9915725602253
0.331519300463725,179.472699230753,1.16013738696164,50.1851192204513,99867,1.39957233015022,31.2662257893141,0.967280851821112,3.92141725506495
0.0969400970401564,10.096242238475,0.725442771180209,905.887770752817,5591,2.79950926702206,73.1119584681034,0.993024891752511,0.533881134869896
0.2770631902595,748.832937027663,1.19673934092515,168.119744767492,314002,2.30504478186826,66.4338044226153,1.07132423336826,59.5674149123793
0.492488172367009,353.296572013098,1.06408872202713,282.286794434344,158871,2.12881664220723,28.0259319049276,0.938557078911821,55.4760471019993
0.469320152583588,1055.78721561064,1.03594242499668,194.743220147128,486600,3.16590230253474,81.4159020228484,1.02154786514392,125.004527593645
0.0311551305405357,224.507335632397,0.816654347397176,220.824791481973,97665,2.93437076300748,87.1963371808769,0.907527417950386,1.14840192687746
0.0907592597074242,304.978877828303,0.927466491243366,812.733660995343,173568,2.92786863848037,93.0339703105566,0.963358500420004,21.8272880140072
0.0745470989927353,380.322121465836,0.992350672964008,600.526369582628,179563,1.35256692441246,65.9300564627981,0.994531523818539,18.2814097215017
0.365730155892795,10.2256655686436,0.97220571679033,958.290404969081,5217,4.20927272410855,58.9435026176318,0.914855830159511,3.74353372378117
0.410714811629903,958.089112999809,1.02299078308655,269.880836707531,419765,2.92575726142318,90.7102865899058,1.0087935869247,130.834013069679
0.114620569492229,30.6940299141793,0.649429043447046,511.353162724672,16965,4.2836233148075,54.9022614301104,0.962065124214416,0.878456468789151
0.257867819546396,1007.61542672138,0.813389059699018,978.556950628346,470150,4.2983785662038,74.1582343925921,1.09856200271846,222.474881871033
0.421944483725488,1062.81215647024,0.860400009957286,835.121338561031,446145,2.26854129939217,71.1521692300695,1.02619390043713,303.805984515385
0.369072756935463,510.204311477385,0.75637757872498,742.184895164467,268225,1.01738521523045,52.9120824863884,0.948835039203143,75.6847591692197
0.275696230691006,426.519129774141,0.703576362161534,229.526441302252,272254,4.64498270983247,31.5167453174536,0.920534649089507,14.7487275162317
0.299270368324799,659.722390849017,0.683356487947718,780.93513086423,327235,4.04277877234496,26.6061654003014,0.908143955874308,72.3946083716984
0.259096667988977,358.37340683788,0.819830035353951,380.186866466122,194138,1.42900782729388,57.117830540154,0.918154652875042,22.5132965043735
0.155798741146222,703.722823183585,0.89606502033754,554.01005219442,323964,3.80690813601241,61.0901181117518,1.03601190540579,59.2361690673206
0.286860776500918,57.2046574307077,0.637785864087996,628.703152387563,23339,1.08009307467552,86.7008701142419,1.07099845519887,4.8557712890598
0.347553798004544,55.5354790460538,1.16787485675433,628.895525948041,27969,1.11103627688279,56.0808737433603,0.931346622942216,16.3477943375278
0.437928228771796,450.568220761982,1.05914599371645,740.197298317841,229158,3.10329295839137,46.0869906050102,0.980426890710551,170.578155475983
0.321782763449832,593.075321270302,1.03851106391128,678.616988010095,275262,1.38414971694539,59.6572351056365,0.970847068639178,143.091647881054
0.382949553151147,711.98656504312,0.703716314993236,114.95233534506,444021,4.85734608993967,42.8492860318016,1.02890361823761,18.7646717319789
0.0884351011277408,93.3303669055339,0.962280460807313,484.479674651652,53225,4.57532490660105,31.8520458336217,0.936535576344734,4.01132055568293
0.236163162465697,995.414830402065,0.9178349680852,680.82052638398,411502,3.59924812499154,33.478227526458,1.0906638620895,167.613165493325
0.0145724937152757,229.60813774786,1.18948130747202,331.193333057442,105813,1.25483588335325,48.9365844922696,1.04571127637813,1.73069543360755
0.130872643615595,299.129188405234,1.04860306204809,347.40385285557,197648,2.29934103122826,25.9507313168868,1.09101437577693,17.7444278075716
0.365966240405372,271.008176129323,0.945457130229739,168.339170366885,158984,2.48689199162418,41.5152465010929,0.955473848990673,15.2211909931648
0.495986876161188,438.045234034881,1.11048759988207,447.684236676113,200677,2.9235193433148,84.0642355699265,1.01754312757171,144.933421096257
0.0585972687977358,172.313986117404,0.693056562516426,987.488912590866,76097,1.67561149602581,42.5962894322733,1.04645358742207,5.37347458928199
0.206732214772031,590.30211285378,0.609129917814586,321.053393223636,252281,3.31004657118878,33.3047133279637,1.04219124455355,16.8417686440872
0.402034774662588,718.698741692268,1.01414000004871,554.865048051793,401020,2.74308259163689,96.1810419995904,0.904269219885673,184.512586612536
0.10997746096816,538.047404071132,0.658986876142342,756.07539014013,221325,4.78918785357143,71.6852587263715,1.09965783269798,26.2684338325581
0.28199162515812,504.647193591743,0.669260183990105,62.8224073400571,245816,4.74478091850088,29.5019462076749,1.08561199455376,4.92987946538347
0.369204935054541,932.507693869444,1.04680843585472,905.417581618384,424535,3.26189582135989,29.6682974871177,0.923950416254522,361.013704029458
0.311832870627488,740.826065213985,0.762320906480393,417.222675488692,353323,3.57739734396214,70.9091594274377,1.00871335485903,64.3702366124121
0.102132119961554,398.767272815577,0.977178729341336,875.660187375433,245737,1.55118587109497,65.5096601548684,0.962911291063883,34.8337820861551
0.184138438656012,319.195028709687,1.15044415565565,87.0002759545041,129590,1.89329295536069,30.1281079294739,1.07577880318486,7.5299528451374
0.394057974397845,718.250651273974,0.789884718982715,188.380374270492,442579,4.60286161680764,41.8236606230002,1.03950392611763,40.0246552877368
0.281570991924688,507.043308311753,0.730286494703951,356.402981753681,288933,3.79666369158294,94.6782185864191,0.944703431346479,31.199074241627
0.0125625106360272,257.627091718589,0.663937730244631,378.188684410115,111352,1.75772078913231,67.9008107860763,0.906772229073458,0.565903659190838
0.382885472413766,286.627101518445,0.678277416851836,855.404511876616,135291,3.28084122429289,58.0244048610873,0.958348360522955,46.7448707253722
0.0273025639207171,939.384161278267,0.637333617227306,60.6410596188234,401764,4.7390450019578,43.7616558940275,0.907627454561568,0.698225272323396
0.375409553538304,46.4183729458775,0.652585427297844,659.056187646196,23028,2.38068442464761,35.0273531726403,0.928262142599672,4.6983107141947
0.109215474480966,931.090002376561,0.859202753285492,174.746814369623,496054,1.74328150207634,55.1973763083011,1.02722760832274,14.3584872169353
0.479456005258496,159.950786017633,0.792519027014382,832.054868175497,66045,4.76810110763639,94.1774919498475,1.0490170136236,51.9561296653728
0.190290968138021,611.794050422457,1.0239364885938,789.644602660017,398238,2.8450614411684,28.6533546758156,0.993603380001152,103.667077357387
0.170196492005659,466.497290718361,1.1221449949482,524.924976040641,197993,2.66896799465107,99.323411195715,1.02005757413883,61.4260189827738
0.0829551446628979,426.84735891187,1.07086392188543,252.052864236756,246616,2.070268799171,40.5859540151506,0.931177007253202,10.4369491673694
0.159746065590205,1034.4891718776,0.918382353999391,652.770621417278,440445,4.56634117978858,55.6575520299257,0.963359034106541,106.201973207523
0.439558873295818,339.384184431672,0.661465269739592,198.445401774763,207043,4.3824670675583,28.3788481124288,1.04257676945555,15.2545016128987
0.498203825437351,560.013666996167,1.02586037036493,230.522602963021,269209,2.61196159774702,68.8586652331024,0.972978223217019,70.8387706188014
0.190471669948356,61.1355627266937,0.817697234836124,645.35540711409,25600,1.12245311958832,61.2666449050744,0.969762244717558,4.93394288863209
0.229819209167726,4.28455457341749,0.651390236349246,991.667023784193,2171,2.78660572202456,75.0030276051085,0.938798527405209,0.449312136599781
0.363814759719341,276.675918712257,1.10547984432758,896.507795389919,123155,1.72343206632021,65.7008595468604,1.01896497521305,124.63922873824
0.444235932427887,784.9965044294,0.802929910309503,613.451989799493,340611,1.57093628059552,54.8633338485302,1.06190772120384,157.986143364698
0.300591723751524,137.568995272378,0.730949299506943,561.609930329053,61511,2.57237444758169,80.3317523358753,0.993889005721127,14.1465073742714
0.201847592107136,140.104022910035,1.12287123877131,998.465636007703,57767,1.39630774937851,26.8765845840218,0.923107851294218,34.877771799031
0.212184702015826,401.182183049011,1.1412803210682,570.027290252199,206069,4.82985802772666,65.5771765655946,1.06767348638189,79.9875719635071
0.350852891783435,542.546059283524,0.803382502314936,449.110695861472,324271,1.19015672712513,33.5407152871757,0.914279420920307,50.9716652265597
0.0115769491660966,551.522229462722,0.812880851568824,914.077758986574,356324,2.60547850959491,57.7006249814375,0.99434547464024,4.29952415247684
0.313598775355322,157.263471881248,0.947777116549887,272.475081075824,90047,1.65081080812678,84.3343987643512,0.952215467231449,12.603020595929
0.184191575116265,66.9011431729802,1.04006489628639,142.649690781969,40714,3.75524528611502,35.68455596953,1.08726363126402,2.4408812619612
0.399156692325771,967.768917198237,0.637889521144118,652.385532643739,470259,1.31524579685825,95.1857761579364,1.04750863958971,119.47999280896
0.0555654135133348,220.849155239016,0.956006194313083,141.057152080312,131072,3.18722229683454,91.6378519293553,1.01328179659358,1.85580921036799
0.298219110804711,656.847684945249,1.17169203707015,404.491110105312,426820,4.09240598080775,56.1178803150024,1.03355108813787,128.697960530082
0.245676716044201,663.367895261287,0.757256338307972,452.398516302635,431883,4.80023934019588,25.4481130544452,1.0065454525625,49.1787231982434
0.324739507693561,901.125963853537,1.14529632845816,570.161163696771,386489,3.79411025187765,84.2308620005865,0.929520189043882,247.260643894533
0.0417782612966545,178.291923755655,1.17010100445786,992.076568460564,85248,1.39796703053833,91.0671852559212,1.04181973599931,12.3370865809721
0.294192055839784,763.819847817028,0.761492184582654,259.932637166522,411079,1.35408219885656,38.1053569266574,0.998534790453898,35.3172418448045
0.285127448100167,921.43302761684,1.05252111953121,406.968559581566,384856,3.92639219415226,93.7144156612418,1.02686185426455,151.818796160227
0.284723446263924,469.119790607226,0.743265004991736,175.628118190125,298765,1.86131762001387,93.5572957971022,0.909040332795454,13.0417162866289
0.305708956632263,419.829235318203,1.04256669703928,627.232849731573,169264,2.788957234533,60.3468138275643,0.928406958512651,87.8895551785897
0.341469289240918,279.333585979267,1.0784519827733,741.289523192442,131992,4.90648440540544,84.8526108098381,1.0178740951864,106.497614720425
0.404444609843577,104.075127108862,0.74832342222639,507.972982074085,61822,4.2796271936155,58.3710983703991,0.99188578061659,14.5561917409077
0.142212152862825,556.46669673665,1.02952172614994,283.539704875472,255369,4.3863734292008,67.3034699438963,0.945374733790731,27.2468906455529
0.41427421098823,663.272561273274,1.08726272331845,639.84385572266,293045,4.44307961891231,48.9879257357322,0.948152184106711,230.983852484452
0.254145284309092,347.879797269584,0.815147323264147,562.199837200407,180310,3.47818136048623,36.9602008990618,1.02633166251119,38.2717344975576
0.0477585567758223,562.550333338114,0.700621665593836,212.626437233532,238204,3.97573569544991,80.9902437860524,0.911793405385815,3.09538925747318
0.0386899553295498,301.083686696432,0.655178740390508,435.397805477024,182394,2.43584365853715,25.1044633389352,0.986851668844715,2.16959110257482
0.17377677616107,570.761384741879,0.945229022165965,463.437237053435,320862,4.9937849062914,68.4664517236586,1.00462070094532,52.2199037405368
0.394599518784619,718.23321864439,1.18685887158943,983.486866082861,450729,2.11848867861858,89.8514519783848,0.961628520548467,433.754225831585
0.356763658023049,141.653841690926,1.09377019201333,856.821540547746,82796,3.36002961321408,41.5957965082338,1.06410996569847,61.485970448276
0.396421332689479,332.658812481276,0.861503783360732,747.652248859914,191323,2.12824671328477,49.9674592598502,0.911353916513769,72.5911303816506
0.263461837656389,172.360323080381,0.921972541712975,894.3381742278,71293,1.44828420224029,69.0614389648347,1.07315655704939,38.9217634819285
0.22569750899819,493.706881796733,0.767716731247091,748.710185537279,312847,3.27034325937471,43.5152684898355,1.04465259857755,57.3132138796981
0.0822517380860791,702.941786238299,0.697839520416038,908.231762369447,364707,2.41339468346456,88.5615142998087,0.989250875786639,29.680033024117
0.170814449268563,947.148598214922,0.889248694939364,101.825459135533,466025,3.33287707009355,52.4952375334416,1.0848934780425,15.6614628803996
0.222669489425199,336.193622341749,0.878100939700311,483.262898803571,140157,3.23471390665997,68.6210289864915,1.04044765929894,34.500233281077
0.0534142105430124,1186.79534447419,0.913157971682256,759.553418479742,475156,3.16902691657425,41.9590860699407,1.08620906993181,48.7428210719132
0.118099856828494,73.3883441267092,1.17168275133836,604.131006779513,32568,1.49320448818612,28.1039752743239,0.994517955883113,7.70468845759493
0.303130394091232,745.941683216752,0.962337180086863,216.407855943247,301904,2.76072309740143,38.0275199510245,0.990594620199077,50.6284556745601
0.370474925977203,67.4900673200011,0.963463101973424,373.467482202108,29509,4.24801575759517,28.4649203206602,1.00614852628924,9.90354377586384
0.499190280582545,1101.03680129838,0.676814857716646,351.885656275357,446994,2.26057398217854,60.1452924709914,0.913085340797161,87.9514698290172
0.467225532358343,585.75446889751,1.19789331970609,298.279567525119,265375,2.77532602116826,68.9978043188537,1.08169885026733,150.396064723844
0.324856947772244,529.228646343236,1.0637069665408,375.978775838268,335005,2.97532636128107,28.350640576409,1.03354341032837,81.6322341284602
0.216411546114095,791.115113300726,1.1263220064564,539.110624038065,415956,4.45092525036698,31.786166615345,1.02351713558187,139.543430812214
0.321726908707034,163.152126555407,0.848580247098596,862.125573544112,76005,3.62239907690408,61.4143770107763,1.08529270729411,39.6457667785484
0.394969292859314,37.4900048460148,0.901276857471375,754.931029274068,20257,1.40081013934926,84.9384949150732,1.09872743552168,11.1182795552887
0.0679847335524598,779.512181813929,0.913250285497366,843.487218815422,439562,4.46068394322008,72.1006884186789,0.932678678131695,41.5421062799699
0.210853395951181,328.542771496366,0.716456723573763,889.423557334932,158151,4.32826390192836,32.8532665077902,1.049799396981,37.0597259551774
0.421503119961452,159.053682661271,1.01369349379617,445.342933292727,65360,4.0145839223967,91.5656705381121,1.01598903489768,40.3485949089992
0.198078146447192,360.355414590399,1.14178603417047,378.72496982541,234762,2.86423207327535,93.808767609231,0.992199437718056,41.2263348273084
0.290217412901321,679.759553176855,0.698223490883051,104.742212599954,299555,4.03018153394323,49.3717620887096,1.09552252032943,13.0632411591935
0.298006986822477,36.5727546329463,0.651790964091699,933.967040782613,16454,2.91496825057103,71.2013343911022,1.07005260223102,5.39932744161166
0.100393364035483,340.451836646176,1.04293134332421,112.531867041237,138173,3.94649413730865,61.9245362638534,1.03934999681869,4.91536437544024
0.187495366409621,42.2141617982493,0.763921099003789,754.078739601947,17367,4.52044065989014,95.6517826472367,0.976535233438028,4.41852092065745
0.173910531483547,476.758725753128,0.974317524970398,409.202889242308,210747,4.56216634052239,63.1561399711552,1.03320816083094,39.9133874859299
0.0228363871807118,904.446085553989,1.01745500279531,951.341735774227,447655,2.81831429674982,96.9974360284048,1.00633882471188,24.6672489323929
0.0218539643067641,837.381636675971,0.793146458149093,448.621919887423,491344,4.43737071740812,39.9506912897655,0.94987368994854,5.74823477142703
0.417531551401129,652.199082509688,1.08908675845547,825.777933786981,318887,1.40582952203085,50.915256827176,0.990076264629135,274.876871417752
0.143804696886678,184.981847767497,0.92999338926853,318.522090555493,81657,1.40727766994712,83.6008930072103,0.942442393620343,7.51800218915169
0.26385859545702,1085.28367104001,1.12139964477108,334.134281381654,453019,3.19306778746992,83.7708051695026,1.00008405864104,144.300001316513
0.156375531058499,592.137843277922,1.05797613153537,615.743439384512,258608,3.60737847382508,79.9137455467529,1.04404761518902,80.0240637489395
0.470932830106517,131.757841469984,1.12114537922247,998.0835020221,77721,1.61197510391361,89.4708598498978,0.907329244763826,80.1347611187718
0.137055411844229,967.83360905291,0.612096829270736,541.693797080236,460942,2.88872017922397,77.6909629707859,1.05307594186373,32.0290537619056
0.220531838242078,694.351601172815,0.746103756443157,939.493204573626,378977,1.37745067126369,72.7063858354175,0.903998798401669,82.4161963592409
0.437637822737455,552.551888150729,0.654004764267563,796.937336836291,366121,3.40839794221324,59.4193759808134,1.00345554059187,92.8000423259965
0.422547447727986,603.376105913618,0.865249810313609,806.071098468373,354881,4.42037614701139,60.0315807496995,1.01469534143003,190.596754943886
0.101189694744676,162.88527580313,1.13397607296919,464.161989672326,100969,3.9505559040781,55.4621119903181,1.05224869192556,11.6259245417267
0.403295221799898,249.012301079257,0.880524157360121,417.215137664161,106292,2.51316620971709,71.5158849777865,1.05220576466816,38.1385934562359
0.234511574501567,605.731546602331,1.10982782674824,232.325717686275,344458,4.97517518654849,55.4997946924745,0.983491089168581,49.4549996317495
0.246654747321824,197.460767975688,0.796306942811591,965.744203634471,110641,3.65173990586455,36.0620735564948,0.913274502179687,30.3376695610261
0.0754051864838124,540.932672328859,0.803742043683151,961.423931821629,219897,4.26099373776992,32.9897212156485,1.03870003055516,32.264908947479
0.0494947417409911,735.134428704449,1.13733703819613,759.714347594674,391219,3.67878954916693,94.3354206432833,1.00219720147848,44.4259591261073
0.366690260417145,592.048920965151,0.855490287907021,331.439827360036,392193,4.95766516434851,26.8554180653412,0.96661169133262,61.5819216954112
0.253265964654097,405.250600288979,1.0738592926768,282.920563325168,227178,4.28543906887109,32.9100446354239,0.946974756550598,35.8519023025332
0.224056844281438,641.73328169124,0.741986128729141,989.179730267615,396303,3.07769287158176,58.397865598419,0.923951642622095,78.2167485593799
0.367459032039674,672.334915817024,1.16928049780658,113.215674352769,419473,2.46751825135036,44.7194700178285,0.959028499441721,40.4285557639468
0.385101320505644,516.99464205806,0.944746947918343,851.386077534244,327733,3.72861931659537,55.4386675301609,0.991697925025059,172.048217456441
0.0878650021579832,240.691346918646,1.05559414114704,387.685100458351,114984,3.36088723522804,33.8085536195413,0.99552183363585,10.0352870339884
0.309010323244044,232.677240670988,0.653709419876931,447.92623374086,137732,3.51740236411018,34.8180202635531,1.01654778628296,15.8672948842189
0.0763235003160659,294.273653194648,0.895598535498317,840.378766311395,158106,2.37204706513503,85.0493431543836,0.97249371387081,17.3230424120665
0.378173792154232,140.032220300768,1.14062309864041,136.07286520509,59285,2.71491368228222,81.9331558075228,1.08397957384776,11.3321874611455
0.331908026570898,264.223172622867,1.12622317742598,386.461194594244,137306,3.2323862995626,32.8189649293461,0.999173922616524,49.2302159834393
0.478741164330894,254.97622199795,0.628088374340537,954.423063311094,105550,4.35713360768737,75.0842811174265,0.984745008023691,55.1609136774839
0.0437894280146464,455.947445227358,0.782219081477368,714.112617132694,228209,4.05163567105161,70.6983492516613,0.909633593670297,9.56641335800596
0.0379568133641146,862.662361324464,0.865992003887448,767.192206565596,454311,1.47462348201116,78.5022042010172,1.01980301642658,20.7563344046602
0.148271666599668,119.574415640964,0.703358888613473,769.630035907703,53135,1.98221700007757,60.5836678421856,1.02057378721334,7.47906477900683
0.138235785030594,566.994330047371,1.03799898659398,107.541579005747,360414,1.10663089973211,45.2490120650081,1.01665792600614,9.74166374124154
0.13101961154528,546.707447740334,0.710707197359227,243.04721359741,343954,1.03184227186237,74.7759377017396,1.07751938352164,10.6536770835729
0.454064744455308,104.975429738876,0.807983816621932,516.700093277151,48781,1.89750187712097,52.8518069892117,1.05258016651786,18.1595941845305
0.132277637926258,916.702915222913,0.997968382114691,399.742720851606,461364,4.19728379203732,41.421467575912,1.07348112391849,60.148247493518
0.143255365803029,652.007928477869,0.889253606714688,440.366678476211,284668,4.61899063269755,55.6471760289462,0.911884511381986,34.7016248057984
0.382105148584802,440.967011544357,1.04314262318094,792.375009694389,182499,2.56707346359439,82.2452376700715,0.963625286450968,168.18757525023
0.230372522800765,714.771411968091,1.17672474073372,63.9452733143485,378513,3.25279438642671,60.6844897402151,0.963742388738941,16.3295323537734
0.390588172908039,271.327867690718,0.669928012629118,677.467330005177,129425,3.82421040782152,47.4898197575067,1.03140901155372,40.0893182762944
0.0420294172065488,694.365773035896,1.02574062983884,50.1047202117313,347062,4.81174679700691,87.3901461117871,0.989723009740902,1.91654148625041
0.248909884899958,51.6547257971972,0.738206493379269,109.905599297432,20815,4.65172894918973,91.1232816385701,1.05549452065041,0.992251016059341
0.0264706640898085,978.740754694777,0.848686036444542,437.871813845743,419865,1.22876921352552,57.4937817829506,0.976886113331139,8.36883936970853
0.0407000696931237,541.7655235743,0.619717635477084,848.90109381458,224637,1.99266337283712,53.1016015545171,0.944321515462482,7.22114588113131
0.454154352138761,559.125729311858,0.681544429375619,187.745977286237,318710,1.19657817582071,70.9524210264224,0.958190213658856,22.49506712334
0.0782302318476216,253.152625961044,0.79186637342934,576.890338672181,111397,3.46616968395621,29.3480834543435,0.936493945230163,7.25231244741355
0.270886134314856,598.248257022703,0.805191483172791,694.579965485407,338860,3.84197326589056,76.8492370425698,0.93957853835258,85.9583958076434
0.211436845274346,660.169260304992,1.13975112987726,268.056239963553,386348,2.23313364942605,83.6715704032935,0.94336778308613,49.575390673127
0.180198229866833,579.6161672376,1.04508774555991,536.713742506104,237133,4.41540763253286,54.8081445442879,0.903218942301445,67.9386615743821
0.450918339386764,469.838813652333,1.18330978091222,915.836918981283,309246,2.81125100164599,38.0961887505547,1.04321760695251,298.962670535843
0.0206934644199899,563.851654248752,0.959442906201144,536.617099097256,228707,4.99352606038805,27.1613781355648,0.979920468454227,6.78986260605756
0.335256946226039,737.470755762339,0.745028239254791,199.456908698266,447152,1.0015987703573,72.7934199615325,0.904534266376366,27.8945625407304
0.48206327276464,578.553676808267,0.796593017952986,646.423581853168,249437,1.43795883367423,45.1745054976182,0.974001508893168,115.66485830358
0.284482409896303,747.775277962515,0.79190155397518,612.590171008088,421063,2.20717297174136,59.7917190340963,1.08107362542308,93.7313859772019
0.469043006396215,741.900295508793,0.795896596597951,75.6070218082247,400875,1.10203039181485,53.9766641243148,1.00224886339349,18.2060267471112
0.0356063608501516,353.38084081394,1.00377850386709,136.064685460188,205842,4.129357830953,38.1163596960597,1.09735040226927,2.10253728788177
0.215208726346339,241.527552287819,0.91848475685425,198.94228738396,115812,1.21108715148515,63.1276501345528,1.00799188637561,9.19670080741561
0.137477317571405,376.336936816766,0.831254506851987,179.474623683776,203635,3.99591853317531,59.4695142055553,1.09255979981021,8.30533465491364
0.368102272840558,891.613867541473,0.68945386123723,296.492482032886,413283,1.2102738351582,71.8110717152374,0.940360145760883,44.8002495144262
0.490835574343651,173.674994868345,0.613283497765288,481.40005707379,114588,2.01090905861218,43.891374589734,0.957986962543874,15.5797075563129
0.135699730597681,410.9518956501,0.731300806552616,403.130483004035,262694,4.36510726263412,41.0979309890054,1.03999402203595,15.024539365289
0.330545554722297,645.052162210807,0.664482842381209,896.117396834367,403243,4.8043811769509,86.0758794817354,1.09736432339989,116.755108671795
0.107067840052273,340.400694868755,1.07126701851134,631.50393893602,177385,2.65810537064205,77.6644183723031,1.06505948220388,32.9670138961595
0.287011824740089,744.121322051794,0.667498774688331,882.337132463751,321463,4.87975585725021,82.9154838768673,1.01074105533515,101.227274965482
0.237326918477285,295.107144385457,1.0345369423841,550.687358671719,123570,3.50752369503417,34.2467358816271,0.917030522871783,43.8378266561461
0.486282611519453,96.8893403955818,0.83139521386565,135.376947154873,55530,2.66334048973173,41.8029732495263,0.972875821999959,4.64870727997073
0.308178363621269,824.350379673136,0.644027033846266,490.123076613113,397398,4.21120537587167,68.164863715273,0.917285140119318,59.5415428965273
0.181258122322541,114.291570156817,1.08763802965895,830.930919500247,50385,2.1813140805608,89.2901010154681,0.962256272373301,22.564424108835
0.0659069345950874,244.030322000203,0.947778342141968,234.398578808753,136419,2.06318504544087,91.9085982376353,0.951758420133065,3.82737865432762
0.0841109460801179,816.482609002104,0.741456907718144,136.653564815017,427700,3.6261907076443,87.3932471691195,0.977711059327344,6.32591900510014
0.120405295676105,351.944826156613,1.1368087045996,362.963001421347,173888,2.56194944787238,28.2548459563321,1.06745531799798,23.2158699475925
0.132973664056746,795.448356519836,0.627154988322331,419.452939108133,486550,1.54367210777992,86.5659388491795,0.930075334262076,18.2941800727378
0.426801868342158,747.560413908735,0.721091764918658,340.944792585609,489888,1.26785694115964,92.4318383140811,0.961212789770722,61.4025017119248
0.284999166258437,222.913919502757,1.05122815668352,178.478746343328,134870,4.15137030499391,29.2561817614489,0.952223448864322,14.0063247569559
0.26646154657344,45.6167564686458,1.02562675818593,288.297866735629,21448,3.70364292720938,56.2210670332741,0.959228329427382,3.98456659452936
0.0662367472159166,555.215010362144,0.773563016234687,698.168284372005,352827,2.64719289842641,65.2457742472526,0.972124694961419,17.0139925944616
0.431468449741223,381.942345703453,0.63721492521167,416.632090478506,226042,4.58491054068423,42.4562779662625,0.948862349986728,30.3862001197199
0.364179008572157,94.2359579890267,1.11484684333497,650.921972387628,51275,2.6434270097704,63.7514242027833,1.08851625444462,34.9479507523363
0.0431574973310008,558.651207747926,0.788218582841941,559.488590922796,354054,3.84118188586153,91.4466840970798,0.984020342782531,9.82105080419691
0.356839197642587,28.007773133352,0.717428048956959,571.600292864786,16556,4.63646110082917,90.0206879759323,0.922822653039454,3.56498825457924
0.276333726497897,1049.4545389895,0.909637093416586,286.122080050406,435229,4.36286183483377,95.4877960943111,0.993531722005464,84.2801632390411
0.0500454194159213,106.635048193615,1.14613631956947,545.465881129772,70187,3.04441910535832,61.3082348795907,0.936886380372272,4.00820754780886
0.234567314349042,138.956655203123,0.626127946706025,72.4149781700417,64528,3.72254556978693,55.792520897044,0.943226128500264,1.05123744267641
0.247501180693723,167.07169581494,1.05948245281853,460.15655520868,88660,2.65466310690948,74.9340864274265,0.957008283528967,22.2511679433457
0.0912295246800051,1043.24726315946,0.943483936763225,593.991682030419,480173,3.58878868917646,56.2570433200776,0.924951971205189,53.6817238105079
0.473392092030138,724.550448260302,0.85526946993109,222.895840286404,346892,2.03020975338158,28.1458447000643,1.044223786516,61.9828585905703
0.426487932025524,690.924798139462,1.04644826646304,293.730580936504,400885,2.73896845507821,78.9941089127841,1.05838929494625,114.834076474401
0.337820945291263,468.080516011885,1.17949465466498,258.554468824838,199420,1.83818295040736,46.0737955962118,0.97885698438312,59.6111740827155
0.236524824890298,336.279375392112,0.737523726697615,117.030057502153,168820,1.15273981071819,28.6813984200393,1.03779850788671,5.44023077868322
0.211765115376409,274.075507983922,0.686188419043272,380.464455083086,118007,3.35415940230149,26.5465807395178,0.977790858034139,11.5304795635021
0.328976998903968,459.049777253179,1.14772904713362,980.017478129343,240843,4.45771738140319,94.8520951432989,0.932815464727273,214.908030277639
0.277261616009384,686.675153736677,1.00137184647438,386.18638614043,276363,1.10231309849277,43.9057006483127,0.979433612266256,70.1813937510425
0.0405138218821239,718.055882562186,0.86279161293718,487.509790745127,316256,1.78411896291718,58.5924394392298,1.01139747909633,11.5759138288066
0.261126297897463,318.852293421466,0.94395574215857,670.432888408556,129302,2.84074023708168,96.2932339674142,0.908198862815378,53.2771056196665
0.405137772444091,955.55418073878,1.04736834310575,666.072863610652,474379,3.66358726736901,60.0637734085544,1.03089687813647,337.292465151594
0.235027540022509,169.163093257504,1.06381913922343,952.400231017693,85709,1.68491677467955,30.8956992644734,1.04852159380096,45.9709281111216
0.0354587230015915,1089.0706818246,1.15193650849138,864.685933379169,482861,1.2267793158825,66.3952035434994,1.07199405154171,51.296158018849
0.395276317698176,20.025390395732,0.856105673337374,804.253152749895,8413,3.07619487090756,31.6148990090549,0.920554112049861,4.89407671001704
0.108668253246627,594.06119675886,0.776046546011637,954.045864489395,241082,4.27483885222924,32.1315908780152,0.900018718771655,37.1454798928743
0.136724209095139,305.338761474539,0.983798560073905,269.227116209013,167350,1.14093963725109,88.8607805351845,0.914653273804433,10.8941246412755
0.090706113181825,517.468282731438,0.849436739567718,636.201484890703,225113,2.3974778014361,46.7066157523442,1.08482336075722,26.0234177871464
0.171805381787034,488.837507271526,0.956759072369387,892.836928386048,285762,3.65405897117334,75.9002650084327,1.05311114420825,82.6235607166181
0.380808237787431,446.669568780989,0.85199147907357,642.931250364197,218359,1.52296802440987,63.1693251496496,1.06708712935223,92.0749501344048
0.264499071156929,349.421853654301,0.691797472006905,978.549450876526,208008,1.94378710757103,41.6745018403311,1.00340275943319,45.7728168702246
0.110391824333849,677.309447341165,0.881656050995375,145.33507821106,366629,3.14197057514506,63.8365223989906,1.00534397491278,9.60941874324224
0.4401367382945,834.568622260352,1.01455069316462,467.36397765354,343252,4.81292678545687,30.1745151924815,0.959701117967837,195.161425707856
0.440995108926249,686.095541937522,1.07957028460059,978.494762513204,416803,2.14937047297502,51.0409262192282,1.06855061039363,396.805907189635
0.436583428272543,268.104632144453,0.895995766077928,410.58962714143,125729,2.95010968488284,64.2127168765369,1.06595391661676,47.7732916513078
0.127010143576954,638.675461155162,0.699142734126241,752.578556344339,305155,2.59972345225767,42.1295753564239,0.978434269144432,33.9462945324646
0.231107278648684,474.895786203966,0.848812625789659,78.8827560247167,293012,4.58958668812032,74.514109763602,0.965853414094295,7.41955773795083
0.492644931509029,338.717286640071,1.07177635730502,710.095258898797,185499,1.28755945612446,28.885894127223,1.04767465425061,145.59041788425
0.388286113391895,502.424704554161,0.847715562370244,937.8953959012,243543,3.26459036536306,61.360742340297,0.905233627667587,130.699025999254
0.0233120364005243,265.860543668579,1.01791847616253,413.570970930503,157577,4.38447879675978,78.6246835967038,1.07198977970368,3.5418387428405
0.0419502497176411,165.138766057312,0.904328209006854,70.234846030583,71780,4.95247030825037,57.245954421758,0.989249597862835,0.482332519935511
0.237326374638043,266.219118042269,0.744733875065638,76.5143141757097,107687,3.79490199008723,90.5939811489203,0.988268849308572,3.10300239984278
0.455517900872164,91.9985565673866,1.07769030481384,897.422140425535,53651,2.5197419026661,72.4144585930499,1.03381556947748,50.3540578087455
0.27396388099683,576.674228987588,0.650528072442412,736.390301741449,341852,2.64729741013578,96.8869687044053,1.02914987206211,59.1243162294667
0.253928128936802,646.50289304863,0.91493416965309,151.352065015251,330703,2.40672887897106,46.3091359581234,0.953194813211273,21.3229918556819
0.061682112978749,1068.48196778435,0.725334620546043,101.860763198637,475353,3.41445239922781,95.409199814106,1.08865572090282,4.73660724607379
0.331822251314904,650.480198802993,0.640239377124825,814.584095434705,365110,3.957623082873,70.5116942414273,1.09726599586653,99.4626112738671
0.412830548694111,40.9911611375657,0.901760362249949,819.367601165091,26970,4.27787025435572,80.8884174410049,1.00519780285924,14.3098737637807
0.196405803678706,902.707369320639,0.899737293560954,164.495747802447,442239,2.66637243873269,92.6620837782585,1.01227615963407,28.0147740228096
0.39004980695341,1059.9617299774,1.02414054100543,336.444383694205,431475,3.86683400903616,66.3397890993866,1.01086359268472,173.56231323744
0.482593560411398,420.273868977965,1.04685041583114,791.024761345195,222217,4.66489036811911,89.6635593962249,0.997157481635652,216.988686602621
0.109845564972568,563.263790931396,1.03667489321574,549.141467406306,293346,4.68329917780282,65.6272704691041,1.08903741073557,48.9247770926569
0.266431519285423,1204.98204766155,0.845735239750053,958.755617689034,488064,3.81611601085857,69.9399195712928,0.948950489795482,244.139014403169
0.150697599461442,585.126281411918,0.979013872335938,507.009513078705,266620,3.54760877125014,58.3823929673039,0.921591635251078,44.9043812347793
0.398498665326581,1004.74340309831,0.946167145586376,693.110040687237,452756,3.12610430210003,35.9228913880077,1.08590945686497,299.574968227099
0.293020749281767,87.5328222999266,0.852937053670152,534.294197454505,42436,1.73279067272851,66.512742501165,0.942607662842231,10.1035657274511
0.320945384599649,238.39147832851,0.958327616511596,945.817220900793,96335,1.49451861042167,98.3086172699636,1.04983107070842,75.5337902209315
0.400977938211788,483.601594469529,1.16834872602376,428.726137464228,220937,2.94284402715752,84.0389496799213,0.940774661846423,119.390789741484
0.204025531604603,701.251219473484,0.715736246208826,268.30663241967,292794,1.63777662482984,81.0623863565077,1.09203720312447,23.6181295349904
0.458394133519451,898.001992121143,1.14346325747132,360.302167266944,408298,3.30799970267734,73.2481602047222,1.05822435406746,240.625227306187
0.271184144950609,1104.46683903411,0.632073308389919,860.136443956968,494143,3.58281092120487,51.0931505115433,1.08374363442297,125.134143766792
0.0873978631893205,349.196375021857,0.785033527740996,523.041635336527,195037,3.10246239008016,37.7211395858784,1.09019696402233,10.9987737662816
0.350990567902713,44.4737846930208,0.772887149166917,386.539688327127,24660,1.14570685005045,41.8413701232017,0.9168848768538,3.29590143156894
0.398698061714745,914.986002780329,0.975819064728543,567.047020719009,400785,1.23091183520933,25.4741567156988,0.98667777116499,188.598948537227
0.165213221763088,543.658169214763,0.678734971066374,176.568221913,302586,1.45336473872594,75.5110315673766,1.02962006740566,8.83366776940308
0.430017835929389,206.427589295322,1.12940856710385,55.0913393943163,100073,1.61458321995336,85.8908168917325,1.06049122082525,7.19794093320011
0.454010194835226,433.697675567679,1.09713084507902,316.555449508816,247919,4.95953045507733,45.1683513398545,0.948294348882881,79.2296564553787
0.145683198815126,860.557748416439,0.991239491811167,624.755433794365,371413,2.37798006745249,31.8887799733204,1.08292097187786,90.9192247768389
0.491925521630459,620.745198811796,0.875048299075319,726.096731178318,385436,2.16789349456514,50.1795300866438,0.944195265819627,170.040955753996
0.0789486487438916,583.083788398742,1.15977362528525,835.280418034368,250310,1.20906654265692,46.9038422062733,1.07323528030814,58.1768374932296
0.10898767751722,322.352683877416,1.09844793283233,930.330381424746,153302,3.54128156274239,58.8157270583299,1.00254251593284,44.4156102722755
0.100270171226633,821.352878688234,0.899589088848747,441.50672961653,486898,3.60876314052512,44.8076540740758,1.00308443437404,35.5216126014549
0.448054957903857,677.99250462497,1.02112401267259,753.490959579582,332018,1.70179475831466,50.4799529008772,0.974801123096398,260.25456221257
0.330603350639231,364.895336891019,0.940157971307811,120.939283688159,204710,4.67696616369845,93.0666084511932,0.920701046283738,15.102717689694
0.0845310987789137,257.019544297598,0.952765343032959,104.653498833476,140951,4.20197418638051,50.1126514667205,0.969418012623908,2.36703879205636
0.225758475000491,677.327839705012,0.798585641662483,168.558092386849,365821,1.92127726723003,83.9138535047423,0.985347342996495,18.1973316895958
0.311496032284203,190.48888692433,0.877250762774938,476.140642939224,121849,2.94339892366615,71.9375275168345,0.995804211310594,26.2611253376051
0.0508974016447978,215.490616688968,0.646872858473846,250.717366573812,86683,2.8335634247954,50.315345922353,1.04781905808203,1.33837410425331
0.442384020519596,406.449380355861,0.814409214998755,322.578694840925,265387,2.39408177736928,86.3341202335263,0.970414022093012,41.9564512923449
0.403765732366352,315.082281913569,1.01749710921729,665.486164836688,145703,4.27053885130245,69.6307052197199,0.981318572062797,98.3061207173853
0.257551319052553,589.107372977585,1.17192961830371,390.596069862704,314824,1.4370579424846,25.6464045699175,1.08121972046442,85.2487552018718
0.483892041476993,128.440861923451,1.17783846765781,579.502979832121,59851,2.66125695931117,30.15461511793,1.05051345892672,56.7570183535955
0.214702879844799,608.507877334159,0.933433721474935,441.783568899763,327816,2.71212452219687,81.4479669589239,0.904571153900758,51.4341485636534
0.492214056327884,309.466010754642,0.963973351085749,210.520792743829,142365,2.87490241845672,58.4895842188896,1.06241775154461,36.4855463179097
0.337280799413777,2.49897300611403,0.711432711300581,120.318990743099,1121,4.44539996439451,55.4130843807655,1.09798878487007,0.0657674501252856
0.320988923894431,140.942347435954,1.01718486485612,274.419920544393,64341,1.87266748080601,35.9370388146856,1.08795354827356,15.1600952882851
0.0913178986949346,753.518500046587,0.642395275604632,104.815446016492,466875,1.41169269404909,36.7988945470953,1.06719117989922,3.30058624766378
0.442144601569276,935.681854125549,0.770811411479667,637.681361895317,433810,3.47123385128443,84.8314337571925,1.02583474946745,194.605993576988
0.219469947081101,209.274916176868,1.00101800837127,805.931721392795,117571,1.69533789991219,87.1762850471091,0.955638424433052,39.9788955498666
0.0894943688334149,595.327484110663,0.786186078926093,372.753729825531,389408,1.29972834341848,67.0001905479047,1.03088612227602,14.3533762739221
0.0161776847881219,583.404864619111,0.629908124468673,417.75550258474,304677,2.70659688228421,47.1345857354266,1.03911849417517,1.73670732049148
0.284280284982807,938.700372635395,1.09912224561058,825.381509621341,485482,1.87858572343256,94.9525612500873,0.956311632206134,280.051771732131
0.268425814840111,368.705480640116,0.786198004280738,261.482266754882,187429,2.44486647547193,71.797179324642,0.951065924881688,17.4774451191033
0.362483274960888,751.953076782338,0.637863134915207,163.202251935131,341049,2.03884432040983,84.7481589588841,0.979384771818454,20.3807366653155
0.446226445978723,59.156427934195,0.644872898701719,526.062211464532,32704,1.37054585089366,25.2462190216162,1.02822939380671,5.98653501923792
0.0489092264750845,360.745250527603,0.751055279273252,663.880661056575,198727,3.24138881169681,58.773970065652,0.958612453856475,7.14242379081905
0.368433280266778,752.100357134194,0.706809568332916,619.671703794155,481945,1.10807367215794,90.3211814739967,1.01113330443571,94.1408347762035
0.101831852607815,590.334574078336,1.06458007066809,728.179393010472,269951,4.8655013919776,50.3674962424541,1.07984748037084,63.6879233002199
0.43050675604701,299.115179773133,0.793010428000221,103.913623064373,144652,2.36532208693987,79.4913382654211,0.95902006497585,9.82219035896486
0.411341121792211,112.842673251011,1.0828174710239,456.791532120454,61015,3.78063004195922,74.3256118846484,1.0931947472255,31.918492369824
0.274988939942917,776.361037106623,0.704307598693892,276.641997748408,352061,4.2414514901898,36.4163774765725,0.994669595734643,33.9599058830382
0.358018971325423,657.624446368699,0.89572750772645,771.165196568723,322783,2.11641918215822,83.1177870440804,0.920181667529179,154.530735175047
0.164031555460037,369.420505620584,1.01282228013188,879.093959857332,187595,3.99495483644027,33.4395092734599,0.911007878745915,54.6647014818616
0.240872270477079,956.425047001739,0.991194512319513,317.268953766094,475520,4.32968342169884,79.5935572428956,0.967734902859863,81.794870100811
0.412602079878131,25.8049490051008,0.960677645958161,140.457175115938,12079,1.96526893524645,99.3226252584321,0.951751791345975,1.49141514609552
0.235039946614875,329.525677348692,1.1548929611587,290.756563891827,152558,4.96997870758429,96.8486073858822,1.06874266544065,42.3339238779336
0.185321150009466,824.019016905682,0.737115088624047,148.808064605974,460614,1.08275473136836,85.0181307292754,1.04752768428339,13.9060834009995
0.252164099152647,264.400870780394,0.896231522677263,356.301057807781,161147,1.86800192094216,65.0888068172277,1.07690925737401,20.9253918332276
0.415842133694237,210.183805104366,1.13039553004345,561.288649405734,126874,4.12008302510797,75.6118431865555,1.01785069964237,74.5186326657151
0.174251943211728,572.449655686382,0.646736259357094,974.996906678296,267576,1.77652410022301,79.608129275807,0.9870914495181,43.7663249621066
0.0951431806365145,977.80650497906,0.633532960951845,429.401741633791,412077,3.79303945322483,25.6301143208679,0.954113585617147,16.60693672299
0.358886869962083,100.191269724791,0.739981372534975,259.03792766189,52470,4.42212161993161,32.6774665714717,1.01662176688465,5.8158303637817
0.41472932422696,787.292282966244,0.979812731722811,208.461653352293,471568,4.83685709053704,69.7794349059147,1.02360495564723,84.7189171369446
0.0593123644765313,897.545590876394,0.755927775869884,214.387777831742,397742,2.89699006160108,25.4900905107182,0.978589512748373,6.79840657418756
0.127538315250413,213.292167498812,0.714143930285279,232.967799098386,91444,4.88443649192847,93.1679238080123,1.08731908436548,4.59912991299989
0.079566274982887,848.182479824456,0.875281389214975,774.153671410575,356292,2.64648918672671,61.7247034918808,1.0279909176699,46.6960226142063
0.180491291675262,406.816507934668,0.968158841261647,107.976325860799,193094,1.87251215869754,44.3325306703841,1.06749624012031,9.23709285399331
0.230671979663652,476.265183213749,0.749134624210044,997.532571595882,201745,3.0556874123389,54.5365877198199,1.02407814947379,68.1340993352117
0.37692490511202,593.83353644751,0.780414712034245,546.552071607948,391862,3.59929297724597,88.8082307980002,0.963307357066341,85.6097143137633
0.32906231659202,773.771532045902,0.968135582886908,567.058299585784,481430,2.83185326419978,94.5394655323087,1.04732383157574,170.31255042555
0.314254998064431,102.244976080812,1.16744305319367,389.685684764625,64201,3.26788977586717,33.717623535799,0.946050906176733,18.1796299423492
0.182663723838731,466.625052281218,1.00484503646285,705.742591441514,210894,2.66563675090875,83.3470475466683,1.01932187299972,69.9578747061567
0.422309301011532,378.253514016167,1.06974248615074,497.883523836758,240990,3.099047816085,68.3670338662398,0.98047326860388,98.1079479893682
0.240930712025101,376.871669869817,0.820086056853281,362.608220716322,188779,4.81038268778625,68.9127068248365,0.929976973760874,25.4109380743021
0.489761419627426,359.48835084539,0.76335261563068,301.881483522641,182231,2.99932461014533,83.458909142187,0.982648115105579,37.0992406656757
0.320729647764911,49.0374728250043,0.872560645921574,929.368646586597,27082,2.01271853123704,41.7133515089468,0.962056165890818,11.7954849111678
0.0718697233666063,813.248087324415,1.084279697227,326.440039299799,343084,4.03498648605028,64.8283725981219,0.922444416341684,24.0570044477839
0.341327005416963,365.275298688301,0.873779785074333,464.57359645835,218671,2.3503378311262,48.9514461588107,1.06476564573197,52.663378291402
0.169300967561533,181.915550353574,1.10803524527392,382.824332010645,98202,4.26482868328556,32.0884258732386,0.999716511286917,16.3194053099436
0.346300326376188,928.31908048086,1.19326318841708,131.869886056634,408201,1.22736795593554,32.8809584167453,0.969271254454284,60.4071980419748
0.0441241625995788,614.430889937987,0.643215999438202,226.637674758154,401478,2.32871190843477,35.2353602968863,1.00099284994059,2.68248657706029
0.0956919042162201,529.567569093642,0.627246093650222,230.026876560063,243709,1.37743963304256,71.1174886678628,1.05091662350169,5.06478724145482
0.429311256863835,347.290561920211,0.689753821748017,708.967038670172,149927,1.34127129698333,32.9372648782983,0.90365907864385,47.2656426501652
0.121317982941522,776.885805867621,0.830621805440608,436.256139467519,319408,3.63355823668975,67.757788194263,1.00935035211472,31.9553146920649
0.420150151369041,344.059237983481,0.678625325487259,792.869184917126,144788,2.54133920541443,69.1222793482945,0.995830156656794,61.2794597646001
0.146845283342661,216.084612788103,1.12239868657125,723.503378117449,118768,4.48591576794045,92.7922382591418,1.07861403830301,38.5175227591517
0.325012135928767,762.622425485355,0.613887750616238,232.447278076236,365527,3.06562055149412,71.9782447244136,1.01119433175756,24.4079580355944
0.350133781019817,33.3155931623241,0.789475629801493,584.771074114096,21122,2.18137288468913,98.9190880661126,0.927464568507813,4.47562950704671
0.261200829041076,84.8857846013298,0.710816777696523,755.763403746363,48289,3.88355555184878,27.3244434955626,0.977736643057028,9.88656094285194
0.159602231581398,6.99385357556532,1.15892359809452,651.390777301937,4387,3.4960671663428,77.8109602483839,1.02421387441052,1.17374666588724
0.114195744421837,140.346650900124,1.00168860293402,620.015682683582,77318,4.19837848331681,26.9860058539782,0.909186761411157,10.8142500020321
0.0262627837355889,84.1433822239889,1.14721815387082,752.63034303073,35426,3.57435310536754,79.7033183406028,1.07692981947952,2.71924229476491
0.158933736607955,919.715452474868,1.18339722618624,103.941702293492,497906,1.66805366839568,53.9387656903027,0.913556468142591,20.7427590088538
0.330049767360329,299.214405115155,0.898258946206421,744.850849993361,145116,3.68124015066826,70.8480824044442,0.906118225569275,66.0814042516225
0.469769361039757,145.939319939108,0.740591464828816,309.022499995757,75484,2.56619679046324,48.2153554066253,0.900403114820044,10.9584834540803
0.436890196308895,237.532340986892,0.716237271717953,593.278641783886,121257,2.85257212103027,36.9328779364487,1.03674889832657,35.4219411610367
0.385371740502298,1156.07335591009,0.733751317011504,280.189744961682,468127,4.68625830294938,79.2634388566962,0.991184017444534,84.4714123415015
0.396339198194116,468.006008250831,1.0251559845732,846.876693596496,260560,2.43985618519099,92.8465285202565,0.92056353884582,178.480986844792
0.335842602703238,389.393980199399,0.6242674368738,506.531386585718,183044,3.44783657196336,38.7686832775026,1.07124170453111,31.5008025552305
0.137540560207341,838.727535513703,0.630816643819629,660.794151423734,436823,2.45392693364896,94.05272509027,0.940544054818481,34.6465911555485
0.454525565045857,309.263058465547,0.96488576542989,804.377941302892,198100,1.37890994143117,35.5136581903408,0.965264831794214,105.071210748823
0.338658832833859,334.543776623416,0.985234288042444,900.549492317796,168169,2.8141013681932,80.1746411912148,0.935544294769656,111.287576409246
0.284615909180416,241.591697225497,0.999157754593476,745.458992215874,104434,3.38824601783861,96.9583868634254,1.08535125954452,68.180501697974
0.0643848399146057,302.995662624554,0.823128302753155,191.330147380885,189520,2.63001316815039,36.0528161317178,1.05161335663441,2.93982152445729
0.229057216465148,249.604343532198,1.08356693322849,861.805751106497,159025,2.56266473871274,57.6317535066515,1.04479067932885,64.7178351804132
0.235575552888944,560.539744625308,0.92017475263597,637.649020072231,338975,4.28151405557759,50.30931117688,0.908799206014559,80.4668768694947
0.433636168666108,329.474745007367,0.663279378005652,628.97727046126,145502,1.11874068915788,54.1358312638074,1.00454034084787,43.2659196117322
0.277857627892016,642.785817911665,1.07825958424041,925.273531814675,289023,2.18234158696048,81.4854804348832,1.01509048734895,219.404835355561
0.196396268995501,69.962802010539,1.17184067176227,286.389977882589,33880,4.24702906150885,74.589169941667,0.976504168016537,6.44623025951132
0.488632160970223,189.841341353947,0.636021787801415,277.608237569332,96453,4.68212059444465,97.6515223347114,0.964351250059529,12.6486624560156
0.0642530907298947,487.923022314672,0.834810803220348,537.533876960214,204295,2.64919834336331,38.9109627517317,1.07038857204376,13.9823761057322
0.217048729872853,1062.03406498329,0.892509626900849,763.319913208122,468538,4.55517697278431,65.744565199441,0.904603318270906,160.692395273959
0.0305920908339886,437.532759116615,0.68788245604699,474.878672817084,189249,1.79572048850013,58.684460906427,1.02507096965541,3.2033327454461
0.372553019175796,768.865930886821,1.12062536866973,652.196820397782,332373,1.88570827144069,93.9142081694312,0.978849382791553,273.981542966232
0.459857510577584,274.884898347998,0.770489786934026,479.898488011583,128288,4.38476550633921,25.796442435772,1.03319013622866,41.3905674035999
0.14721829147974,126.074603645079,1.0698051239629,629.86782146262,64389,4.61303096536247,99.1877800575321,0.939583509159007,15.9271689435012
0.430587421631569,71.4345502278599,1.00259668921699,831.149187483026,30209,1.89122307185067,60.9800735779397,0.947731870925738,26.5378784444864
0.15318693292633,372.151963867756,0.958827493480214,221.452861286377,153401,1.23729675987444,71.9154735425198,1.01737076133536,12.3971529827474
0.456277379205518,121.406198884522,0.715285709217933,710.609607305685,79673,1.36129654822115,52.0039416854287,1.09598770925716,23.4655822766373
0.379441332762424,136.274616073848,0.732422112330543,798.054452371274,87831,2.04552334150545,88.9395002271624,1.09493671659726,29.2583469022307
0.404404320652305,935.844414925993,0.628409042847942,474.755837107693,380619,4.04579630858718,67.1490958838787,0.949796196762137,79.6854956212225
0.0188232122442227,15.8220609450549,0.74442745786936,357.071898214462,8903,3.03996731118513,74.7108202187324,0.920470206065142,0.0596615658032115
0.481777074966273,662.993632857746,0.807266165676308,62.867107728182,279347,2.82235536897108,73.6678531045507,1.018068647586,15.5849629055606
0.366068786114458,359.534039689422,1.09988718231746,807.249771217389,190351,3.336559724664,52.2986604923299,0.983996521614726,146.4206264781
0.159328036739205,410.875783419411,0.819835600028883,361.541726084189,253768,4.56089245384874,30.6993246854962,1.05233734259415,20.2938190363141
0.416403385780835,445.451076865401,1.05277306965936,389.443995937648,281852,1.36172151826263,85.5779669570537,1.0055967450557,85.7656715380327
0.147945387223316,260.684648078291,0.863665368777292,369.205854943872,157370,3.77889651054633,46.7286939388238,1.00211736119913,12.5623572152497
0.437649381387403,259.437415177841,1.07092098719633,523.802364271721,148259,4.70716338262162,88.6697671358278,1.02929197364416,88.1302671419846
0.0651643913018491,729.722603305288,1.18576296026222,717.374594558123,366968,1.8534001670336,70.648225659312,0.925283688969797,46.9532141417433
0.35480612895579,959.34233713375,0.743904934834548,783.269974450485,435768,4.35108926384734,51.5277968573108,1.03543234593331,186.162183970077
0.274942253556006,241.42432897957,1.11740496717833,422.942184383,97098,3.79209884303801,69.5685361730217,0.997703940131091,39.4283268187289
0.057301890395766,96.514241715648,0.973094451783465,679.946933292911,49711,1.05787414429258,73.4119519271078,1.06402941312689,4.13325771322825
0.128527975846831,906.167057296999,1.09037655695319,734.650037757749,449001,1.92644672144851,78.0012555819004,0.927741366740964,107.198321600602
0.0160779777758842,355.026793531497,0.990951541360683,332.071465093512,175598,3.42337904358352,86.6753600880303,0.960149409823281,2.13564151076414
0.239696303077608,563.102101590708,0.85436970436449,141.790396060239,276107,3.00960135796485,36.9816206663489,1.0900492748031,16.9434903702196
0.1576199777724,364.02462742953,0.736844963665074,899.932434612239,180412,3.11174501010746,95.8108288576462,1.010614575858,34.1768699045756
0.303195167305902,96.2221100040738,0.642021135198699,693.260173192513,63775,1.92772169842729,55.8130460820633,1.0858601999508,9.46128274484148
0.155646525777222,443.124455333705,0.92131101867643,665.704888432477,295077,3.70001388283451,89.5337723782283,1.03780702062238,49.669251931968
0.156960364638423,420.258136651486,1.19419565671612,105.957389451379,263045,2.06567348374711,41.5359696525839,1.08528627298703,12.0182983091181
0.374164667378486,163.828029634581,1.04282508300852,826.97940462873,102293,2.55773986591382,27.1771729153536,0.963565256872096,56.5525182896567
0.0335899896293932,499.371666630809,0.79640732483941,587.751448281751,226483,2.4756636635203,68.0008032717138,0.918106751673831,6.67522734309876
0.452418547644074,679.710809095381,1.09632288005204,855.490196451688,398677,3.68810008847959,49.3499709304329,1.06044835297962,383.98368262843
0.427609298451679,707.932567790168,1.06139040010584,975.833124549923,295623,1.36101104673287,98.8346503710962,1.06089375049247,397.30620861955
0.337224294780939,119.878437034251,0.768981476012074,959.24530483623,49361,1.82216760416074,32.8340091036537,1.02376535892846,24.8037516649375
0.300678569352618,679.541113198922,0.608584493876541,863.284879070697,274463,1.80198828274027,28.5477149502641,1.01591404063237,66.4037454113915
0.44722822408843,857.744405245704,0.67089758312037,60.4000051398005,351667,1.43369869646284,28.376336391485,1.08298163413526,11.845256919036
0.10081178796907,702.658261051688,1.12638371418723,891.440847825109,396559,1.83037991534584,41.2655271417846,0.935299693404306,81.1260959117599
0.048694889473506,632.939021702477,1.10193782118292,121.309198136263,314930,3.42824107169342,68.4393337274004,1.02330759427415,5.50007143308444
0.127359983255674,129.304912779919,0.777125400527017,858.634271667929,77176,3.92867268349675,62.9172530233519,0.909954122164442,9.28093963815732
0.399343356563093,819.573868626214,0.771117255770652,316.165365181042,355377,3.64121378787649,51.2556853625171,0.928172987351526,67.8903079970895
0.0269884306959768,809.664017453618,1.07571899226148,629.564921606699,338994,2.90075255192353,31.6594830562682,0.98745446968866,17.3184510117231
0.29557534919091,31.0111485014949,1.16264248193725,86.1648195923857,13189,1.20973828438425,42.5302821095739,1.06424147387768,1.17740859697283
0.497764382933742,399.166806961846,1.06748235407856,782.622611312317,206462,4.8360280427471,38.8110298588538,1.04662653815001,228.970007176043
0.429291085980394,377.519270434318,0.963347206218457,156.120816121323,167142,1.67230584334997,80.9250127867036,1.0948128782092,28.4849911133668
0.265508387631359,535.248132237325,0.745602810199083,440.153763091983,335037,3.67368548162268,83.4959787250986,0.90896972969398,38.0613991197905
0.0411840455504547,167.657183526676,0.915448748457156,826.573702209036,108851,4.65156246192844,83.2760509796365,0.976270443765247,5.67165728571604
0.417373022048998,666.608726991175,0.740107115155959,710.581546682918,295845,3.79110838392395,97.6780408310612,0.931758160315032,127.880174006924
0.303499469006833,879.290500233167,1.08480685205806,55.7405620151636,456690,1.8721985607558,91.3178459750524,0.9073922568099,17.4798065822964
0.0663171685591877,995.983693754621,0.832176647710642,432.880717815421,399104,2.26318519505609,62.3353560383879,0.952879511258895,20.188390174644
0.0559900695634445,736.027520699956,1.10021833019642,89.8311411162826,460808,1.12082346804438,56.1202015681874,0.948894368837443,4.21892823284465
0.45571714152393,1152.54973388315,0.828965530789635,689.824867777546,489275,3.45103296336845,93.6826388282096,0.984005543692438,295.453903473288
0.337908128839658,12.5214129064053,1.09448964311993,970.501067165655,6324,3.45197192352627,70.841893903611,0.928016241580119,5.27968103930781
0.41635053166521,725.484419147943,0.799990689099145,672.498199185721,311748,3.90200232550552,47.0799000269196,0.997713515845223,154.463830979697
0.440699661138311,479.661567300195,0.864079622770602,263.153809561678,207007,1.04398515710249,67.3348020786376,1.08401966546285,47.4425230481377
0.290168452503678,1039.04084804179,0.969293051605594,387.471380463213,430068,4.27136515529787,99.4112067022095,1.04963778631966,150.064034404998
0.26354871235997,227.706693179441,0.642172568417951,977.818027875544,126655,3.95484382960123,88.7102545114272,1.06843546589865,30.9781504024307
0.220909431057285,1201.70987605113,1.16892423708928,262.849791430733,490534,1.56354643809636,46.0959787044656,1.06094571866431,106.002276185471
0.165303828017648,507.458156900275,0.944163471674282,583.452619401721,307240,2.39050643707591,96.4715819437913,0.977925267288127,50.7574372820843
0.222952020820769,628.002055485176,0.904692008814481,430.431118247657,396975,3.55409957161687,98.6096583609337,1.04179220725957,62.2129536536294
0.389201031307777,84.4386407264149,1.10363638267195,779.899533031811,43714,2.98318749976131,42.3375219561561,1.0508512478846,35.8067113412138
0.304942481197414,215.474649132959,1.1194576379381,874.019808380893,92545,1.46037705560505,92.1694088876006,0.941129621139847,78.8333680297799
0.447336412077875,748.802807492077,0.91335624271741,373.795410632782,379444,1.34938150054636,91.2402038274124,1.07205247332395,122.400385286885
0.227256207045802,27.8838908167178,1.15635739547618,677.376545514413,11971,4.12582519643237,27.981517992553,0.991549479704453,6.37620873495371
0.307473893572189,911.099081957281,0.638842659645888,571.595312641841,408622,1.62386847207124,75.2266894796265,0.903271947901877,64.4028609699698
0.319340701015074,13.6070499536659,0.667935475350731,314.522265552662,7960,1.68837069572177,47.8960534773377,1.02867682172277,0.649629472594292
0.2999316095301,805.442064192683,0.958072938008664,308.343762672352,328902,4.32369250142703,75.5959469868907,1.03535261838359,83.7910582180707
0.354290548811903,285.907016031871,0.81243951707615,561.700065155689,183182,3.44855853825287,93.5169020642683,1.01035245933537,47.9036926974138
0.126342399503655,734.199756548627,0.878535099713519,196.302729855685,306136,3.41886243261589,62.4084435992139,0.942483060169431,14.872226950206
0.261058250997437,628.523742152327,0.7968475307383,820.269401658348,348320,2.91738308545336,56.080962309149,0.996455605471213,91.3244147949859
0.0610701533760904,343.815454755544,0.842835186866961,115.554597240382,171895,3.27598005760916,94.1148453390563,0.980025490049101,2.09237423348101
0.198410550545958,105.485214310707,1.09358780828778,139.845761897901,54873,3.40707876148724,98.0586188303899,1.09493721476879,4.6562569166488
0.24895686362442,59.7731009134505,0.956085719912583,375.114993480904,35753,4.87130493937432,29.6677245845352,1.06493568695119,5.97700822059462
0.329589887177281,547.928489817665,1.1984067295701,162.187170287277,294879,1.89189322987032,94.2136051861155,1.05237992101744,50.9093207083399
0.47576021576724,441.529151526215,1.07212751869258,501.915020192718,260807,1.85824967880184,31.2076400141417,0.936214740600033,113.290212225813
0.304319022608694,632.753577640545,0.764199752461096,429.692095919777,371359,1.22887395082126,50.2964660037692,0.966208003484243,48.5861550481849
0.374361018926514,430.803459534024,0.758607070636018,735.719306091431,255358,3.63279519523729,82.1930591822745,0.975942367113844,80.7096336984125
0.258070369152649,421.273881157409,0.801538962070204,955.353947449234,211800,3.19616872328905,83.2777736454771,0.998525506460096,84.1012335653619
0.320710975374402,458.770507866797,1.10595568838865,765.88065550217,199645,1.44495681538656,79.4366418009375,0.906044902413094,134.073966963695
0.044756785905549,29.3731675693083,0.616372590390339,220.476229736574,14197,2.45815574047275,27.9334366045801,1.01860184561493,0.125345150104461
0.134651874612505,403.11889739527,0.738108767322755,938.745221191183,168443,1.71465282132482,34.972453601807,0.971571308794421,27.1710888242823
0.187308015670518,1042.70848948254,1.14295105220656,422.526760925414,488035,2.32592696160345,95.2162373664811,1.01233542908518,125.691356095089
0.241521743953192,956.533643220463,0.983937861649951,500.479892880567,436905,4.80505667757844,31.1096041296918,0.901795676851341,114.43451470729
0.032367885296168,358.433363900428,0.736108257300634,450.497425502104,165359,3.73327535552212,30.8909437729837,0.964286627799505,3.05544964308511
0.0786118078011257,573.745335145907,0.731486980939548,316.519672123333,294310,1.03027640318057,87.6734453318403,1.0537332112026,8.77790241924766
0.14563901081774,927.843982187217,1.11757086105566,900.29207340761,423801,2.01003229513649,73.0949314917165,1.00021631050541,175.638057879032
0.486051018541515,347.213074687948,1.13625450496623,365.626922601785,221196,1.04144618831112,51.3742041883885,1.05777746566913,92.0797549018952
0.172360033480495,23.50412066028,0.753678654577269,599.666646195569,9960,3.85947399507472,37.428286530372,1.03979207850348,1.63441511131628
0.24620011847492,86.9668676366888,0.852306214845919,278.031905155614,38180,2.87768720822191,91.3127814919611,1.0709841150302,5.33634650108662
0.106087879241813,446.230867100425,1.10075744317699,807.506606031671,255686,4.97607476725756,99.1403318221384,0.901488717710435,54.3714013717009
0.309282234827126,1099.43100023212,1.06260446316593,785.488726552727,484751,3.93433304409063,28.7478796332122,0.952265098368879,334.710494418513
0.147534775602827,524.753870136883,1.08834966393965,331.496531524692,346912,3.07165177083153,66.5585036567651,1.00976034532022,33.6804663427194
0.111426363434829,62.4854510328618,0.911038914472781,697.476369486281,36387,4.21882171283254,44.5977688679361,1.08820361533044,5.08363175446352
0.26312058793853,149.456520057923,1.1469294289831,718.679856440202,95491,3.8192146049363,87.4290125162278,1.03595803602651,46.388215680833
0.0126978415886062,879.919045080596,0.795570926372661,584.385845299528,385891,1.97510471054395,50.9554818831104,0.99131775725637,4.28821459143265
0.0137553759981204,949.450056873808,0.694003280608511,620.568463158087,420879,3.12103309931007,78.5971966889755,0.926028266101537,4.43948851652061
0.11734371645991,715.44566764024,1.02523939953892,595.731906376256,309230,3.22399489933628,65.4642566144708,0.998643070951491,59.439802387084
0.0279934676254024,485.296146370936,0.923612649604138,127.771183795103,322567,2.80492679443121,65.6142536196228,0.988217394491213,1.64350521037528
0.0629326195240388,30.2986634819111,1.11275146128569,686.752077478096,15140,1.71677049142145,89.3499573385316,1.05568865493774,1.9710757750142
0.176041718175988,913.765699190492,0.648695549474829,496.286259346757,414437,1.89347620663155,60.2803319443423,0.98266972809931,36.0500741808827
0.403266982994108,652.807435118231,1.10621544206284,466.534416514343,394350,2.12418960382385,88.419965060836,0.963767614966667,171.10638589943
0.290303835250957,280.02744058434,0.775976791925293,866.999257842711,130258,1.04102059751265,52.2570121028182,0.917943936493764,39.680638282598
0.261207185718644,561.772964518194,0.99291340030091,72.0653777880618,354630,4.66777556867804,38.1087206848229,0.909300212785073,11.1101300564557
0.15380952337198,181.93963354076,0.624077273446953,288.749172060817,108212,3.74438396633392,59.1608033242461,0.987826885504475,3.42956474309865
0.46655932252208,41.736731919946,0.96574877778216,165.333324850609,21124,3.75846926313788,62.3766836032767,0.969372395900437,3.38782698137542
0.204537370206224,218.300438831825,1.0303630135124,83.5739923792395,101367,3.28932245523649,60.8787398228344,1.01106483390257,4.65373065202815
0.052675455729928,148.350413757989,0.821250128703372,311.89314779215,90135,3.75724323264424,85.6247808909462,1.04238568742301,2.07794502446016
0.312362592897723,285.706022615754,0.729246423157284,989.052459154944,169536,4.92745019949455,67.3509206095073,0.908001362714761,52.0473268562528
0.0657808128035347,357.603074488579,0.922578405962127,306.717714547195,209806,2.54064135053797,91.6333053819102,0.999243421940563,7.35663959026112
0.179159339972829,442.953155705916,1.09991448266139,680.520528805983,254761,3.85010234750626,63.5639121186957,1.0723943788364,82.5733412415684
0.258631849971726,412.473714412931,0.79412841497799,162.383945538685,238900,2.43811601751011,41.8536312161503,0.991033317228066,11.8725024888272
0.438369037095736,257.865358596839,0.751481578512768,621.755248544868,136066,4.4171551949873,34.7121880197064,1.00424844219015,44.0127824114496
0.251837824366658,33.5043518084161,0.767361185182613,985.257408981398,15556,4.43211442756014,90.1272115708466,0.997358368143335,6.32489173841774
0.354106795355515,587.118976573455,1.16947929175,327.245647287442,302946,4.60906570169394,29.2129599176659,0.977958583696682,102.183364614603
0.496480251109544,451.728473486952,0.815566149458736,855.671835556804,198477,1.02185329696751,33.8207208939822,0.922023904784675,119.194738452548
0.074429668750011,332.972388827012,0.602162543932972,997.692811348209,150037,2.19276577998438,29.7743889188231,0.925271243136505,8.6822961618056
0.144618447504565,705.268576039335,1.06900872477577,609.126384284707,433604,1.53569740480638,56.7800647886365,0.935817848347539,74.5027733858708
0.203342277042847,578.685951513213,1.01956487720123,343.931045406634,373625,2.81594479156063,64.9461712295195,1.05851292817953,51.3189875816464
0.216695807484027,1020.19637949493,0.677140958761781,689.854696904198,429025,2.98179857071719,26.4906048266951,0.955066460112343,71.1536192518041
0.211400326880117,391.791785183326,1.19094254948095,852.605795955188,247996,2.02361617131862,63.6689625168703,1.08962475635508,123.016831303848
0.454729391252712,109.340931213861,0.964837371183067,212.782730813879,66334,3.89378596818028,54.531960346797,1.06203403330733,11.5964245263079
0.35987599578876,530.334065203582,0.900467694564361,479.889975649381,348415,2.07907886875588,83.0233886841924,1.03690813363974,83.0907937563319
0.307873554904445,220.987293145325,0.829331560573735,353.228324617649,103831,4.41556550113343,87.2467466309667,1.04407872587915,23.0297930254853
0.161592631752763,460.566226935985,1.13920365333818,319.191047114261,221174,1.71063747256715,76.3725577289654,0.90952644173567,29.8068818357952
0.413657288268434,83.1496240872628,0.746378088851138,867.780197703164,33435,2.46894117906113,60.5121651487468,1.01367787339731,18.0284733389935
0.477979650627645,985.394914239222,0.771461340131941,450.571306480747,412829,3.48895103369722,41.2111446281491,1.08821138198435,158.419885385004
0.412387158449611,121.995871823091,0.67344648401194,372.122524713717,63844,3.42134028185301,88.533615047692,0.907822036678502,9.55996964823531
0.0107669015438217,845.294258704783,1.05547145735056,623.335014354713,451646,1.31211644802057,50.6251855033313,0.958203303702708,6.13642014264754
0.321836671389869,776.691088669558,0.957329568243512,258.431500655512,432251,4.38503444876379,51.7218915396212,0.910302298426787,61.890315955616
0.0350563369066294,384.72494597166,0.965439701552699,268.398816039675,232827,3.3922597337191,93.7008660390284,1.01394831557323,3.966558130719
0.136227537963524,610.087877064852,0.731082258611678,544.274294327929,372440,4.47943819482867,98.1697941698435,0.923240125434106,26.1521508025822
0.0391671031704081,506.176074704903,0.99070103347625,438.809092213875,310103,4.47054231291147,92.3598217288378,0.99585003124488,10.091691646452
0.3058597719452,648.44639197843,1.05927506834812,330.233264726208,401735,3.18367476150012,99.8676042670811,1.04398988735751,95.7623654382682
0.346429057611377,376.770382331569,0.814733118435414,101.253575660397,216471,4.64312582924575,90.1681632926108,0.932887706987094,9.96977290459565
0.0660989426522935,710.235765280062,1.08080828637703,544.735526706595,393119,4.39363119525382,77.8268138215061,1.05107288741565,39.004454841349
0.19808105269204,570.510311801805,0.809274353119213,825.778745321021,231766,4.83249177824708,47.0364549678605,0.91204089238998,68.3599496755305
0.233555889388216,978.008960472929,1.05488307690557,858.808345021755,470542,4.40199359423763,96.4717786674907,0.929924896051399,260.159044350277
0.190835980662849,606.227090248887,0.620238064474631,273.667980739776,243700,4.2848154040046,90.7470123710315,0.956022072636445,13.6238163686479
0.0693022502377446,434.125844452539,0.930698760884192,619.659143750114,231847,2.87744192270765,43.056009431174,1.05921981348242,18.9859249345988
0.215284417191863,768.859817576136,1.18171593638393,863.087243989793,392751,1.84812424151171,61.687185493137,1.07002737782468,243.908790724306
0.378077243426125,749.843442399836,1.18874676040943,438.289631862452,410968,4.64283493230194,30.2541745469163,0.944075962873247,186.813270400458
0.0447937556212952,467.321071777464,0.769051547005044,935.529976442152,277690,3.8901967457843,96.4981647450413,0.919156765105099,13.0222311389204
0.0492882069001327,149.066259124874,0.864839454648213,907.829602673075,90719,2.12699145679408,67.9576245791092,1.06959075646945,5.8045710858306
0.183837932999632,573.153459837332,0.63778674479198,247.727202547869,234411,2.36398289102257,43.3900409446124,1.02987348750442,11.8588635670135
0.471445598693273,1203.78795992764,1.12400478456276,296.016591255194,484069,3.74431404742888,46.9299485217907,0.931571087279736,223.095508130597
0.337600596894228,582.0292037147,0.941143291884128,221.41989871367,376740,2.91126923341468,98.5492279472395,1.01154335703015,47.4970558705149
0.342548278769557,669.660845589909,0.83106040736431,236.251633881967,405770,1.32593024738547,71.1710718853148,1.07447428657711,44.2217408081784
0.187340795510554,33.4289252000995,0.667662335093492,912.468982814823,17379,1.56579178298263,56.5512343079803,0.913902988410353,2.48225911523375
0.300893787692184,395.381119530662,1.16806037129813,934.581013732992,234462,3.98259473404924,62.4884096339154,0.916744246729656,166.666701580189
0.0149642801735943,603.270983722851,0.918131428692596,99.3023791258744,323664,2.31427811392732,32.3912554283008,0.954721552132514,0.740409965964456
0.321687062740676,676.379626209172,0.769756757449742,613.923187888594,415187,3.03059771360816,30.6267070054657,1.03045246511973,90.6863635023859
0.457510604312356,50.0612663192404,0.810129078078906,586.019984714693,25587,4.0664859130141,69.4530807475289,0.93560170189412,9.94503732580429
0.310160999488961,755.392118412239,0.762418308553289,421.020264388237,426367,4.00470237482421,63.4003027330237,1.06327344086343,72.4895730597128
0.438112310798509,508.629427374228,0.961085885314188,650.112713181952,274652,1.6680601075491,51.9364893477581,1.05008603535899,139.685527937299
0.364746797178386,158.568742001833,1.15797814546831,949.999434235308,99459,1.39357545759614,67.4585464383523,1.0122009707256,81.9428143013804
0.0690736240378082,307.170079758633,1.11401628199594,211.742138586039,159310,3.36460917186036,30.4506962077879,0.923213540874069,5.67756128832375
0.452202120570062,351.835388093868,0.876228525255586,164.390364230633,141683,3.96653149572496,95.799337857366,1.09764396566244,27.2534848987114
0.0425574837343297,486.284878332662,1.0958996173806,81.7210422875269,265899,1.59615968798164,47.0283765838166,0.998006725912565,2.1288749971751
0.271644061548404,63.6669167023037,0.853863288765798,395.641642448136,26791,2.4878211493091,30.3834093003999,0.990414629573456,5.1487174046112
0.0796471906587942,187.711340036332,0.751384284455183,370.747053223973,80109,4.48111198387056,37.7128204430578,1.09911381593346,3.96128301689191
0.015736239258143,996.845117024038,1.19004906915986,459.278703750712,406534,4.77689256624128,32.1605435861888,1.07277365269427,12.5840433875662
0.216796787462543,153.824365829468,0.782332540782493,528.144529336902,67169,2.81627904379874,38.3953378269761,0.991273546806296,11.6431643111995
0.154569946750537,253.674881693637,0.794234538592145,769.932794328932,117464,1.31806373612333,56.2565541119959,0.983760597187255,19.9682880408127
0.248140241960825,535.491396430694,1.19381572067191,422.507720934642,227232,2.03078582480951,80.3538170451641,0.919181876513397,81.0505891974616
0.29282794449993,408.159725011522,0.680356495899393,364.082453893172,259043,1.93187968126213,45.426126059128,1.08530234927782,22.8629350815827
0.0314321454313842,749.883749937547,1.05632039280582,835.534879246646,382042,1.95585488216423,57.6944966456233,1.06875496954384,25.5748896172652
0.0702716146106354,558.13854456603,1.16148765508964,857.306837120974,224219,2.975526821517,94.6567965916177,0.962000498575982,52.5737493900461
0.283734774260708,896.816612583055,0.907076996565251,271.127666078685,395143,3.33290260676628,47.1866304494482,1.05066425751376,67.7738594720994
0.178152003054603,762.147743648313,0.601513057021692,348.938231575743,309555,1.49003835471974,84.6039814948532,1.05254588525478,20.7213227381641
0.36729500889923,130.933078878882,0.825035366467864,833.860552364584,57436,4.55742402611334,36.8362654361775,0.945582143445323,30.2050095978772
0.32962290781005,187.637049365636,0.666941395430896,125.437832082877,79009,3.47989529312446,38.3741309692936,1.02273109398774,3.827812987553
0.424346137865054,483.406511844983,0.849712596560217,359.554441371201,219080,3.38900692107202,59.2114655107199,0.951005760682442,58.3939422258111
0.34932148506792,449.948402975243,1.07401605698537,475.932601688818,199048,4.94911599353714,42.557668784979,1.05797721038718,107.087916608885
0.220666227921173,752.680891822579,0.86322692933028,227.718034440542,372029,3.5125759099725,92.7271055345695,0.930761940496583,31.4875939522033
0.339753644973272,704.93923254434,0.859155072807553,220.918486780163,290788,4.71583659720474,28.8064218342608,1.03378119973746,47.874435390114
0.144936775385155,452.633925042335,0.934073686151308,453.618955112852,194678,2.14502788943917,69.795442460788,0.965202342330352,27.9163556210243
0.160093614401324,202.063979005068,0.949014350848608,766.795638498113,86209,1.96051796138599,70.317204711214,0.907236411507054,22.6451550263368
0.396602728361189,248.138082248072,1.11377778527938,848.221330570246,114191,3.06607474729781,29.9519445639586,0.924740928842179,111.591768295698
0.228745563036775,520.034826251868,0.785013263537371,980.273337909365,288175,3.03443579054666,79.9423161153169,1.03097982763672,85.0171106459788
0.401206366853993,326.008063042145,1.09300275862081,120.284847587133,212296,1.90593459793559,60.1673158384147,0.947982860644397,18.526203651378
0.412986963097456,628.274804976063,0.939560249215228,255.848091088693,257949,3.79862262759979,79.2305030121106,1.02620707451693,70.8428959906585
0.430205545454029,179.756818215872,0.780317729830288,768.798350264988,86168,1.11853527694677,87.0193739451302,0.982964433200257,37.7701866485657
0.459151265562192,596.605856397241,0.777075626403646,563.568770752879,331790,3.76252189019781,49.217451399302,1.03854269277525,105.62918426003
0.221182758051515,703.219245283024,0.816682510263435,361.295785264297,426417,2.8287115444932,61.3364412201616,0.998589724437096,43.6387633637389
0.166244740977358,302.167108843434,0.973615945571985,245.310178184881,129712,3.75603004338032,44.5570584826009,0.961709419432234,13.0772940968122
0.295277385831116,575.405482205828,0.738487038815969,316.453674060326,246266,2.90832252256608,40.1135097641751,0.92916383597152,30.2173348074964
0.191874487484438,1128.99152726642,1.15220013700336,457.824502785904,487789,4.90933513153878,25.0446068531993,0.968219650484256,150.085736590371
0.304526341732114,358.844448291048,0.94494755050674,218.293658530731,167287,2.33873980441247,97.2723634059878,1.02697881558535,24.732312092543
0.355737072695474,555.938232394472,1.1520094661976,966.014658082913,297928,4.93029174800955,58.0696351997236,1.04809470103949,326.044407166717
0.347318459061147,82.9998615918853,0.627842615147493,152.209022369881,46007,1.2598957699159,25.9802329794156,0.932067934967998,1.56428643563925
0.193530914639859,457.698534363393,0.805566822276884,986.298562764758,303402,3.73504309903023,25.6703933176036,1.03285448177762,64.576334199496
0.0917614988323889,106.706539228578,0.613684596412574,849.798621700639,45726,2.81687682713965,46.6264426413396,0.935855901930303,3.19102844885294
0.220959375846482,761.426380247103,0.763351089058782,451.994036638052,479659,4.2885505021188,26.0453259032589,0.944363868697997,47.7375073752656
0.0798711306001353,763.057456878368,1.11720388336115,752.8255176688,358116,4.15846427886799,53.0885963243911,1.006263448056,60.9700364090809
0.446147547240066,790.190718939472,0.621965829505321,687.939481511567,394292,4.20084073150375,29.7203876079211,0.957840460395215,95.058117856369
0.17947995576155,714.099942238982,0.861688259949447,252.622572051484,352348,1.37895439721008,27.9438693362732,1.0323190882473,25.433932819434
0.0856852761394287,716.547635398253,0.670540242283937,372.116581812999,295275,4.28946279944518,75.2036045555913,1.09115532484831,13.8420240235011
0.0224694023538179,345.388374731733,0.850104395556221,537.466434665185,225506,1.85616062977504,93.0130967082164,0.929778440267479,3.11674538034599
0.326452969280377,976.033210407646,1.10331095055863,655.951970893341,429329,1.10272105543614,55.7039937476709,1.01410216646188,266.977660976205
0.322082135552824,742.59654257522,0.973842620041511,565.75023228879,478461,1.87095487873765,87.7577822706949,1.08465983653464,160.611299156171
0.176896041624833,384.567626402357,1.04205380719885,499.33808795615,250019,2.91714041879933,27.194909585181,0.935305795330323,35.9952517839659
0.045138825535349,898.978557231389,0.809462469269749,470.994659782155,465836,3.96844543964573,83.3267541977637,0.973370180676972,14.9748670959053
0.210718158498664,456.547686147617,1.16663861700608,523.351274330267,292083,1.87452992333141,29.7099994242168,0.924723366997957,62.5630054830809
0.162496572581063,617.276823041939,1.0255572562677,462.633943853672,269654,1.45203019236109,87.8829567398014,1.02840754366279,57.032343177361
0.341789113470155,462.308088412874,0.853079291570718,564.26357366843,227787,3.58386902009577,91.1774758654048,1.03382858553894,83.590863264675
0.306831832231818,161.212675010951,0.855878880136233,893.586034094333,105434,4.93559214544007,83.9480381786736,1.03283646388713,42.9068434348677
0.188650926816795,4.39966996059236,1.15121050676598,651.187847401881,2856,3.40348120834247,86.5561768308467,1.00842540967267,0.861797454946749
0.116767351584945,256.712465717174,0.945842816061235,736.489831239113,121511,3.76422945649369,67.1113424749239,1.04925217355955,23.4563045942448
0.49413762341624,588.870264862709,1.02382752594183,617.608977044238,255352,3.24466977498568,44.8663706936989,0.907175459275996,200.473332583111
0.232460794386096,369.344590660972,0.850221134707903,660.866798293302,190600,4.12939377691402,73.2423251995725,1.09150269748906,53.6941857924031
0.347254375532316,461.857407477179,0.734215658858828,599.432337025771,224794,4.90321768083778,57.9656236807271,0.944419241585871,64.2212664320865
0.0788709541133968,1127.70757381664,1.03413557519665,75.523196086032,490344,3.17651691761674,25.4002420689284,0.924312393738349,7.52499817099619
0.247938952833105,370.997438310115,0.964694263284833,999.618463090019,175786,2.6671620469709,60.7619279826126,1.08822720858839,104.645219637875
0.0234929927360381,390.897935502757,0.900805728254868,81.9287782022518,226639,4.44137224464051,73.8390943412909,1.06608738327232,0.811568189035931
0.25767300777612,142.893030197398,0.974412563996678,425.390607821971,67624,4.87891337503996,26.0412744768491,1.05297408385834,18.5951409341243
0.482368529487674,53.0580069144958,0.72497135163854,149.859894383987,24930,1.51672656347827,71.6020252081118,0.920949141787796,2.03048592431887
0.198261289363042,866.677121093216,1.07636322391917,142.082027918886,387930,3.31268386189551,73.9398929662642,1.06150584273523,35.6418485385636
0.0291080461617067,606.084337452295,1.16889768301218,803.850604090759,285771,4.16983997018399,36.8580683679173,1.02180470460196,23.3813668136063
0.0251683375504783,939.773800915286,1.13466188650062,454.629490390173,380592,3.13335762062556,57.3305638867382,1.04638172220237,16.5388602463156
0.200113512373966,128.622205322888,0.79286144718421,811.081772883827,75781,2.63678787277179,97.3249450666849,1.09561405596368,16.8722227286289
0.0884122188669651,701.852658459275,0.843603463969245,309.14714714679,286343,3.62091928454168,91.3141920849837,0.9388882354236,15.8017242887005
0.0214425272008111,260.024853765481,1.08504137987854,293.639652215923,127567,2.08051237805339,55.811606714369,1.00087639216371,2.07032964718043
0.380544670835587,249.347080797237,0.957070278494762,288.669812723739,114803,2.39653497175348,51.2384701018117,1.05067038929182,27.4367420662182
0.234676274352126,10.7979652443997,0.92874866620599,635.338345087523,6751,4.96910663552538,34.3060510732642,0.98673127015434,1.53602442320814
0.151729938266601,124.19323516861,1.15598518052007,824.24942035332,66040,3.54586133749798,27.639181340512,0.910930616583642,20.7778719257288
0.451040759678076,352.491315924392,0.92161497658623,479.647959571479,155325,4.4917091932443,47.3097083081559,0.922287779775104,71.0010539835421
0.0669080904982575,130.918375237702,0.908963207752386,410.286446109028,59322,4.23107405214857,95.5212510311679,1.02041839450912,3.82491955449953
0.478400226188106,759.20247055981,0.625211154759816,974.900576491567,492944,3.6090902175761,96.896008850025,0.957000829278151,168.617751961377
0.163843691514903,317.238483596181,0.641650175154083,160.916334211057,155008,4.36291632983509,85.9389505432207,0.927568129460519,3.85380749142316
0.445317799431254,104.875597359897,0.60445218472839,512.301047942648,66031,2.14863398173428,51.3118610139895,0.967978399504916,9.31242725198492
0.305442009474936,250.439225816595,1.14794653547018,438.063365522363,100342,3.54846579524919,35.7719824661583,0.940196186408957,46.0080291182493
0.415086606273329,705.438083328161,0.84503199601062,143.220266757546,294264,3.36241395809592,69.6650106704259,0.904787893314955,30.4535018552315
0.492166449973127,50.1302553257433,0.881136825680047,304.790343983808,32957,3.48967840317338,73.4878755404636,0.930362797713433,6.68439798062924
0.151318664531185,1017.41528910754,1.10723216855548,77.0191519501564,431355,1.6745277085871,56.8430176934203,1.07661559218353,16.1403616369745
0.480956387849721,1163.23513822288,0.965547786225467,883.106574533809,480789,2.10897215999227,76.873509666898,0.902407456500543,465.178861958107
0.200846128502186,230.075380222134,0.965700957834349,627.457052540881,124127,2.14663327517016,81.0011414238801,1.05477006071882,32.230610651868
0.198900833321092,500.712914873811,0.777920657612887,824.267572976738,225597,3.40778465029105,83.7296247681085,1.05069222117432,63.0053712319028
0.176789681084708,23.3926396230727,1.10034502435471,545.47672978284,12045,4.89018752175914,62.672358351813,1.0128475376718,3.41492011382742
0.275289727600317,691.215386290902,0.699497985623696,619.5343379508,320715,4.81627020472859,84.37305831698,0.941689553141674,65.8208193208102
0.0855310711574587,381.956036944685,0.631889755303769,715.811753918707,207549,1.90875821195879,26.9107319702093,1.07561184486005,10.2384125001711
0.281318627825425,247.428819406096,0.714962014511119,912.611046091004,135759,2.21938097226709,76.0303275054152,0.995015113758789,35.1959293754633
0.275435358080902,200.547179991737,0.760642331264739,137.164293434553,104211,1.14424756911667,42.672546778786,0.934641245809547,4.1812337155347
0.383331888176386,538.689770336965,0.769386634712524,364.400974998941,327358,2.59526235943758,45.289021876574,0.985804518497845,48.5998026121527
0.418488481349417,486.490052765949,1.00230815917126,723.574881165001,208692,4.33869648672145,31.8476279955049,0.938983445548851,160.621849157881
0.225816261653088,167.584464214532,0.730694752397186,960.433034851323,90650,4.66300695594456,39.4294197694884,0.975201568225985,22.7580138528426
0.158143292182232,655.296976057293,1.00599498269699,981.767057065505,344866,1.94598591827177,99.4006174751502,0.999337554202024,122.776385096185
0.137074099685376,677.448027810939,0.65467930394028,656.197858680399,282971,2.06317789395536,56.1542597922606,0.97198017794041,29.0368637472904
0.105365679985387,857.506002416223,0.688321476658745,233.918553867124,429478,1.88339926603501,94.5824049016514,1.03140885481454,11.9600471680249
0.0382473152775222,121.878418075498,0.905292869094597,163.248465843259,59620,2.40041427029831,37.2174646144599,1.08718356081769,0.727301091629221
0.17779950962901,965.521674947389,1.15313748154599,948.741462066404,393048,4.21903759436218,40.304413157389,0.969629869529393,237.868587090015
0.142421369144084,804.529662862429,1.11574055328667,462.231304989382,337085,3.58742987953784,66.8360015361303,0.971147902767297,75.6055987975212
0.48354451907454,97.480161131996,1.18125206546568,235.075231599551,58390,4.1437636714548,51.2149405659312,1.04766049412045,19.1343569554502
0.283277324862522,686.118437343004,0.990287439166903,937.197889988721,347716,3.33212442534122,73.2936406431097,1.00611818630422,211.6925042736
0.180165749124949,546.976936609215,1.00548891984966,149.298057986096,221332,2.03093231223659,56.6534931790323,0.985767887924148,16.0977576268341
0.294429124486911,884.78294949533,0.975013799358895,743.092542014221,472548,1.91197672085018,85.8697928099097,1.0627616376913,224.582542149594
0.0782063836593908,134.124415248705,0.973691353714918,643.999876166167,71664,1.036002823455,57.3669303378313,1.07820721343828,6.91364115056125
0.227581437109079,545.416657803723,0.688272207040551,133.347931161847,321774,4.12392854749629,67.9261886828698,1.01811732120944,9.30379954184726
0.316854817496321,309.317223250137,0.926243373698357,371.81135585747,191608,4.38848490465887,49.0804900017797,0.937020654551101,35.8393721910526
0.249559937578301,1071.87606744199,0.831640760071035,192.43415506301,478451,4.07313039851367,77.8030740578991,0.993257177800396,43.167321948849
0.206871612320619,376.046437353687,0.865522329466376,624.273662906503,165657,1.29760823091396,74.1050656724286,1.00087413242963,38.8730749999583
0.496985710560852,1187.91867614316,0.914160343835542,503.257380093557,481131,4.04888650867946,54.7750774580543,0.986441471422172,298.7086791758
0.441354233452974,1024.952413041,0.677037703081351,54.0613684274664,450842,1.18306981260108,45.7024077092947,0.952486375773077,10.7481132617587
0.315468919498126,236.958214341541,0.815692640311272,976.925037969713,135921,1.42237226282556,71.0578281115224,0.994464361544771,52.3172591858732
0.288994906979319,619.077580741478,0.638069736525962,382.105417395063,401968,2.76190149173067,95.7363736908256,0.989309230419538,31.6548424307776
0.314123635114046,1237.26812800091,1.18780087825344,295.294173195197,497807,2.90458803569936,34.9482268019951,0.941898704790388,168.983015441629
0.108642932832992,233.882633938986,0.671116817292076,261.320808004398,127079,4.26447454647479,84.933746375917,1.08068613046721,4.11238513212401
0.203617494199516,396.734793158663,0.755114843126973,200.875101364889,218952,3.71810756816364,65.7243829606068,1.07706819016949,11.686359396853
0.0293351711165407,626.919749004397,1.13477575602204,999.180222405684,260570,1.61328071452487,64.4169771380394,1.05192328569012,28.1479671876908
0.243017558368545,308.949251967411,0.889626027743485,330.353994487525,148170,1.90458713291521,97.1263110681984,0.980189315522456,22.7606538614223
0.276082046139255,14.777044905058,0.681382320912378,435.237822363068,8617,2.14270075303475,70.4406098176418,0.974068381578427,0.913056865999858
0.121597370690573,264.816983927639,0.830538322823609,877.788120369185,110844,1.49469054981943,87.2888370811389,1.04329307547919,23.908104869455
0.482374135111102,353.274326109286,0.669520796514831,659.793128365734,141686,2.15057954543692,63.5857936656772,1.02162384700061,57.8644131028212
0.455632759359249,352.807498143254,0.720129598250701,400.259691158009,222356,3.91439262215893,43.7390025441317,1.02011966478935,39.5713431046913
0.363850185373394,204.051295652769,0.631217908169907,903.41201412766,86380,1.96560588042913,77.0867703593582,0.924822305498971,27.4377376468326
0.271359448095028,825.69029302645,0.86293649672946,762.23799210292,436754,4.34143858824155,94.2382678333003,1.02365675605909,160.960056689865
0.436284888227366,713.993579577687,1.08398167303516,266.505482164615,352751,2.87806798050083,88.0922571707557,1.08037260222467,117.143741939768
0.0740196484734968,105.080717185413,0.951581507219937,661.552044869924,43515,2.29174304497756,39.8772704680063,0.917163294134087,4.91884956527206
0.397349799194694,804.82769678844,0.963807183290767,926.278573377781,325396,2.64967241819549,48.7666839296613,0.967834259814157,288.00583325168
0.0711621988437557,576.535977387999,0.720350418049944,521.637834527892,327175,3.83798696237397,63.7660505480258,1.00180285828941,12.9624845964091
0.399163224649209,819.008160388338,0.80633630595142,746.931782690084,478155,3.06717081298396,67.8702471427049,1.0372018989663,187.084614640291
0.145126108443165,3.96235501238892,1.1071452623045,972.548556789701,2507,1.02911465590023,39.5360585843896,0.91792698591125,0.638778397319468
0.439774384698913,257.143304588317,0.652713710595909,705.893433850452,124718,4.6892953863403,42.2509255011373,1.07456123865777,42.3597542423064
0.472580625974445,702.264004148456,1.11475839220112,147.316755277777,463968,1.26398401200741,81.9123301776577,0.90810912408163,64.2838857325995
0.0829100250085067,891.202712956408,0.890214015758871,282.331573384725,466135,4.75448539525754,79.7738062536207,1.07153793336145,22.4674437468802
0.236711046482043,567.319795036265,1.10228845879507,615.341615475517,360573,1.11261129448022,87.9406610971668,0.905530351173051,105.603539839337
0.490683815299716,729.922481052755,0.79080385163664,311.778024603311,383116,4.08391733982979,94.9697355460173,0.930704660865471,81.5597899305627
0.246869643626842,71.8378366292407,0.803305770949812,959.664620119683,46650,3.13869883273315,48.1195839177019,1.06006476543073,13.5186472039019
0.433138286032127,601.140968094952,1.05096292099389,435.084432321065,257424,3.02290472241642,89.4696217427934,1.07203288744076,157.097290717887
0.298478445844347,199.287177133479,1.07099770403533,484.368885445747,116560,1.29111401017602,74.950884345714,1.09645316585725,39.4990379501734
0.193911654880605,167.156780461893,0.737786806794088,716.521988796611,91427,1.95498004135167,96.832781791885,0.923142965668735,12.9263699970582
0.150033942207676,960.679995040428,1.18372279489314,548.03724477478,405342,4.11018926826077,45.4055617017562,1.00529022321813,132.314729291183
0.109579314632183,153.608658338142,0.650694062546897,413.03866854433,68384,4.56503931968998,45.2253626229644,0.915431165307938,3.00580740605657
0.383281113775072,403.728192500169,0.641101777861279,122.80598139685,234857,3.11647472421192,77.8220086519545,0.93128152519277,8.61626384465096
0.199404848343284,737.772564046314,0.957302529171662,616.623310032471,469351,2.41337358545038,94.6308080528707,0.934898771581273,93.0623513071354
0.260524976478368,207.675103104651,1.03364446066297,874.201029254333,93730,1.23977283225684,86.8416868589826,0.912677650291817,51.0584731055658
0.251239485200579,924.589470634949,1.17653167753498,701.474319672053,489019,3.72871410426536,79.5279668345017,1.07859596118567,276.683839629587
0.292866724324234,1126.58167156162,0.842967468479317,412.420259544605,497150,2.11378644274513,54.0481898543041,0.925271103602872,99.0496232469657
0.434132801356031,541.284106297719,0.61517484539378,171.339761391973,278253,1.22005485996859,78.832550102648,1.02586816860246,17.6399773468218
0.49056227835588,158.573453276731,0.961737803667844,825.521277559032,85901,3.66340691639449,85.0821682323111,1.02514941291263,70.7015599718941
0.20971626220117,309.726541678003,0.773817612359263,944.660944119644,158736,2.94287917413503,81.4964259842953,0.939729041073243,42.1019165851506
0.415484271832089,478.542820448405,0.859768272717241,418.859341256452,212822,1.0478485988069,75.7608098714592,1.09968225224716,76.8230843306817
0.384618619380812,373.192128174907,0.893081689349961,742.210079724858,155353,1.44369615642539,28.5348438768027,0.969473554639177,90.8184956107249
0.291029186213231,218.574516105263,0.63870756644282,440.225267896218,141037,3.79680771698378,74.4786199836107,1.08101887419268,14.5917972299431
0.478463100369847,984.007656986696,0.891589070738462,527.15359190959,486143,1.25468533226315,60.8720991612183,1.08965694645075,214.43723284685
0.108232512608917,118.839197981444,0.855791800082589,844.652561585589,77529,4.46385225937196,97.1176953662264,1.08979776285994,10.8781119180398
0.0635394630517145,722.270482765333,1.02752655917196,129.253125100596,366931,2.24530510967973,70.5392412532803,1.05056751752034,7.51061708186553
0.428441363808157,2.87188052623267,0.987399546727407,553.81858134737,1204,1.3546658817457,70.6170442176474,0.950761001062397,0.700708389949106
0.225183410150537,555.67538657513,0.711129430890337,253.889260937661,298495,4.03902951267226,99.5541390527312,0.924131070362052,18.8353536420845
0.42501473856146,1114.19851007852,0.723683350926238,372.815648220974,458056,3.09770893781209,32.0190842335679,1.01397699543084,106.932060627517
0.447614200545753,308.254303069938,0.750603707264624,662.207383410161,144679,2.22656012951719,45.7237213825265,0.972007826219402,55.2087998378317
0.040604220873345,227.780954606118,0.707370264178306,75.8669917200059,93577,2.62439336667707,74.2059579226769,1.06620780236385,0.431442162172865
0.44289773386317,736.260667210059,0.99432791980108,614.133844024505,326188,1.0856495824193,48.6427192025781,1.04899801052335,209.601755767607
0.229676337131017,571.765739204949,1.19665810752016,319.270127481062,356588,3.65079415015772,50.9612610946841,0.955293659234682,68.7768300976396
0.260111919612074,596.082156938754,0.991265004309562,686.010142767669,344327,2.46309475585378,91.9483704847831,0.903403046737946,110.857826522748
0.317030330435673,303.709396517465,0.964008927714775,184.502284317401,160339,3.85615027891252,68.4515428779847,0.947463151790182,18.5383637436933
0.463927477297743,211.85138787635,0.845956760010643,749.02102362537,126849,3.51268458381019,32.7149187103116,1.01342311684845,57.8477993157505
0.0193668862705844,953.575726729663,0.787548155315856,663.357733774829,478004,3.60501674363895,48.3146939299466,0.915799494442519,7.81431545807335
0.24365329947573,910.233904427582,1.14664425414389,972.679741236334,461727,4.17157084401773,30.7043782374564,1.03165451994332,334.34663983814
0.346983800790975,562.977064447074,1.18140112448529,915.673595095241,229201,3.524632313505,66.7097450085359,1.03433925695446,305.759541797489
0.364126409272132,818.452260163606,0.898065705352637,319.137720039717,423251,2.67490371696757,37.9951147281992,0.933878784471976,74.6245039569365
0.349340891453183,518.172167173328,0.774120297303935,75.9507440891651,226709,2.55971024693854,89.283636251883,1.01926364681709,9.49985320684315
0.0758732134099797,519.565306628049,1.06207332460186,672.60013305617,212770,1.47832842705942,68.2985519842375,1.02139428559225,33.4489076801423
0.156703838302124,188.314563145083,0.679474074520127,622.743019554439,79224,4.11777365262497,29.4531731448321,0.995595629270811,9.34858788262523
0.185770607454337,365.273838765215,1.05935294258621,76.0573303281238,213777,4.04443376701849,47.5656747718239,1.09064916150577,7.1451259239071
0.404174231762957,537.273362666121,1.0913690245868,166.543652742463,269171,1.98519346834209,71.2253250427095,0.9216326360597,42.2228937254098
0.146592337483131,22.5960097976969,0.6749423667763,605.466619309186,12229,4.45072765079258,50.1623738645371,0.981325133740584,1.05720331335677
0.11324543229493,422.931343841886,1.18611688127794,916.235900841317,222612,3.35601303116251,63.4882501445467,1.07658415445063,77.7419608746938
0.479149529328667,727.383805958985,1.19130737423309,911.175262687737,390897,2.91474736957827,93.2021721012052,0.977262803491922,548.263914670219
0.0143430097055998,791.760072668591,1.16203168759641,193.910801881471,340343,1.06998520650198,51.2526977879709,0.984927921801067,3.05958807910118
0.498932219284169,620.668947602796,0.897620885643759,415.345249084987,317943,2.53096474345727,50.1904646852341,1.03365477608739,120.137873581209
0.341642436440124,920.515817213809,0.747644485366097,91.0427211345653,454869,3.56268307294265,86.4817630984524,1.03311270991592,19.6810545786925
0.415949956730067,24.8170262283996,0.949205568529148,495.808254044783,9997,1.35899135075353,48.9067392187577,0.904580391687753,4.49409469846892
0.154363504209635,435.182737625451,0.851960303082861,765.429286689545,278967,2.83826923555019,30.8468758105294,0.991139485222591,40.7246133563733
0.0170144860568594,783.030670864259,0.723569186830318,800.474075797331,393887,4.97374380544638,38.5708715678121,0.966702368939682,6.25970394452375
0.37155606409515,616.557254357473,0.854205845770708,524.039993266744,271126,3.86615454883627,96.1600188097226,1.02553904942936,112.619471371754
0.418730852530331,268.518562288402,0.998333901406554,141.076190972807,162624,3.18748355000642,94.9969594433291,1.01114046313905,18.5876338388601
0.372833304657224,145.672453180879,0.642547986471595,412.295776422488,68989,3.13213153975631,41.8609068083611,1.03017232542274,10.6759191832968
0.0799966407774109,772.137978846673,0.80005080086761,935.496861975646,443894,1.17506032903278,66.5126404824014,1.0307534773012,41.5960223193357
0.379179681905915,558.494304350808,0.610676934007695,268.131928693729,235910,4.82925774963174,35.3026075317252,0.950974372261527,24.1675746739405
0.386772163232744,802.425631050407,1.04969730327701,353.76672741709,439180,4.71271064114017,75.6008221383652,0.949292952913837,145.570717892227
0.332684852678327,536.537286709713,0.98441476057002,759.485816689917,293340,3.72961884270179,38.8979347007358,0.974056479004631,149.557377184275
0.385396807069837,707.976774877265,0.637603280821179,746.901749441641,337422,1.3960465987262,28.7342817191203,0.948391692107339,82.3090920624995
0.424501505442089,677.342814135159,1.17884253576118,916.592173623686,402327,1.83133558699775,86.8672605406599,1.03656161556373,439.123379659054
0.310666015976355,588.868674858259,0.61357293427626,418.712756184357,329919,1.73563814350234,49.4050287042719,1.02057319504489,29.5100151766323
0.0534163098451427,382.615299607488,0.953976387885653,538.868787680577,199629,3.07831394040488,33.1391802670073,0.94327740132841,10.2230257819246
0.248937626736933,476.94658309954,1.06582047707943,494.022838159454,257303,1.83121549800794,87.5427963146669,1.07682096175994,78.1023771943729
0.0480481739890865,813.433676017203,1.07273778782683,931.36456247133,401720,3.78320224617679,82.1798108159611,0.992132523014227,49.8101197491045
0.209696085205891,393.579644645872,0.620571081355922,780.864059383403,187451,3.18091954387756,76.2818837823976,0.925410644658333,26.6556642547167
0.209482179671558,402.322286556452,1.14384907958426,839.869690842156,194672,1.07063270817062,93.3436532383397,0.942593117618316,101.353721728242
0.0423448236287184,105.013551041295,1.15107100315627,176.44335538794,48749,3.97622894814261,61.6919565152976,1.00797011262607,1.23890289031256
0.180922061645045,826.824858407052,0.936834223892623,802.254358224752,457378,1.75531494661579,34.6042373190098,0.967684803291119,107.144812662632
0.0643890684077443,75.5100904481265,0.889249919332288,461.329827754622,46427,4.29954047872271,29.600980742134,1.07024438731889,2.12505634576064
0.406035252904519,733.534832470103,0.62692047783756,72.1717486891148,324457,2.42018174849192,48.8830763469744,0.998947081480434,9.29289321989844
0.474367132722591,487.044082794955,0.937172485505921,107.08393510612,207184,2.35447871992655,31.5123122603062,1.08305896008688,26.6262760161491
0.0454350728763899,357.382095658972,0.845627449062138,694.012542748102,203404,1.04726934311284,65.1632080260314,0.920365296187671,7.65468088046096
0.478006451572934,648.596253013474,1.06368384444519,403.411819088671,340097,4.95091593169207,26.0874263367368,1.03371862659895,180.978827757321
0.266062533675005,68.9086680316864,0.842330140131653,874.709794562306,34479,3.44801735668746,58.2822476132032,1.07715697047054,13.6245059614652
0.156787182197398,604.424703949895,1.01014849999483,747.559477182073,297259,2.69092066474396,38.3845217390189,0.958586095111444,79.1435996344639
0.0476624168853201,834.090121641579,0.660844887742518,70.5960110836137,386244,1.38648561784536,52.6201032900369,0.927137519263058,1.16469927062301
0.255305891354505,638.652304307976,0.67977136245958,702.543896244202,414278,3.79659225660407,75.6275556078017,0.99132894759564,63.0473880728342
0.399312616800467,191.255847960902,0.683826114389495,232.734849095738,86094,2.13092187996776,51.3222828288026,1.09226684526552,10.4125055104162
0.356472373860682,701.03289355545,0.627315299879846,451.453440268716,448813,4.95312327350212,50.6004915400161,1.02669238510066,55.2383384102514
0.0346107456173471,646.41942652942,0.924797315561882,643.498442016815,328417,4.80218943659729,99.3063049629627,1.02879539420605,16.2935353969177
0.0457218993302727,1026.61004365825,1.07638063562618,879.081949230908,441046,3.94118671521115,78.9111042044715,1.03430025090612,61.5581988120669
0.207407908489992,474.447759500208,0.9662467222162,483.292993972342,243155,4.88428772113188,63.5396283887539,0.907952275118758,48.4108977952805
0.154692342083492,447.68663954686,0.944972931331714,818.065931481578,271475,1.42253544981505,68.4531738248185,0.989129960264879,52.4360315348601
0.123868318297463,1142.12404019858,1.00837435704164,793.817379660601,459601,2.11966144214618,71.5136973639108,0.915514402088342,115.482073694029
0.14769220446527,1075.30986863383,0.803787193843209,443.811587208695,450055,2.01297315516472,26.8431549205631,0.963171765874391,44.6383241255359
0.403706544215473,510.209724058601,0.817172442988937,525.931155261258,224632,1.28805063383721,31.0198442893936,1.06431980486738,82.0551114029544
0.465321746279608,263.658618411094,0.788562058932553,715.460759547322,137932,4.88890639188582,73.6892013517489,1.03125398994541,71.0968065705246
0.208500320318508,332.040906576754,1.02726535971215,79.5910129145927,197192,1.23989634658758,52.3351644136235,1.09911453974706,6.59023171544444
0.453994391044924,474.83982631881,0.696984201402465,896.270843109284,194494,4.42675561597732,29.1583030173944,0.934430884874535,104.411678721701
0.167532893611462,292.95528548294,0.607815168187755,781.325351465809,144146,4.07264569830736,47.313493453872,0.979410847237085,15.5246606287108
0.243454123308458,317.617386616979,0.957717868033495,286.945087332214,135021,2.50346834988584,34.7712565316043,1.06192804326459,21.8559830730128
0.12075420892984,793.336898225418,1.16542881884052,982.120955529527,430671,1.0752294505192,93.7235381669741,0.943138320478685,136.404075404098
0.323833260666164,65.8152743387869,0.965644750197783,220.420834960138,35861,1.02438361992748,40.2194044414836,0.930744369265825,4.15230214774042
0.489700746435656,842.916372130025,1.06975299176454,918.382340019182,339128,1.81597536277569,35.7768398045539,0.985522511398765,421.398139344379
0.305711617061256,176.378649651545,1.00367442567962,358.249785406956,87237,2.97550632013517,71.9626612816462,0.9767452980315,22.1602030399506
0.185328901215639,283.689364348914,0.89846199211381,774.989374655929,172908,2.83163991274061,64.1433947707625,1.09604118818067,43.7934813276246
0.327430548535359,54.5308840392122,1.03103544107031,483.557763585548,31710,3.34117030625971,68.1949340526844,0.99125030580533,10.7297928573391
0.0702311324480399,268.983531766342,1.09446247431313,749.644018077502,135717,4.08783723864305,57.6961111030236,1.07218926862055,20.6617045338185
0.445442949330045,592.990601769986,0.734838986503019,197.993895542398,384442,2.50941845944082,60.0376983199097,1.07759310384678,33.2053569249094
0.25651113588212,868.662680210099,0.801678288289887,306.031135467159,442623,1.64145478203727,83.4098166885347,0.931574342818882,45.7203880410325
0.230181373599425,214.042499407302,0.73423543950197,144.864933248424,111542,4.2001956673137,41.4941638619251,1.04306096024969,4.65798817228103
0.297073746342224,529.51260779637,0.871303773354265,871.886782365913,232310,2.33076272532484,54.7396977123426,0.955521427842281,112.046746155988
0.316144092766807,437.194981494398,1.13103873055,331.478338381024,235692,2.1475275911734,96.8369038695962,0.918947793652526,65.7015419763415
0.0451701450509914,1084.66030959931,0.807124260501199,709.75241794583,436914,4.05724815371694,39.2489275889534,1.07494098222032,28.3519808341479
0.344482438399467,641.443989692239,0.824680133478332,829.210137854452,381637,4.73655775233258,47.03301962814,0.95848660819267,144.388193509351
0.12854652335461,537.43794369062,1.11622034080316,906.347324560379,257026,4.65984512804303,39.3675193214493,0.969073134038162,88.4388891201408
0.359836789928229,533.666823103562,0.909224598446805,150.982259546132,335703,1.54976970342871,26.5371622268602,0.964797807303868,24.1948633156343
0.413042049248256,946.780806200153,0.921269399788461,898.364186836982,423831,3.0126326138772,45.2372443781253,0.940059084590674,315.502080659522
0.403939668700735,14.3672864895489,1.11648072199933,237.390138844183,5759,1.37148113491269,28.4850584471679,0.986900676405725,1.68705086168774
0.280725474029866,468.563408648615,0.894316042215284,750.056911011413,202042,4.8439038356256,36.6013844804975,0.985658564160488,91.4252401528843
0.264883247232268,932.703531977912,1.00893452077764,742.406568396381,453715,1.86091154350736,52.2011552550711,0.981750325142237,191.713483213694
0.0800092210563117,735.179954642564,0.651386799524436,58.0779846539065,370416,1.7897182990631,26.5540912801719,1.08325954943132,1.65031999897025
0.389919613697536,634.843275809308,0.707179027876131,259.592712894742,271878,4.55554269202592,81.4717424448037,0.967950325739162,37.5605751834891
0.14299059641889,646.246872855162,0.842625720429747,517.313088931624,265293,4.87140222048786,84.669176032716,0.906075781668831,39.5681670708994
0.253380757180794,434.458639393222,0.896903440691925,449.032971330118,174537,3.79052903718103,55.8560351813772,0.935687401248155,42.7360146167558
0.149294305534483,494.503638195164,1.17944022074174,922.644805890379,260740,1.4840201347969,98.8499484530702,1.04429941531469,115.489924173943
0.0755758978698496,817.110604761693,1.18239097982867,391.753826027397,328036,2.9434224421627,75.9245436105774,1.0181717212629,38.5415011699185
0.318483271476951,347.352058434739,1.11071825248726,940.134529094164,209763,4.26642037624642,80.7791310985562,1.09034696074824,175.268969100131
0.0366226970632229,626.653808576355,0.789359301171345,486.457852472905,357363,3.28990873483298,39.42253177496,1.03888702143818,7.7364643166437
0.376836164721838,684.476640809749,1.17841697449946,966.135251808157,430755,1.53037941891334,87.8078217116285,0.938848334679742,362.884802937629
0.165617529677947,138.526919388372,1.01360451880573,750.487069523618,78187,1.68755099801291,95.878479851613,0.924128843725461,17.9010034138908
0.0100659995721978,513.284162557292,0.83576407669044,837.867862050548,226322,4.45656670333922,42.7232624930344,1.0041519550629,3.55068745806134
0.260453278226243,481.413029532027,1.02100495019086,149.633043931551,204602,3.10811665474993,76.4848220789785,1.03305254722847,24.2276148800807
0.0329574351785255,784.041620084314,0.609913637871916,606.834361580249,344045,3.82334709506685,81.0205786497499,0.933127347593707,6.69837334748368
0.145323083332241,267.840871263229,0.687692809364528,185.565341837883,125684,2.49225010493226,47.8876878857162,1.02033860207654,3.49597829221278
0.356418478853301,645.44605776582,1.09781142693382,332.739951948425,320485,3.12994233167537,60.6256751929222,1.07300573678593,113.089740962862
0.0407179145947143,969.329633998615,0.987344182123903,642.387135858905,438868,4.90841256155077,32.3154320185543,1.04551378561861,31.8370862195574
0.421275861254441,396.409471936774,0.81851682077513,739.914419459196,209648,2.31881214787255,37.9821102969631,1.03283821617636,92.9460223306736
0.0118717621027057,1066.69306101821,0.900399984133631,87.2245929106883,455597,3.6991541100331,29.6177892735396,1.05786621090198,1.0122297025416
0.130943695908932,1081.16865157784,1.14308528978746,554.396544518746,496589,1.69002222878092,67.012411790897,0.920816541810746,101.774542362843
0.373042987514515,118.549585436788,0.978946865687452,587.048286975392,53940,1.48695954104133,71.8947172957952,0.940766291162239,25.6960970943802
0.16497237336736,238.801040442088,0.838889570360598,124.886597254691,117293,4.13456044503612,93.70896875753,0.907619899405158,3.74722010998434
0.0599272701523466,1133.55622245652,0.672195994438521,525.653632490725,475240,4.37643283994866,65.6638607967701,0.928995589085351,18.4716685844811
0.18651462021221,839.575972467404,0.776248080975337,728.150166047335,479206,3.67324678139766,44.5458528106075,1.08263646853391,86.0563185398171
0.142492710328418,93.5983826406324,1.18700413967795,100.565920631754,49756,1.6327833501779,29.4605159943339,0.944428985583463,1.80122953376374
0.422928832058672,19.3235195611455,0.862417837711067,772.254387507764,8484,1.96235186257015,91.3714789563128,1.03241944326917,5.55469685347225
0.16354047961672,162.187839907071,0.883103678306916,597.60517965893,81389,4.64470283238045,60.914355889604,1.03831344982708,15.869975388438
0.396576911170244,1189.85486003939,0.899158819438209,841.565847858201,498011,2.15481619519903,80.2991492081741,1.02906509188392,372.831733499467
0.44701735095726,167.688139821542,1.13046241376893,257.159444211366,90819,4.27544206478847,26.0987011446692,1.01078420974717,27.02646481625
0.222570535592499,470.643125933891,0.962356970631186,841.610000002462,251771,2.14374915564161,61.6104191998313,0.997226069489362,90.9010140518728
0.455872140488652,1013.6863083199,1.01620622187115,139.832926504095,424361,4.75785027729374,49.4291967374874,0.983984168356168,76.4637428201741
0.194885846441964,21.9616601796352,0.833648125529462,433.638211622438,11180,4.65781165134801,27.274845446037,1.08337973932366,1.65966391804029
0.482398424080153,610.159944163041,0.617452571153385,239.510551948416,302640,1.17305269451515,83.1754605304344,0.901902872175429,26.951026041464
0.0537518670175307,255.184855904763,1.15858374854571,882.21979067633,139235,4.08165594746963,63.467623967021,0.910697925205383,18.6888131964469
0.346639440586589,766.286629411549,1.16947660854984,719.673825486685,431305,1.67784704093763,49.9885182243348,0.99850249310053,275.472058152582
0.251968879823895,307.108426012796,1.16949183200883,74.0936883026918,142447,1.86108650362553,85.4348862930549,0.966102016360839,8.63331619111879
0.199947914673267,556.724656805758,1.16621225198803,59.0471878332583,343691,2.8393808493259,58.5192588887625,0.981646042620651,10.5371170098921
0.320028820586814,802.852242950196,1.08914516464174,326.686791757586,337436,3.3052725989978,25.2623467276226,1.09956970391179,117.167257769044
0.354889974900822,254.188129827729,1.0107576300698,186.118958566537,111525,2.30319887588197,95.8335724028744,1.05502693983924,20.3954626908939
0.0121380021286515,31.0489011146934,1.10670595096037,648.789253682186,18364,3.30153346221684,44.1762055346789,1.07548159119764,0.353204589483759
0.0918070134861274,450.245803182388,0.960327743400622,680.607087188432,205215,1.68263348536455,87.2931641547506,0.973714912849123,29.1005860900957
0.359392564810816,305.527281893252,0.680621768335214,944.853358478299,145307,1.08935061752415,86.2311538060955,0.947912088001235,49.9418640097755
0.336528852653321,681.697644332105,0.834730899024853,954.437928318549,404680,3.28489755344705,37.1780448520548,1.05359809366449,179.201267604785
0.483363277513052,709.958766159404,1.18277694718376,675.951870140778,400382,3.06966103984928,60.5502010911082,1.06151521885142,398.440581491149
0.382908517222884,437.262903612753,0.810682688157394,55.3913572100733,229055,3.7586158563037,28.014923387387,1.00997968919484,6.90728352178628
0.475878626788356,667.800056557288,1.12069674823882,391.048020741134,303650,3.5992882478713,51.5913754666347,1.07918830292946,183.22625726964
0.354244845752055,647.019437975773,0.655926882464922,537.484437584903,302526,4.58994552093582,79.8234132527215,1.09346505135907,72.2457805279164
0.156045582233327,840.841232695929,0.800510305425282,524.220768683043,413752,2.83787448064618,42.7802102582768,0.994204135686262,49.2269039681822
0.0616288119029197,483.343844884566,0.810571994836428,623.173598027115,213076,1.03347789877177,33.7845948056733,0.944533333556146,11.8564083242679
0.393093693039018,312.606964172994,0.630961525865388,962.523908664522,138448,3.52261072638742,63.0342663201257,1.00342262141026,55.7876760470213
0.325633118523199,282.208967997104,0.671456598112053,890.933057357396,133252,3.70052971841287,65.2739788280224,1.09790664473513,47.6889514647855
0.0336111460727152,614.194056793829,0.715899126673063,153.462631777964,268560,3.08597995758388,75.6871698490869,0.958585371936616,1.92388124465828
0.186424728291479,412.938542247169,1.10268935448607,302.681371823724,225125,3.75721948096486,81.9353310101943,1.02351986474656,34.797484704877
0.4788319095873,525.351270938533,0.638041193963884,841.453946548654,220620,2.29433525294461,77.1857148448491,1.03879673281399,101.598676231399
0.255196561397999,98.2946760578168,0.779220540806632,833.091563378247,46477,1.59523321276432,88.4059156221138,0.942785758869055,13.871502240673
0.222037276649655,835.082439387215,0.606105001553561,311.602187915587,359583,3.65821465582563,41.717984821153,1.01769182456443,25.1069193938053
0.234272806528054,220.290130747093,1.01737664724181,744.058629151814,107654,1.98074571686211,67.7325059662372,0.962901401193823,42.4865148808789
0.11235253476253,170.606548962476,0.972181854026028,688.435509781964,99280,2.82526363713682,52.0071518065994,1.07084192181735,14.407020816738
0.19066651372375,422.709454692035,0.986989357231885,499.847766721463,206966,2.96649092244659,97.1584267751232,1.04295071414121,47.7232183105576
0.191208495433717,214.543534480287,0.824629670828771,241.382205045078,114661,2.90879820187355,58.0209642561118,1.0652532854958,7.76682727716734
0.0356539598918615,642.427855690265,0.724960692760541,894.211021849382,292345,3.39379657471982,96.9785449850168,0.939936478918391,11.7639575675076
0.38610813797378,368.208931027685,1.03219212797162,693.958625091493,186360,1.11781483570344,82.6799240544329,0.906914941137114,104.483087290315
0.214087171632901,525.641733898364,1.08667072364442,210.543278634456,225007,4.95872997972035,78.8847896551524,1.07010513696197,38.3621655152257
0.412868144540047,586.006053295187,0.683160898858921,719.562227598818,269048,3.86524189575429,61.867278394137,0.977350840083286,93.6026090912493
0.426670520548749,224.055615229425,0.892097656762453,754.362033598131,102564,2.70155112719505,58.2533600691702,0.93594448238243,59.261553687548
0.113877086802342,135.174467852417,0.749229409187318,892.536270864989,78720,1.76532012116098,64.4911140638805,0.918379073053461,7.58828422895079
0.332103206263363,1093.89218392888,0.70086411672368,261.697292479838,440331,1.32070928977343,47.0224797195215,1.00330016121142,49.387598586292
0.241418084039861,509.145757401481,1.040595188097,989.316400142736,217428,3.68876168250449,92.838245487885,0.930025590522389,151.448192600624
0.441276801581528,472.988524321199,0.922858161283702,195.723751400575,206635,2.26782245983423,84.5747991449025,1.01333840488825,41.1770776222231
0.115712932796463,34.3531397762537,0.729711199427201,620.654447266604,18770,1.91791383299947,85.1046890743783,1.04546130850255,1.61325721418588
0.342128468151922,507.869741068856,0.786000006726927,674.317680009805,249490,2.51981754844933,57.4865196587077,1.00701163430325,82.877407319363
0.307798539903834,454.346884889457,1.17999220279665,448.005250502567,277531,3.37169235123084,30.3316711183163,1.0807399565377,103.686628364487
0.154697724010198,570.491963780778,1.10920773882513,501.285823331867,279862,3.686820866736,76.2307988444709,0.931113924867128,62.9998879100009
0.0769344427890746,582.330428409005,1.12796804572388,896.364591886031,353809,3.58068027741812,53.0810187978559,0.9987906946501,56.6822284138107
0.329303482633865,183.876228421241,0.876007258248425,663.010518182189,89563,4.45306233396789,90.2822734338119,0.932638091877326,34.9305860441106
0.371912754484842,272.584708994571,0.974284358352525,522.150910322952,126859,1.87502972428046,83.5253828837398,1.07518038528931,56.2405577223459
0.164657398444042,766.578425498034,0.826060644122647,171.932084311848,405555,3.54698465278854,35.8996106492317,1.08644785527023,17.4487706355153
0.325967975970934,946.588797627956,0.646627185413334,56.9707439619779,473639,1.40445750474438,70.1286797903886,0.97999917632857,7.61978684454173
0.203614144729637,163.516222673642,0.840641586394069,168.720187244242,68830,3.19173875959671,76.9160444445388,0.961149651569735,4.63118849192371
0.359471372808483,401.058223179317,0.956388451924287,958.37533910268,249327,3.33583360995868,67.6103184868271,0.95586321908585,140.277556684702
0.107615484698086,247.218394099445,0.772286562460879,775.882443841764,107874,1.86494919573669,63.5531632116446,1.07194546919815,14.6451851816863
0.446205351291725,51.7532929716582,1.10877034483645,968.760511134735,30976,2.56677251996495,42.0897306254456,1.03648838492533,32.0040459732374
0.150830702268134,251.138038797829,0.690660095504759,83.9232742227633,163426,4.30877155833521,42.6930133315888,1.07611861093077,1.97107298906178
0.190215134000515,122.541273619565,0.820277453662152,696.209383665707,72700,1.59363621501185,82.6006103981916,0.923503365896757,11.451758661222
0.0384650565193714,804.672448539346,0.674942343194522,92.0788500832471,355257,2.73802479046336,26.4017339172668,0.995205585572814,1.40623366489105
0.0646409840374254,509.295448059069,0.842899280391135,792.953645425382,267329,4.73093228484581,83.4182547029182,1.03523581889302,23.8407348446384
0.262772332329041,172.655435572447,0.623796782984562,411.902664098435,72773,3.0164357107984,64.5099052404354,1.07941815215056,9.06442233195868
0.141120411596706,11.3606340135737,0.763529637036987,140.97709210117,5611,3.90053484733315,95.2166989288627,0.976403842782598,0.162925388512648
0.419385310613675,615.40167202361,0.84044115306821,589.64430969814,404271,4.3074641582222,99.7991160792192,0.962618014542056,134.72618878058
0.0171997604409274,197.112390879413,0.886899217966015,316.114186771319,88921,1.81509749938197,74.7613423831721,1.08259314183717,1.06969943734615
0.195756083849249,488.708908262712,0.926217815085085,676.595244778228,303502,1.87286894213173,55.9192895815103,0.909506653966032,57.3017180246195
0.175299317916855,387.189041129615,0.764994677873951,675.266021538101,169124,4.03436582439353,60.6314431420521,0.995919097971116,31.684297676497
0.0194705391496245,489.017607295787,0.913824800768923,719.757100414715,293158,4.0132269527056,40.3161570738631,0.991725312121317,6.87775675858739
0.07094051551025,292.523552060418,0.905402772937236,992.841824838871,158511,1.24073328255848,32.4425742993611,0.929211282778162,16.6042517801463
0.212684910710131,100.359748589633,0.789706830525725,417.362824450035,44382,2.28999296277986,68.4072544976601,0.978990022236276,6.07277856960147
0.251503646379249,275.492378339443,1.09812019839389,492.049700760846,112252,2.59412996763375,85.4121323474951,1.0445199479967,50.4419233405764
0.208101976154886,177.488667313287,0.927384675956139,814.381115974074,94841,4.31616161388462,44.632488829691,0.973373688910851,30.8354136625755
0.270159462421926,499.847358050728,0.799361831247927,599.451521870791,214582,2.68744902171895,56.4739607684012,0.961932095921956,55.1713400625758
0.301614520703784,557.088998798041,1.16840310724847,85.3943501534096,329484,4.70371556161298,66.6080246332736,1.05637909958127,26.2067394773778
0.0148626723526395,306.022017539888,1.1070674478427,850.924594246864,132639,4.98643110856256,93.0923364977543,1.09774308220548,6.47154270915849
0.237406628132217,15.1499232840974,1.18955268693108,98.9237478411389,7022,4.1229046627774,35.3973420746542,1.05587047478606,0.605854276644956
0.482114628034918,440.028674699855,1.01534032478725,212.279129667195,259950,3.66554675826903,42.7662376547247,1.06926865763182,56.3534255003549
0.264325817263479,546.652586071614,0.826933743303628,146.975968625478,303274,2.56758866394849,93.8897838839339,1.0879001499625,18.8536918030317
0.341995711054887,785.653625045481,0.768516400007407,124.030776237064,481473,1.26815778420813,27.9651694866019,1.06035449321521,20.2140627045381
0.162813290379273,555.750181447588,0.997990706204689,74.4006315394747,295146,3.29255502558452,74.2086725544894,1.09607085796334,8.11428119860861
0.389255775294854,402.256998898823,1.18848994949718,102.276328273749,236115,2.44681962217596,72.9644412413464,1.04945685095141,27.9939832026346
0.388731526119296,615.599700432057,0.976029048062309,470.317229719869,287127,2.40359230332937,53.7440825224423,1.03230451023345,120.329198939203
0.265435063350528,1157.50774197574,1.1289689645939,290.209656483483,464023,3.75083701083774,60.1123509255339,1.03866970984993,134.621383396889
0.488246773406815,626.517628824759,0.797462058628661,170.210039247878,414361,2.85455743438654,89.1188463610421,1.080016365355,43.5586854496139
0.0715196052337002,330.967802441548,0.844172269484553,675.7702655902,162166,4.0083753790858,37.3736547510084,1.03660163017236,13.4219742327742
0.0183043557958947,247.575055081376,1.14376514375361,264.806315102546,119390,2.59269289074152,42.3675608709195,1.05224103418953,1.88917252494161
0.387377523760977,318.80592751251,1.05412002117469,68.001697577569,132054,1.60345354194625,63.4262808579918,0.943201986739412,9.3705831337668
0.405506213308792,506.929584127614,1.18884619222074,447.498794578961,252706,2.84539010476099,55.7309067250023,1.08252992258696,162.063813967323
0.0689015422690823,760.83120820683,1.06485852583935,344.91134237939,372281,4.80405005730145,68.0779373158888,0.989442648435842,24.9032162793505
0.140135588149717,497.065501131695,0.869109424330939,352.674209779168,252106,4.20609851646623,94.0629389570347,0.932213466182561,22.9968605749743
0.0186006580496482,61.6109369278764,0.918640811893418,473.006526772483,34830,1.82299702029347,93.7826513303377,1.05995743828549,0.547796621297282
0.153721219282477,563.386800188034,1.14030929547788,685.468230872564,362067,2.56520200657977,42.2513754786244,0.971278603526595,80.5294667145602
0.388839518220149,769.53069565568,0.930988041658829,635.655164036094,403179,4.71116838088215,47.660845963663,0.936823828592324,190.469802574347
0.263800658579164,225.838402815198,0.753238424498667,940.398529299432,145459,1.49479623490627,37.1551510972772,0.951250231834119,32.9415901066705
0.180566840652461,681.581646358002,0.86137188766197,541.830832987395,332399,2.01580096745974,94.5842778597945,0.906989796078094,53.7565377718926
0.192152254504102,386.524084186586,0.909789593309471,498.941414238819,213869,2.04889058348759,54.8398097648646,0.918124596578677,29.8631566286169
0.0106632766005794,904.284013488713,0.658031900130678,252.743713456052,444671,3.28373150264793,58.7278858662758,1.01852494707723,1.23474179367253
0.156902258506966,690.928459043424,1.04625760455173,767.612224405749,422768,2.64293327884529,85.1980585583095,1.07324356561889,111.168086102323
0.326764783402586,640.246313312908,0.665612360012984,183.73698740357,263191,1.3194826959852,63.4730104607719,0.989706082679765,17.6218736656084
0.487355277470015,828.650416064134,0.842950628021283,516.57624532946,346061,3.51672581830834,33.9816611666134,1.02521162845994,169.832838562416
0.425059805222111,746.626937793496,1.08277346492424,450.256088468072,441792,1.3963114580806,57.8386532082022,1.06194662024586,201.533081352876
0.0215615326763093,457.84335253175,0.880542216967978,675.385834484183,248363,3.42565972791631,72.2893032458974,0.971353782091614,5.82609626905062
0.450294696290671,332.477774925579,1.1052093118311,921.740396458826,157312,3.0280335209041,78.9406815817777,1.03086281407027,198.327501301027
0.393767222516327,601.701355050911,0.805128793233669,949.265811923311,377080,2.97467464290125,73.401388958717,0.970086485158191,160.115008618343
0.39238430054978,205.510223961344,1.17458177639906,209.409303805,110813,1.26998498119692,33.9385539424272,1.02854307095441,25.4814790103543
0.23441792191175,341.251509118427,0.725681059083141,298.726357353819,194877,3.55688178753414,47.8258393871364,0.94352154402785,13.548130697685
0.205022593547706,1045.91391250087,0.622958486993581,821.053553966471,432998,2.72528103435732,80.0173483722411,1.09556793085408,85.4861513247271
0.158428707128264,852.754523016565,1.12345592579425,542.365774326733,362487,2.64442448914275,91.0142645752056,0.915235553711309,102.215101675784
0.0421904808876392,421.170289772022,1.05132162957024,480.382839937945,202502,3.38580558567415,28.5389811296695,1.00104656990451,10.188429391512
0.121835328111913,218.514598757019,0.739190302240424,725.094179761671,108157,3.42499223978619,28.1671831052483,0.957259282610415,11.0511645881483
0.130835781139232,434.195687228055,1.190844964282,621.828704976623,178628,1.06013318304795,73.2553397004297,1.02016756696322,53.526133984403
0.247197764157999,347.272849720319,0.901368077561117,972.178351700268,142768,1.50090360481283,66.1034615622461,0.985661395982182,69.1708855231801
0.37624775923238,219.444429579751,1.1706392640865,604.775919673854,88868,1.94607288337888,36.6504287888285,0.961333117521985,68.2170494004486
0.242166815914994,604.515790714169,0.9030172628322,492.675135029891,371923,3.71190933338392,66.121868627272,0.950007527656587,65.1784603592627
0.0383437802291087,210.530500921987,0.883124752062775,565.676493974267,126783,3.30696450811843,98.0865507625638,0.936499722839523,4.05838328777257
0.47931700248422,495.490574720503,0.869483122286679,818.112825862125,227630,4.03051652953901,72.3175165297469,1.05657586323775,180.204761491053
0.471934916356115,395.107394340976,0.80092516567977,632.04130394596,193544,3.96243122217543,58.6855867037289,0.944439987418729,80.9836611906113
0.39474287614272,745.653311859158,0.920220898305931,664.695686817382,491057,4.4127314768246,87.0649365954682,1.05470523927518,212.472170270295
0.495750671766468,306.389213184524,0.871532797169141,972.866936034762,196155,2.50725944508966,40.9616864239114,0.997007721830869,117.488775235885
0.276796343072129,97.69875651859,0.622048125974133,637.475710204184,40911,2.38025546473321,56.0744823120185,0.91444560427124,6.62787741208293
0.481756491624071,108.548766464001,0.756261140054101,411.270985917813,45823,4.32406161221385,64.5825918858136,0.933088535530747,14.5203447491146
0.0470464699022079,549.354736933522,0.727873680063335,706.759725662157,295786,1.95040613546874,62.8404919038067,1.07858092882444,11.5090047053975
0.189183566648072,717.513642280366,1.12046136139264,676.486427128446,300083,2.84468949469443,94.0729351908364,1.02056316440103,143.876439348804
0.120436821323315,439.590112295658,0.959321986336105,63.1552537310628,209961,1.777302608089,46.9501080435007,0.936866635744337,3.16349577185953
0.105958211225792,499.205513523122,1.05820986026984,493.962831946541,216490,4.65536296855685,29.2377790547215,1.04075298304016,35.9026235368988
0.0789934449574113,53.7984560582239,1.17409562264957,755.758422738279,27912,2.6312120523865,93.7282903385306,1.0646523488857,5.60296973803478
0.314982684367338,417.478110988787,0.986423563515846,524.089384835072,258757,1.84994759292331,41.2800742853757,0.966130629511695,69.3486062831913
0.392847709316179,488.971893695985,1.18956599484285,790.64007913862,252865,3.76805356227565,53.4270980482531,1.01131904256214,256.888662918582
0.293366215715977,148.020797223515,0.787058430991278,478.339511606234,75625,1.97857871284191,64.8168718388558,0.958689994056627,14.3368936085172
0.0820117276982227,108.320617597691,0.711760309387736,984.155517755374,52815,4.77401441268089,98.191035291116,0.916012343544117,4.89120985204245
0.407450647267401,100.609023956017,0.841985932795747,328.247009743694,62662,2.47046805923765,65.1451331221449,0.979901815547387,10.3456209833022
0.321617806510227,128.09044398497,0.882479648961485,137.51647773877,51413,3.65856284840735,58.5807479911359,1.05028640382298,5.17394013425574
0.200201196002228,532.387299730383,1.13721692571155,458.511211096392,305244,2.38097972462965,68.7728859638235,0.991736055777655,71.0675411628463
0.340323844812671,168.233122808331,0.935964263422006,564.623573630223,99045,4.22898233197389,97.8106119937853,0.981053801604032,34.4786182842616
0.137353439828988,256.315577527278,0.77530859965081,381.639045098338,126463,4.5876909640911,86.345844906733,0.973201437767884,10.0415293598895
0.179144182162163,178.483883013145,1.04558056972051,280.167102112061,87612,4.15167343765915,37.6726102233942,0.99178336453391,10.9958915889656
0.459568063134675,929.096540592611,0.903499162283443,688.455756816215,478960,4.39399607491008,85.2445011178157,0.963645790426533,284.520345117711
0.152347207778996,971.129385515315,0.697279167165102,408.268844863439,427454,1.40752331175054,88.0824294852916,1.02243683898238,33.1236433841075
0.240294251397389,233.96619360933,0.946091872554751,649.800102645605,116017,4.69625870813227,76.802057796885,0.912713195904939,37.1931374638121
0.446169157324047,346.949966075868,1.14683672208437,790.117876168837,164455,3.49720291550112,74.2925094375448,1.06147763468946,205.797829967922
0.356783461631088,235.130047807478,1.10557357048549,772.952496372023,105736,4.4768701286648,58.0657750635853,0.934633389430668,87.8310220279548
0.0404795808207043,375.836336180009,0.952085983581199,406.543845103907,246446,3.73774705674166,73.127154033959,1.02668894565775,6.92285875277654
0.0821784916966955,22.3318975087483,0.826249904330993,589.503317502666,10785,1.80739067417484,80.3181229114193,0.989976504610448,0.776891369434351
0.0138423794782392,801.120336860858,0.652187250638527,477.175313220605,336013,3.43822040658271,34.2115186055724,1.05469870937576,2.65568318378173
0.31915167721229,397.640824416068,0.881789353998974,877.264990074177,262056,1.36378495889256,44.2997470137577,1.06522799736421,96.6381729057257
0.229359978451105,856.228846272332,1.05124766251775,884.820555809999,449421,3.78289212087263,39.5561409224721,0.940840074437133,211.094747979154
0.075794676942115,201.45451764549,0.816164231839806,376.554503743635,83032,2.63600456432229,88.0908877679511,1.03543582948755,4.81054891058992
0.479387719317818,745.433211472553,0.741268095330999,137.150575484794,402251,1.60693269240084,76.0001943648826,0.937981501353501,27.8107336189964
0.269533264733354,776.026814131069,1.15882783156257,209.203359157819,396189,4.91691926347366,58.8083904681382,0.924799652166977,63.4431998716903
0.128527714115316,159.967602819816,1.0929334202748,398.65165502434,64463,4.60433769684272,86.9541812866351,1.08605922029425,13.5899028634625
0.255295749865807,339.6625522509,0.982965371652087,586.037457024841,199881,4.57417485361302,78.7586004994383,0.932877814088269,50.619300196637
0.343013963040203,134.464812276973,0.682070006352312,673.947660416208,85906,4.15528122540901,93.5194811158973,0.945626386516547,17.1827001674812
0.0473572168070466,302.253831002287,0.686945304243704,364.8024939717,128105,3.76792450057407,30.7605247073437,0.926064801557594,2.51158576195456
0.144604869373467,313.490072562869,0.661931754873467,684.124163642786,132360,3.62031792116898,63.1868036155926,0.994058377874291,16.2242268996025
0.405413090533157,549.345945784134,0.969778000135646,940.852984490068,278562,1.42437535081542,78.0060927682191,1.08392146450488,235.781726869652
0.235235786497304,415.518854851617,0.669337677884002,669.413420810503,206294,4.60226494127382,40.5619890103634,0.952811147742449,33.3693479843927
0.277822799595825,1106.98301888292,1.10557631931758,200.636967972134,473919,4.52451358521844,49.5344673978523,1.00837042614986,88.8194984466503
0.22207984108264,143.397644330302,1.19577900109159,600.685467328746,64058,3.99141050609941,56.423218848987,0.982291747418553,30.5259002985683
0.0315109718950725,859.403390156403,0.819808910825199,564.800740928634,486873,4.70925983630049,84.5744213702942,0.967201882168095,12.6630945167829
0.0912173921118764,176.093115803542,0.872201908180258,877.1651053535,116088,3.21233380559197,62.0182150792896,1.01443053825272,12.7207886414489
0.228315402983527,765.478783645871,1.02700030619141,382.787902452326,386664,2.79056933887022,61.9652524635842,1.01177858023376,81.0221528310924
0.112500878049885,401.359496635869,1.16229180379546,451.798329553846,170146,4.87178960866511,57.3165713914109,0.9718733201768,32.1900403672369
0.0344897240432426,173.451243088338,1.13645626413383,618.726102712169,72397,2.85652475119062,42.1441816972237,1.07011265931321,5.65450123559825
0.423388335385394,1053.93473022482,0.634555097249909,548.204046154924,429087,3.56529776426863,94.2303651709574,0.910634421549905,112.572028759022
0.490784339290417,369.120228981732,0.701443081534059,733.065762784915,155121,2.49224858743376,48.8350840492507,0.917047679033462,66.3341252549471
0.398640008258402,685.933883187099,1.05275831913468,88.369541366871,329769,3.54530490407891,67.5599245577425,1.09815625199335,35.0683600939963
0.428354611635287,551.597101251316,1.01333586481947,585.340218246612,283655,3.88039598250275,36.158480164173,1.04953658241024,174.935893206728
0.128568793855352,537.78815281974,0.679931156424074,165.588298353681,236406,3.4986221011542,57.5682544074285,1.06078578068602,6.53117755171186
0.480707218001468,556.403051479295,0.901238749200941,349.448542893735,248414,3.05825176486479,92.7852637126913,1.02054021502776,85.2319312948316
0.10649359518218,746.749256917254,1.06848877865118,678.545518455771,366387,2.20044319050093,99.6598928882944,0.983972085205292,71.6956758540088
0.476200607077298,71.1090916358743,0.731268409357616,199.543490562569,44798,3.57538270454489,52.13138925501,1.02584537574646,4.28491313824521
0.497461454043316,811.334976155175,1.1227725814408,343.399743729397,334422,4.63371558104545,36.5492909735752,0.918516941121743,178.231515600829
0.358744174815564,876.131448428657,0.631783064892221,717.856158693546,448011,1.02765036467867,48.5838645047796,1.05155383366043,97.2141800976974
0.490760428577993,55.5944267172537,1.06931705104084,668.264980400492,29836,1.53571610971876,49.5431326290265,1.00814860942877,22.9545487345144
0.289074491987881,151.595384592484,0.969491339873922,136.487685749251,71186,1.47909263399942,73.3381595711738,1.09134637810762,6.86357789610515
0.137175473756284,779.538292874478,0.789119607992609,598.405068817708,358600,4.69282121157142,62.211754337092,1.02749505154153,51.8298259821189
0.224127983976154,374.987923476793,1.03255952900515,189.891738822707,219203,3.65099075585046,82.6344796199223,0.93033850743569,19.7032053723181
0.300844858335605,472.928650963036,1.0694194770907,289.657809778768,202371,4.8071524258806,77.5977463373111,0.995510022995609,57.5948271674639
0.0458099653932373,124.124977697111,1.16033938278238,486.25071470399,69346,3.33125309284971,43.8481542943935,0.911564449843864,3.85677162458281
0.314948199662451,428.211941743275,0.820664803292558,153.87948213328,253878,2.84693158863701,83.8191767414334,1.04908591185837,17.3514944002824
0.490777140013524,122.287924961205,1.01161004158797,993.964619522638,64146,4.16937164725745,88.5596400186112,1.00036630431366,74.1641357419702
0.103152748394027,532.733586361065,0.961569766160814,207.101083001301,238834,1.6437690699009,69.8792642315501,0.973930673958474,10.8596015991304
0.398371606981308,941.913504323856,0.915123641674253,792.246997007174,382044,2.52535246526929,94.5750781936432,1.09370987633441,303.767302917711
0.454870408952013,299.915594928976,1.13424988449302,838.346902772064,129874,2.86509696213689,83.7211092050913,1.08811970379348,183.780888348564
0.472413780481908,587.909208361281,0.60190038848304,994.740771401201,240912,2.19383357804847,69.6546930154899,1.09056639936522,124.6172135015
0.480466446158669,813.766728514822,0.769266963662159,457.220556959655,496016,2.48514244963391,92.9624497984998,0.944194048443382,114.655648205347
0.265515222973521,539.917623984715,0.922966343726898,880.389794132373,343639,1.31242074769767,70.0268860180404,1.0457139191438,118.872678949105
0.488880874915837,865.958298886518,0.706975956981931,959.662467066009,420837,1.79193435779823,64.0893345503005,1.08907642744049,232.240224931861
0.381082001495875,372.397989150507,1.14471992023965,214.249437649934,208009,2.34198688132371,51.7193755308327,1.01417405134133,45.0899224216441
0.0892190037561113,894.352582580795,0.988557070567809,505.464284606556,384163,4.18356173293254,91.2147497945834,0.942832068786634,45.4310564131162
0.243681052169305,46.0765507039289,0.886729796779194,107.010277913283,21214,1.72998941937146,34.2045378154616,1.06356249277645,1.0147023793155
0.361982275932282,154.005427917563,1.08882105543999,639.687811422991,62332,2.3865614959369,60.5127035663092,1.07598364946534,49.6314201062062
0.131196754751351,179.571411346696,0.870531714879062,602.335849013738,102332,1.25968115278774,65.3059998906266,1.0406470772773,11.7611691813405
0.323901439938955,400.282447067042,0.935191807158006,243.919970430037,201574,3.22841737930642,66.6061830077333,0.958710575507119,30.1947733236732
0.336634234732843,846.578755443815,0.601650597332353,808.00762094942,423027,3.44500355256371,73.8917372863932,0.938138779730891,95.3125364932663
0.0897228744661973,302.246317647879,0.819420318117044,85.4052866253629,173787,4.46206585384867,62.9346718190362,1.02485396023934,1.83948295390554
0.286891803101851,684.831642902643,0.683274283410582,815.915957921179,327656,4.27646399400786,44.2613610729945,0.99656010496049,82.5002071828694
0.388097186379518,689.765474186854,1.01381320839737,75.313026605674,354948,2.14151181873552,89.2708297104625,1.03375654488265,23.8941694294125
0.254458875622612,571.372510290808,0.88741617538544,673.987371529533,293505,1.54781475675944,74.3143995876646,0.922339933092473,81.8114952856523
0.0159305272202926,333.921622462139,0.781054534350138,124.831038219156,179264,1.62433272884161,89.364086028273,0.927182710209613,0.4116482748822
0.0144288498488532,438.316736383358,0.880699403623045,288.664243346707,288950,4.87585577216178,45.7032618235283,0.972577911195374,1.69726731034315
0.184944378545306,347.375740749592,0.725777932770808,735.817681846244,171790,3.69290325602943,72.7792671177116,0.951752057525775,27.970222009852
0.463835093531573,78.6458755032663,1.15505197949168,316.384559644117,42853,1.17028315121296,78.5630308807296,1.02386772621853,17.5035487221765
0.122051622005768,745.270196162511,0.632383579530548,535.615156281848,496410,1.54711702018038,53.7553870275879,0.973508105872438,20.2467869741385
0.320838207547127,116.547283170719,1.11925022117767,919.485856044109,64464,2.94320026040382,85.9183088655176,1.03679415722958,52.989680824517
0.118817176639727,65.9888897859631,0.906815273240011,97.1526363347494,37101,1.83131521717248,25.1881581131723,1.05375968042114,0.68843846414557
0.167618294933179,831.956503700474,0.97136789768329,820.52580404889,439387,4.21463594000008,69.6189812660666,0.937433514043836,123.245766319306
0.425540623904727,247.413239409784,0.781563372545222,112.008398640065,151615,3.29286847027746,71.0176352764098,1.08396476708301,8.73102869049777
0.367142106712274,653.497069551071,1.18001857007659,170.455102119843,325498,3.45052883115719,65.0382319778977,1.05743196805731,71.5082158079763
0.0567456458834732,362.13414278683,0.769110575111694,163.35314869475,165174,2.85130219219685,72.2536365189587,1.02535616043086,2.4035408468452
0.220063990283352,418.232113885899,0.953326798284183,994.39716905019,196336,2.02425110170526,37.5420142767453,1.08178577094963,94.2995671966717
0.0242931841861796,303.621079559934,1.19605002306428,221.177003364957,131794,3.35761445281019,76.3586111351782,0.95317374992384,2.71084618100773
0.245636171835474,336.094835017328,1.12865663783007,901.923753943455,172179,3.86788018464293,50.1841722127499,0.984342640394404,105.415765483888
0.334592665733523,415.809731854433,0.921797895171664,991.385554799226,205939,2.48379231052067,58.9040306931938,0.91715739608012,126.470729499923
0.0680662855630943,832.872174856373,1.19422471378033,414.595531891683,360488,3.01977452247134,49.9832022997201,0.991236364231422,37.9663363682062
0.151553620065491,493.986918930626,1.02082191703957,649.496116352251,256257,4.35873588188813,60.5452152624614,1.00128014591954,62.2537850708371
0.204939946496057,1038.80043565728,0.725220249685086,790.136691075432,471839,1.59472704728984,71.6176919883811,1.02321338473201,100.808501966898
0.460570202081464,42.3639226701866,0.843357726261484,423.012827744398,21898,3.1808976770964,87.8757603171663,0.912807842616874,6.45177664641437
0.496694957557252,483.328970838944,0.800696000406931,203.723433472917,252031,2.39365064731691,61.2576293230166,0.90649320384674,31.0909997296886
0.0320065365078518,661.173430932266,0.806408224962713,462.074606602933,292528,3.81117903286892,49.2417870702702,0.983978033056219,7.31431102340442
0.382893882512742,770.724776922326,1.05627386361592,783.293262752797,460179,1.07524097264958,61.5956409194038,0.937826662455185,243.008271307518
0.192144792537148,46.9390998636684,0.950557756363676,791.724624610983,25530,3.68189319921275,76.6602748052887,1.05175766843049,8.06171078624635
0.202304511252445,495.140897747068,0.622855626953717,269.011852562368,287176,1.41159093606475,51.0025537544347,1.03374725682705,11.7719968394699
0.379589836940041,793.769299469331,1.12646909019059,216.217357896209,426962,1.25907101197463,56.0711556042555,0.96516539487661,81.144093836351
0.46002895175125,210.624684128037,0.778077684288099,924.532666995332,121722,3.89849320383445,67.2129862756552,0.909156653032667,55.1996438730773
0.475955011306249,911.341105936348,1.19824492614789,91.799079030395,438270,3.56136861161629,47.0506947870513,0.936488724768704,61.376557113462
0.292790067158777,24.1353897690926,1.17251443820087,748.001551976833,10502,4.57974372357064,40.6813494658331,1.03833586852262,8.72230650146211
0.184989368057246,838.032253871055,1.16431843000918,94.1003161744163,366495,3.07861982320258,35.5294212897446,1.0980329786674,23.5548707019783
0.395899052070802,870.020898081616,1.08667656243838,846.005048317938,466624,3.12009770210867,51.4457487344556,0.965292081019916,376.840263998503
0.132990677798527,818.65782543567,0.732367999010126,910.144072669297,328942,3.8280713423062,28.6257179828543,1.06039925739308,63.6198743116388
0.286396274128424,460.807093166994,0.919579646417269,332.548168017644,220076,2.293590305413,68.7611895032126,1.07341929831975,44.353089535698
0.185703446147188,44.4364700601032,0.734581576094985,120.238861340863,23395,1.14764982168773,38.1932024498143,0.909636174431695,0.499790753946236
0.331749226116859,1074.66803733231,0.75580527335337,506.650309530057,460137,1.92018330287623,53.3046094247532,1.08324431958444,122.812595746763
0.127795467317818,525.532247551592,0.966571061661766,333.539884908203,235678,1.95205364758547,45.1917111548779,0.993240540873991,21.7574063102588
0.103880543410065,34.7940401853321,0.624500127211838,446.27933566986,15469,2.34263540111278,72.2792474756312,1.09284844130743,0.764065678701198
0.459937152470964,585.542922454477,1.18167514009242,681.736180814246,345221,4.77385093216185,88.775924610015,1.00771116549062,330.525798001996
0.0598838046452731,475.226315798142,1.15120390354678,249.334734151281,241437,4.21937119465259,72.4975782241259,0.94702870197973,10.6373633241533
0.257919374790117,148.90853999223,0.828460543294632,389.103991038382,63048,4.74382498082077,65.6878696505045,1.09493366148153,14.1485378703477
0.118217863651874,216.277785821303,0.909253468804148,793.43436577804,107921,4.994438360452,75.1812804491531,0.948660982823193,19.8047576132118
0.029075682029577,72.4469620267105,0.879671651560655,661.573852455181,33180,2.73511601634818,27.249297832015,1.0764956455195,1.27546066735237
0.0276492209627989,600.433367409863,1.12931986717048,359.961716593677,287573,1.90829326672122,34.213349572159,0.93462569894371,7.15802451631764
0.0958586683318554,729.39350719799,1.01316112578967,681.086520246932,311393,3.240016645021,32.1195426978283,1.03495351455133,55.2939314116951
0.43471747370794,452.145257166198,0.766866748454614,777.047276747368,253365,4.52453765579248,32.3647874311588,0.982258321777239,103.903476888912
0.148414584548743,848.317312231605,0.868104752679178,612.861301905148,408734,2.86292744405831,44.5362786397411,1.09440363463029,72.7834222573597
0.475724993581895,699.036270370414,0.857379585412058,277.521990875958,430644,3.02159721028901,64.9039195287404,0.936954526227851,73.8348771164854
0.294994923564705,675.016390746446,1.17560110097035,50.2330259863934,308197,1.53775642371131,33.601118399256,0.981758934601616,13.6331041202981
0.223940952986695,16.4384431294677,0.705186546308784,812.706651638867,7365,2.68182197027104,95.1337180892042,1.02795526480875,1.85626763927444
0.294243528988033,536.783960788076,0.653745802376657,831.501877550356,347920,2.54797923923431,89.0692601990812,1.09552408465509,72.201264916552
0.263182208760871,456.00662173908,1.12837129929701,712.724276324644,209582,2.4067540114618,97.8733265374736,0.960772615326268,114.80066728151
0.381800364341089,542.265142631755,1.13801159370352,122.751884799233,283213,4.5491946796968,28.1875033816368,0.979374210208956,36.8487624331025
0.148423072326698,527.654458176151,1.1230434527473,605.961173132644,324891,1.23720573284933,88.8551835316987,0.992358397464472,66.6082015135165
0.182994691884148,337.458309843864,0.906586149375334,829.969637708027,175768,4.88858873158939,85.2800556581117,0.950540098259235,50.1472750592051
0.448106208241293,777.031131245074,0.995846656961676,420.184904102757,458633,1.03298730109254,92.6579398451845,1.06347094008073,177.999245326994
0.473763691443699,129.976460933163,0.93801782853659,238.100697509241,67853,4.78237605579924,64.5958125744856,0.918399121150461,14.3756119878322
0.447353531468373,633.298082211442,0.641668695632641,608.245932379397,336085,3.19219001135417,84.0916803081755,1.04095798634126,88.0413349633931
0.215529517039084,7.10689344727198,0.957500938140433,834.991295935834,3175,3.80978097760046,28.8465159506989,1.00678579399151,1.30082078806938
0.392379096473372,1051.59954831168,0.608168488353661,96.4264607717123,462401,1.74853139878049,30.6908342112992,0.948385391197142,14.5050988463268
0.243404509317538,120.393510282879,0.794992445734252,617.103656302699,57139,3.61684615606643,33.8899180712191,0.99856609470681,12.3129196118001
0.25379452755159,73.6173407589948,1.1593755455239,661.015105572375,48347,4.52783067411093,93.6091647473656,1.06598981843884,21.7863200727681
0.110293253438069,406.396425414577,0.782427161781485,622.248687380866,167171,1.55792055933461,29.5877012041337,0.989088320784425,17.1172939473062
0.299653848596673,409.719792789595,1.16389598558655,667.532000025196,187409,1.50832644909316,32.5112145024333,0.924379552982995,102.675294795719
0.10120658989914,165.593385887243,0.750080374289547,649.806542223947,107935,2.21591163659789,94.7807801972145,0.908160392426304,6.35617206679718
0.172466702542925,679.362387480155,0.788737344276919,173.883690731332,292976,1.64690356990159,33.0544436374209,1.05555925882271,13.6813691546855
0.428964798793768,377.482890073561,0.977044497863132,273.18993810147,222014,1.44258339237339,90.231722404403,0.966086629166808,44.2629029402679
0.111467146513319,37.5361801353272,1.05697618367358,638.04430502456,18053,3.71327614394117,84.1953091046715,1.08624893931483,3.83042095726482
0.0448675597349821,315.656616183225,0.90083266080293,66.8085030799322,160506,1.85530645564996,28.0211491399116,1.0234294362001,0.870628067595721
0.04381372038028,778.314161399442,1.12926941231649,653.007292787082,405406,3.66805959760794,26.6385547667223,0.987256778233633,30.8355795363078
0.470984415046523,824.835977351857,0.624144252966372,682.11729259578,345161,4.44771690846327,65.0791287635195,1.01289298403014,124.793783503129
0.258391014601299,702.702251423967,1.15331690318062,277.216021868576,362711,3.608099165652,99.7881552825075,0.991426528982527,80.1740866362898
0.210611915190339,550.363796259473,0.717784679937245,618.226188265483,349361,1.4774682796616,90.912262007424,1.08116221647666,44.747976183052
0.40733050469388,382.103803222795,1.13054324705079,557.385557687576,156175,3.29431029618978,48.2519075028464,0.991604373873458,125.863573094754
0.419554704676153,122.798593351249,0.840517907691828,297.656970745458,50732,2.5745147368462,53.9731925586553,0.92081290171775,10.9680128011132
0.172773606226646,299.182085597785,1.09965423352262,489.825311281017,136961,2.37348374688998,54.0929497178576,1.01941760783169,34.084678814148
0.34987284816216,818.763333147138,1.00299932988222,914.143302941572,416061,2.27412587451933,80.0634111928761,1.02459620923006,309.998421022919
0.387850179767424,780.907320907926,0.705564979486957,455.272641436889,490255,4.71772889527858,50.5849564496788,1.05306601455861,92.068483133818
0.330778836564318,566.799806979625,1.15082854192887,648.351968035527,247430,3.97002982671091,36.0847796031446,1.0866568283102,211.866406467872
0.0842815866520487,9.20079102023633,0.747310434293076,83.5832799886595,5840,1.53539515832118,81.0330556437663,0.98861633642469,0.0378446417648248
0.439182710923358,111.185575011338,0.746484071216999,123.910107655994,70882,2.90402191892986,59.3511713683828,0.970415321321461,3.76661706202107
0.274156330840644,329.48164023161,1.08850733798243,127.242669638153,161718,2.27289230101568,30.758404276485,0.9981542031495,13.7252456195585
0.148411488921302,480.962392976853,0.663523953343513,789.328725445123,289714,4.91175325018383,84.2539201369046,1.08003978038226,34.552549263836
0.21836181086447,58.0038911148506,0.733221543822276,382.74405006328,38471,4.91211589181268,68.8983447962672,1.0959964763673,3.50659594119483
0.0284098342954646,907.201837484228,0.902206544052637,266.231103947523,471736,2.27813789733214,61.7026993951588,1.09424700132275,6.77530289179144
0.0726547325989846,299.900540834637,1.09828621721197,759.958340029137,183177,2.40845246458182,75.500737536046,0.945939102561046,21.5540072527185
0.385117907752772,757.826025225802,0.68849038484236,211.462059428366,456380,3.39765682854618,62.9025762115275,0.999379072312375,35.3084578836598
0.0100057010301294,615.753643124012,0.928600940707408,284.167898816767,390481,2.91722805731,73.6315110991374,0.951894805171002,1.7232467558244
0.214117255956323,644.462350438637,1.02674435508176,459.38487110652,377963,1.85240348863377,90.0616409023991,0.973596556473409,70.5395483385046
0.266029988731938,672.95996605901,1.11635713482957,364.866165563883,303753,3.64164866795445,71.0135776083344,0.906336821108309,88.479686158885
0.0367708658004764,724.46057654919,1.16133933612133,606.122600484812,313765,2.33651457550095,74.4700373390706,0.932120235854317,23.7381485768507
0.486808299856443,623.568954691774,1.07078394868136,370.948588121105,319364,3.61486599332867,71.0392052065506,0.979415190937405,141.339956711572
0.120801412312339,631.52669557999,0.991697038933201,423.304054065947,314732,2.5347260893112,64.8384833224972,0.972940926444613,34.6330007652306
0.159057372621778,425.020567643318,0.860172051187659,869.742277837012,277310,3.80083957542509,37.8979308231604,0.955766510226268,48.9685112396001
0.158931831004963,774.019735749822,0.667266092513052,890.304867646602,493221,3.6711978835586,50.1758232669149,0.946061915417261,52.9591272398896
0.122904164437501,643.995663058416,1.02584231551531,836.325631272737,366413,3.035251023684,76.9831725518592,1.04979114288948,86.7188013179775
0.0107221728222926,794.457184435938,1.19564238268529,871.589386069401,388697,3.81895996284332,56.9107080026333,0.958909939962278,11.869665074856
0.367378949103118,977.248299710853,1.04205635683926,591.242235872161,436359,2.84386270492806,55.4596758933267,1.04130872629255,284.21141571467
0.48375429490165,228.611752473556,0.610026656242636,663.921554013815,108604,1.46455319860049,81.9451963097918,0.973725021816333,30.199547474294
0.119903806809672,81.0171304948243,0.897755986825103,579.314508227194,42818,1.72842501334942,25.4176645467746,1.06039584781511,4.84020653825407
0.334893123983677,391.576166000131,0.968787979489742,796.308679850274,241964,1.98397253666245,75.9245860184004,0.933446669747068,101.951718484203
0.37352920020977,587.358408087558,1.01380452066171,573.450461473372,257526,1.25291571290279,61.6919882867511,0.931520776073916,127.212748300817
0.425728435754357,773.027630333328,1.03183550136043,155.523116323242,414762,3.84552488252268,53.2571935934764,1.0359344534082,62.1173782551889
0.217088306536668,497.405743413668,0.934865064729914,819.101114434017,222448,2.46956090732647,50.5402458680192,1.08298304836177,91.3903209767322
0.15843614376381,575.422079834266,0.734016199640544,772.55591214366,285856,1.37409318530799,37.9656621486377,0.928597340966574,36.9246919727152
0.169394615671285,591.02469143675,1.16532039688593,829.285565518494,264008,4.27983248290232,50.0689062061452,0.914740923568763,126.154248380984
0.359184453218271,48.2974504714229,1.0179998805982,230.907990220274,20063,3.7346171378543,54.356385408278,1.08692744136436,5.40622828294005
0.410221938587762,745.657722708443,0.742104022121646,308.036200079219,307992,2.8088969485108,57.8086689568626,0.923465388773164,49.780460967787
0.0989908442007353,842.92901763557,0.793393099362164,330.964112400353,414194,1.98970134037094,75.4225479008146,0.950073383953137,18.8800967368958
0.191761093997305,160.099973768427,1.15315660237822,532.67650937639,79592,1.60698357517139,59.0178264567254,1.08589883348402,25.4313752174718
0.451950696407084,525.41647233661,1.1324911120244,177.183229955287,297572,2.83349676702025,84.7213228167513,1.06058357859204,66.3841639673331
0.405279824650422,723.948939528484,0.843087863014854,416.112665611124,297212,4.54098297204225,72.9803498033781,0.968551562731459,102.845644034329
0.492580617353613,162.36632069753,0.622984333194871,223.050253025078,82928,1.75358129308788,39.2197809620567,1.09090554393132,8.25355003987095
0.37958164724422,101.900232309304,0.629098421336363,301.5245773811,62608,3.27463691596595,45.7879879577885,1.01360970263975,5.23051541483642
0.202665648503682,947.114312593082,0.770350974551033,721.068252830506,490046,4.84674398088902,30.9436889831039,0.914449652525539,94.0499720644636
0.299412538657372,321.287697111498,0.9774733316034,862.070598501417,197466,3.54846629905845,95.9291316192492,1.04061337545356,102.467888639944
0.333896984581187,229.255834808803,0.950516781200737,71.7605732673247,114483,2.75985892062347,91.491286092195,1.00745547156466,5.8760806625369
0.0484433499953907,178.281780555429,0.980296672166366,587.60211518725,86491,3.86549189175563,31.3597169088203,1.01451761010383,5.44970632036204
0.276803509960894,614.054845855136,1.03036978315926,84.2567739591538,334133,4.29831167607483,68.0557011885595,1.09882084886509,19.2055449579798
0.357567205951579,479.531033860011,0.611419352155643,130.986782760973,305113,3.36206519154737,97.0301364145614,0.930502856659908,9.54587151516448
0.0919874389605196,787.133124444142,0.663051357103466,719.829832883404,322133,4.48732943597197,81.0357092459617,1.03135918005758,29.3173648355963
0.392509541538523,102.107655092108,0.815690071096328,748.827701177011,44915,3.05836703750295,61.8859145478004,0.991748219445938,22.65734145516
0.296048662451915,1045.18514396965,0.692915998512949,823.281639514159,446874,4.32011600882503,43.0827241679976,0.954378624977599,136.094298727449
0.476588674991821,364.494852774021,0.645192025526732,500.52943618179,195244,4.80807696162278,45.9277806310972,1.03870895833259,45.5525542536219
0.0307869261213769,355.789240025191,0.984578637598399,866.817107915379,157371,3.00497386809407,80.217846600352,1.03364256145,10.9699169335874
0.140009807402179,460.046636522815,1.08920188649466,208.496377059543,231718,3.4200068623413,83.5431454932885,1.07129902162471,20.4238558113515
0.304761400856914,332.805076922224,1.05157599446057,287.230592953253,195643,3.43787017179934,64.6519993263574,1.0757738470373,40.9691319405225
0.155314356980906,701.629067070648,1.09022386716551,177.777040221873,431925,4.12573945439316,34.0711526137529,1.01236389060985,25.7317869181042
0.360067840394909,857.398829075698,0.999513926434726,807.660397552783,464702,4.29186336070969,95.0401280219946,0.965114513213544,315.295006556511
0.381912588435746,249.600605487375,1.04120719308852,267.241362467288,152423,1.10891726482424,88.3572050925051,1.00591609008763,31.2479911406492
0.0602328223925725,1079.51201769368,0.763067264524981,197.735680620381,432104,3.93343825636155,35.5404084270567,0.971851025340573,7.90900467084376
0.261788687461316,605.701911400916,1.1958048217705,641.955153208653,390980,4.13526097852095,29.2545687721639,0.955471216805922,162.674752458753
0.259356372239617,903.549934629122,0.709899392696332,123.227925042641,465473,3.80171775783295,65.19007620623,1.01031507555543,17.8233403125365
0.190947577405615,241.335370079601,0.728696324633629,92.6552633591639,123629,3.85478263729238,46.3106963297144,1.03158683483261,2.77559649024072
0.467133182659139,520.207966063032,0.773353099089508,151.381766124836,288903,1.16561143673708,46.2437282060926,1.01811425738208,23.0781592458284
0.415478096737878,285.842373364427,1.18519945806395,50.2288397878092,137998,2.76815464779562,31.5416194562809,1.09088390427266,10.2091396871221
0.351632597135722,680.158478826822,1.19297315361234,712.140646510703,412223,4.27271859888696,96.5039376453541,0.959727223710793,278.705756453784
0.360020051510149,8.34998366342693,1.0769362498239,584.123555628755,3656,4.73602856518041,87.2624844744883,0.974468337010935,2.50698939237255
0.236240910468428,518.298674867753,0.97743455913578,249.381353585838,282845,1.91787168228774,33.5375943906938,1.03352856464471,30.5874150007518
0.461287315337322,356.076172024296,0.912037545110768,271.354700578716,170262,3.31677976141118,90.7449075738123,1.02007172550072,45.2642161255711
0.35035175935411,358.975653388333,1.18237250741211,820.420168546538,162019,4.21732095820233,76.2217041972353,0.900372677067473,162.871204158524
0.36720072021135,771.201907927325,1.01737368171495,526.729110067285,322808,4.00963057143674,49.4080848871456,0.962457093705348,174.824619352316
0.432228542855799,994.790847098064,1.16683807699562,713.601939227653,425891,3.47556046792032,90.3437915811349,0.950752370493728,489.008680496526
0.144295078777674,643.011062172277,0.789930479686574,480.11767871117,304989,1.074764753048,69.8516640836469,1.0679829773292,31.4923071410209
0.405464742894684,805.841575437938,0.800264875361739,275.832124719753,426734,3.89554336044626,88.650238325079,1.07324974617699,78.9396130142362
0.105667895448681,266.494330078753,1.11283475647106,971.882660648762,133034,4.09297001311526,60.1950943365439,0.956778628206232,37.9366041378914
0.179217556599995,590.395124015759,0.689912952351177,587.365185206628,260231,3.89139802650254,62.5488280121371,0.920414230725507,30.3412236426576
0.174449122592223,536.892579329695,1.16755671677765,174.432808579517,225818,4.06323664595983,46.8257522058217,0.94104038941174,24.5573312282742
0.489477479510679,10.9217549308831,0.904484612798044,435.785540074711,6810,2.72365957071544,54.0769518958531,0.935313679783812,1.97386445662216
0.429703239636484,525.590283939925,1.15584832715022,362.870541349556,278849,4.97500858370156,67.5814051846166,0.947487071857018,125.060215507542
0.353573232179227,753.624481851308,0.802075673235488,253.383095159095,331101,4.08314766349064,96.0294417781463,0.946928980459483,53.2820053936184
0.366257813191541,572.473974621159,1.02957534248364,936.767989778246,296365,3.31472002111994,70.0088319976101,0.995967729780195,244.75812970082
0.28541566925726,675.000037193075,0.889725073183614,886.873995686765,368404,4.7367650789865,36.0533643835295,0.963928276147513,154.560266019893
0.474074426883174,546.825600915744,0.976082178147284,239.189760694111,286098,4.63279335783207,25.5247139107365,1.01196435017109,68.8715163871334
0.253166788912357,72.1443975727461,0.902623495883491,384.540494602741,34308,4.25826826133706,88.824089163151,0.968826924868168,6.65372226709189
0.196453677836248,147.753482849172,1.18026937042282,774.199622087281,59106,3.25477967593507,52.3244067524615,1.06293538599305,35.6635834808937
0.0898873150964796,595.189252020206,1.01526323868835,248.080745733205,298641,3.10840407658685,48.6224454729875,1.09015849555675,17.5416845157732
0.395240769607918,236.137855361328,0.750791381175789,611.986619474032,138214,2.31483172789808,85.0548342206786,0.980783690671005,34.3162253080237
0.36987752671704,67.7476951700209,1.14580615314305,714.804245018576,40742,2.00351191641579,95.9023224317377,0.909893706957311,24.9992047465027
0.198333968876826,332.17894981349,0.776417842893063,671.273709425228,215372,3.04943806790035,81.1033816263967,0.947915649473568,28.7833005075874
0.0223447728400224,571.542076133971,0.822963059580514,721.088208261726,277607,3.3111270468479,38.0385484683574,0.920371632840608,6.4421929222385
0.421108690581825,337.444356267683,0.661274218812128,721.364609577325,165044,1.97810572583538,54.3533720193282,0.968952781962581,46.1888333279904
0.0155948118924961,614.731714902521,1.13997991187771,966.565623856482,360497,4.69040497461391,81.9548914326055,1.02902284683603,15.0530928005666
0.354812892018235,707.427338594088,0.771667213936718,379.173945044304,322242,3.22909598693727,93.019436100293,1.0037815817889,69.4988162906977
0.485425983765768,374.43520008732,0.755350570758829,884.660903157048,167076,3.10602130152859,99.8950047962245,0.948575135605528,102.767675072265
0.22445405079262,664.379728405127,1.15215755879697,70.7167093893514,377682,2.74255355346456,63.3670680353639,1.05345181052853,16.7704610278052
0.125136968448017,598.777349280691,1.08331611744302,323.792815157119,324699,1.23228518286744,86.6893613756462,0.926296145875946,29.4812026306376
0.355386794921257,794.672153570924,0.684647352911625,96.222992899175,319085,4.5296053378394,28.4973732083038,0.94563919502494,14.1621443313766
0.410392789587637,519.47113990951,1.06159470234221,668.643761958048,277160,2.26797690577212,46.4368562316226,1.03520943011854,176.876538131018
0.277750854878145,15.108937572346,1.14781985883227,145.750852195039,6683,3.56984133787318,52.8635052510617,0.939446877337773,0.880926044060632
0.483847284875512,680.636116529852,0.647106730926446,853.421520469444,348557,3.42973423588014,98.1642883961421,1.03575254317572,155.04350271598
0.0353176736124009,432.628035051834,1.09512899694274,664.262099600747,188645,3.33794730153811,25.2545236161145,1.09538827005923,14.8517391453146
0.257349843169219,1069.53360090231,0.928452031123834,77.3746310009254,471363,3.10284880804634,48.1015553321945,1.06627065743923,22.1578092283908
0.36204243418805,886.991571610611,1.00151846962728,729.038497162892,409175,1.72575933372531,94.7809194709678,0.932002108072585,253.852898519063
0.432693830863098,692.917076180937,0.895712603342962,868.933199894113,294260,2.12242296419186,48.0008676283008,1.00409968430065,236.51823725037
0.0978352498348171,309.388034671791,1.01868185094317,678.064957279042,126839,3.0967522850812,41.8800074360933,0.984464312686497,23.0401860553514
0.402001706064204,213.520687761009,0.620458717000052,78.9980051382806,102655,4.1573698063877,79.7566383576988,1.09833388264668,3.7889917737158
0.280826467102087,296.850037736821,1.05762403393397,865.023571037386,170852,2.72795588260167,80.9004169749899,1.09288014034812,97.0593642636182
0.204311304175082,453.405886443337,0.620006218715375,745.840717287333,238807,1.81569021218452,60.4133411985631,0.925422410554181,27.9060918435225
0.0745403640037558,335.891358605113,0.873179908648406,409.528746859785,148736,1.3517776992217,96.0188102399068,1.08174617440327,9.30724250257237
0.433994921865367,554.820394987702,0.690578995878177,362.198745399727,257950,3.6520440139761,40.2030309656381,0.938683667607692,43.9975670868149
0.0870638720080605,140.12971723697,1.09414456641078,505.829172337068,83520,2.69335988248466,93.5061875484698,0.96389030034255,8.73509811167225
0.161796051012459,758.368435636123,0.788196545505401,873.746663390977,488879,1.50148357049057,81.6631057393972,0.970681595946189,69.6848628556409
0.152122310661594,119.744175252156,0.872456126762599,289.45638427608,54854,3.69786751994793,52.6156255640536,0.957364409024364,4.33861436234363
0.436992876753519,816.07461943766,0.857250444778987,145.915620679141,466041,1.83031492341749,85.518146479253,1.07064875863339,47.1677506249625
0.33962446716236,913.601342273955,1.06350117941082,871.404554312997,456876,3.03606419321471,34.9901632310315,0.965986481175275,332.50334741947
0.400373884623772,591.242646920552,0.888686615877585,74.9753564366868,263155,2.22475190030744,34.823686989492,1.06334768381704,15.3409382832394
0.132729270408324,748.191121347472,1.07337500100621,915.447171131861,362730,4.726760257736,94.7452902435554,1.09887536330099,144.891437969652
0.316188308807429,346.090945037241,0.644104966081605,340.457934586331,218588,1.91315226508466,32.1085380884059,1.06815230756541,17.2723681115101
0.290155531740437,531.610094138455,0.714956380741797,532.811566603854,315387,2.67967408616811,25.3059705137054,0.969228585286859,41.9892771939855
0.418086884626253,293.913995075534,0.930920549787816,175.680748514617,170947,4.83797438731202,54.1772868688677,1.04225047868257,23.5321326930248
0.453982659635818,265.926188562885,1.16825299485162,907.142220907851,151278,2.27490071975326,32.7888230824096,1.00678468939821,158.315028732178
0.0159568180239195,598.010701895173,0.644854708033068,762.344412215184,289537,3.578372652044,89.7277369933188,1.05730355677668,3.80818499466533
0.340269760338808,500.123727773684,0.625850529694119,927.947807277632,249567,2.2669081748253,94.20201350822,0.930619478929248,67.9938903165284
0.0353995415686672,494.238308372871,0.693930404956713,699.067598562254,290189,1.442699916469,61.181977326731,1.02762691852918,6.84050400150896
0.278940745887904,225.795302315888,0.984691877316094,225.45908790521,144043,3.51018893073717,56.9103649757528,1.05473335466835,16.8303292729971
0.150940037231402,307.730726030249,0.839395750002148,342.853652836937,184112,4.66412614114136,65.4279457708069,1.05224626708133,14.1884674803161
0.160320533765849,106.493004965396,1.09533142765061,512.5061463483,42865,2.81025866893637,41.964596863374,1.09271860112076,12.8299845000265
0.182949666691655,53.318094135102,0.643159890888819,626.895295092197,27085,3.50470617076987,47.3474396065252,0.911682276156864,2.68187240074144
0.314433300034309,301.777368211902,0.717848452088821,930.13646546946,127475,3.43559365302649,32.5732877863004,0.969155873818458,48.9290576170586
0.173684483177697,89.3676826042828,0.780015843278937,414.753892499682,38049,2.6603588105115,58.4837568333523,0.995310716358288,4.36550198469736
0.369022534789237,106.174036801563,0.976038052013271,717.918420811789,52783,3.45958655505892,70.8768716900244,0.961952705678416,31.0406611533747
0.208218418931196,897.353970020897,1.01110361418093,962.958406465281,406652,2.03727233767589,94.7667800793702,0.961957902734494,205.781807472219
0.0434930681518797,34.5287555083985,0.674521976378264,194.75536024468,20398,2.51215161841221,80.4304877970069,0.935225721337985,0.14936400747951
0.394042322817213,721.761682442058,1.16628282539504,869.574109340571,329813,2.7692754254495,79.229780016489,1.06259028060504,421.35563152306
0.150021579050426,242.827321666546,0.804626481114125,449.670766873539,137006,4.45603473424992,48.0999221570577,1.08161380887691,13.14967706128
0.222055771003639,1016.55053209933,1.02790125780017,745.80068713287,435902,2.39333157933302,91.6219973132533,0.91646547191435,185.81581521741
0.345867502778732,384.862385310929,0.914524631368619,328.861421800229,243011,3.54054819246331,96.0216772509998,0.93097978235166,42.1521991280679
0.172903517002869,348.885869791778,0.733654868128264,367.285007352701,153482,1.85361534967559,94.9197202406528,0.945690599974371,12.8030700213487
0.0377269715118907,414.866839747056,1.10773699386925,75.7765636246628,259302,2.01027891621571,27.9102269893289,1.00179749677083,1.50627463490727
0.193221313036279,456.228714221239,1.09094281691516,972.833945508612,191597,3.59371550183991,70.3262977228016,1.05823440666019,123.873120702147
0.472779805520209,509.842937961698,0.837643112350014,822.779946469245,282586,4.04923970946641,73.2418829293971,0.91429110495299,162.722077197653
0.324449854676294,125.282282951628,0.953164551416313,139.222060029909,58152,2.84846870610513,47.1298870162378,1.02736259713169,6.14262852568272
0.339024782846931,990.767898389931,0.754695417561564,999.533355880586,498499,2.34039878711107,99.4309137368447,0.929867091254084,208.015437632299
0.319818255282444,398.179508648011,1.01391097724778,624.773367342794,213352,4.64108622372909,46.8390594113919,1.09429141357525,107.864405949375
0.107506148090124,374.95243285998,0.785416087572259,861.042206066164,174767,1.54323126019617,41.2458743635792,1.07975468617035,23.3439627664911
0.214983593410117,869.837429673007,1.10644724062934,113.327725113976,355395,3.88285695059739,61.3109237832394,1.08991656978915,33.2603658401622
0.377960501198026,281.414278094143,0.730431062566365,419.978619567327,182586,3.76068299898841,49.2360534827758,0.921232775516542,25.147286362124
0.059672719801048,1008.1875457435,0.608882053691079,686.168566188429,416804,3.76098065091118,94.3022094902458,0.997607276570838,19.034074591642
0.146147860283959,480.197820296839,0.761104825180751,151.112032764716,227681,4.7416817776941,58.005754848608,0.933049313399675,6.88842014942941
0.145396363148268,830.771587134905,0.714631491875692,514.457696721301,360060,3.91276120392317,55.7612166004438,1.02007111015663,37.8011056992147
0.221689274521308,102.895366081627,0.904971863834955,470.543980816934,54619,2.20626075763834,71.9396597581375,0.946547822532373,9.24180958039398
0.490380683061671,834.511552752926,0.722221974993946,255.238213249901,423214,2.41363689692924,31.0836003438343,1.05412619667379,58.2847833906036
0.0430762478750728,872.030814156052,1.0579139224317,335.256344059212,368124,2.56444389279958,81.7549710112391,1.02880052012993,17.7553398482236
0.264163487246492,204.210876588338,0.744822382802402,968.762436770233,106646,1.12323469639242,82.6299116353653,1.01432091885745,30.2706783211074
0.0978886941859831,149.541374177358,1.02418090794759,324.216061709439,73497,4.65404126163303,60.5519376045751,1.06504543159307,6.25197071642362
0.485631507250775,241.452559633485,0.947082553808234,252.75482726999,158830,1.29421041545922,96.6773455750321,1.00005460616699,29.693687491993
0.0655187173164575,809.495342729315,1.19174991388313,559.398712514917,488060,3.79917712838989,68.4504333096811,0.953970348069137,46.47523666947
0.20776449115718,276.618087683517,1.19994058620554,687.410132366783,129159,3.92064401937325,77.1427340683743,1.02414109936002,70.5112083260687
0.371563642568957,506.81643842151,1.1217156499904,738.838455516087,228607,4.37486020252216,94.3258716627326,1.09141252643956,238.974723267913
0.355231669733448,33.2799629698163,1.05599002157925,766.53482527207,15980,3.21344902238209,74.9759007568594,1.02023187266884,11.5848210151095
0.217137032078027,327.373652186682,0.831873848400344,84.9908669390154,199216,3.90105769542615,57.386950579416,1.02592388980789,4.59154763905989
0.179796842296832,556.559093656404,1.05196603627878,424.072380360585,286089,2.2108916978638,26.8578381724861,1.08695013625193,51.7938950052652
0.204830065490907,884.15671659636,1.17400532224769,785.260175793936,476610,3.98233604365116,79.6224486723857,1.00305502006155,237.68356261732
0.139495368947733,516.578934564827,0.614026545237267,909.609496710123,258851,2.37366294904754,97.3649508700784,1.09927149234296,32.8831636297898
0.110613139966332,971.206766973022,0.922748820118643,622.090117166144,409735,4.61135391370678,60.2676342651995,0.931932408706615,61.7456740817439
0.246689451803856,623.624723836928,0.730798982633061,99.6915108342014,274017,1.65352723106553,50.4826478341198,1.00740796860246,8.91994434536706
0.141581540473128,33.8197598441599,0.93472578952131,426.813515562375,21351,2.26302924269581,63.9444569810334,0.942580168202876,1.96762497643216
0.150856215799653,378.120621686761,0.879868253855335,120.515760075032,158189,2.99507780622052,79.6327904263494,0.990665273668139,6.05118527410792
0.331810471102533,568.261321194228,0.945461148931371,761.110969550355,288199,4.10340222859239,25.0517855861537,0.934114781900354,136.787736163249
0.484583292532947,1066.61313898512,0.930577332851235,110.330195817582,475347,3.99519642041213,91.540879204889,0.944505754305161,58.1486800419784
0.305782228274094,704.73469790968,1.17606422350114,226.444513398418,429706,1.84286749729801,91.4772144758741,0.942160009926453,73.2828087413657
0.0477199388618335,249.522038760499,0.931311665360842,446.110502766535,114949,1.57694278644719,65.5973450206532,0.964006267804802,4.96683939499862
0.0470359707884928,192.445694161744,1.10773925287492,489.515948759128,110835,2.21587841717639,34.1784074631706,0.926921006903767,5.27189749403695
0.476197378214327,196.522747256633,0.791892172080508,436.157615299262,101385,2.93501660670361,75.3854345960216,1.061868434995,30.8375057931575
0.155672487250593,699.769797266367,0.862860413274629,490.2268142757,461327,3.156020179303,35.3384247222485,0.944135119458443,41.5861561791302
0.055112823180413,704.380556475227,0.882248085626886,727.57719441919,426481,2.71655036382112,63.0660363574511,0.983313799028675,23.384398656095
0.303531847703687,617.197068527754,0.767236826001228,400.805381807764,387667,3.65236046659203,32.0222478985838,0.903211427646005,43.8717116588473
0.31558790136223,342.686108464513,0.827874156886773,570.362936193088,196975,2.71023577438895,69.1799003723126,0.920976308656356,46.6115257840462
0.327767361858157,404.302171095886,0.959107847680065,338.200794652296,252686,4.78531603975518,48.8551993838491,1.07925438008265,53.3209348113502
0.141026993650195,510.061847014425,0.948112657982719,385.946120335958,232702,2.04387539192614,87.3243561053127,1.06743204076809,30.2277470611511
0.0174042352650928,194.868490337054,0.981861206744088,633.109011089977,127445,3.50948848268038,84.9959594656311,1.06818449049104,2.56439458411778
0.482857531032691,535.80740632263,0.811090749252085,515.969919055169,253009,3.44551175464053,99.8855406605831,0.982270683450971,102.775181924437
0.13293759238864,26.6073588924983,0.789498897091834,736.884480116317,16217,2.12629888752914,44.3127381028274,0.928306159770333,1.55426446190112
0.341252881145748,163.27076598014,0.966970729652498,582.511658649162,66773,2.64675049805611,29.6350819584685,0.921578904298863,31.5521104182436
0.356248636240568,1078.85580986357,0.679717049056515,813.395381114679,443409,2.46189447775988,58.2252448861634,1.02112054496014,170.317862556144
0.308903634368948,648.941010820904,0.751818926119284,471.237802344981,376088,1.68999624008196,31.2552501224928,1.06563865098173,59.2416573142641
0.163324623164688,448.280573857563,0.625276642171797,516.481938873461,212011,2.90918085052618,38.3874786299322,1.08002289642805,16.473044165317
0.142837164344392,395.842002051896,0.643566511557648,686.472781455893,259058,2.54664901208737,69.7975106021164,0.957746330112045,17.8000554663164
0.302857458524325,451.410475458046,0.746029967556365,260.181747191446,185629,1.71326944026864,69.4098138508224,0.964205313966691,21.2095954167514
0.434386860469729,749.818222793949,0.611717568178151,416.633060084698,370649,2.79952018167105,28.2495608297268,0.920175331372285,52.0270437670416
0.473899527172464,605.421874532709,0.747246355252477,643.599181811122,392310,2.68737587303496,58.2178563563709,1.0548819578536,123.12295683995
0.0618938441578412,703.613897329947,0.992985793837216,77.4324558024496,381880,1.52546271063784,64.7664019650431,0.955138054224228,3.43908808447512
0.0858660201728827,570.161958968171,0.63666424708136,465.122861952245,361583,1.52475016767204,45.101817836499,0.996185893912686,9.75571130243817
0.472920766803709,195.062245644107,0.862042006676785,618.907439490811,103047,3.59002951938279,90.4032386406621,1.08577946090577,51.7870325822599
0.370902261884048,368.121494168642,1.14786527215173,969.006755379288,169647,3.82632321886842,37.0823985734816,1.05044314606499,210.658188057598
0.442666974166589,463.816488518081,1.07477089735524,883.165733536788,235453,4.76472167963562,44.0426353754661,0.910547579257814,230.523927776127
0.109289990726318,312.822206666961,0.783262501376914,316.704855295525,166066,1.3480187618444,36.7745811274565,0.901630918891886,6.35921890715431
0.297917076843607,611.579903456317,1.15488328751499,531.849598827479,377715,1.47144596951301,33.7409975402919,1.05748158517608,141.533380677115
0.353558401264562,288.520436388309,0.797787898048635,103.593654027087,165347,1.20727251387164,90.9234388005344,1.01050004739574,7.56735104892769
0.343254823869017,111.973226846067,0.643509297802538,278.716694076917,69977,3.12891372302772,45.8394373802486,1.04406688187254,5.20976354985276
0.209994328524682,461.778953677863,1.19643357406087,786.113074664686,200121,3.49098645718091,79.1893014600892,0.931363064365323,119.481839199379
0.0175434969287412,801.231540436298,1.1220135163135,167.148311661577,489978,2.61409380772863,57.0986769793937,1.07440956999412,3.70867621148274
0.295633767834089,238.275382377107,0.879559669980655,294.805998592259,113715,4.19160888384453,72.6905110550438,1.05466499580289,20.6380546107873
0.134019754198008,564.739126331333,0.999825914515442,946.840376649018,306467,3.7467977440152,94.6132147129157,1.07816778281092,97.7004086544182
0.230624580610016,374.628786324562,1.002736846714,832.663010467835,217053,4.94336168378744,88.3455900282437,0.968219216531494,86.7434339796658
0.47921469739107,77.9643694035318,0.716689338438276,792.736327016466,36441,1.55157993319871,30.1739794315178,0.955141039056649,15.453482100478
0.205527305644793,478.389214527193,0.720029179892179,871.329615787049,244450,1.23326265737001,88.3901901459413,0.930346287984785,45.6800761630446
0.421502787265569,667.673114294448,0.881748422011095,762.125402253236,351380,2.09921482227755,58.8867636460523,1.0860177015894,201.948292749596
0.102384896817133,538.065971901775,1.14694388408262,164.556905312323,257097,1.07620078126738,51.2609295159914,0.935365840711568,12.323526043826
0.339505644032264,868.553105462397,0.605996264915142,540.73326016097,436181,4.73044571146605,75.4290944096221,0.923863446742301,70.0212628045811
0.488733407675082,261.828033913307,1.06950338156962,472.031724762206,145179,2.2158066347527,96.2655904824436,0.938535641797356,75.5703193347978
0.059927619427739,90.6769409906062,0.634516070228792,345.593999356861,44038,3.20972066788584,32.0601623191103,1.05427634535202,0.871744485191427
0.0140767716913241,1016.07814983179,0.886933268929871,842.338389233625,468347,2.27227853151497,82.6057772687679,1.07790584699658,11.9170312819747
0.222455568389981,289.644226047098,0.982723699844086,490.932242255522,189720,1.98323448795529,40.2631023068467,1.06218269129928,35.758682208135
0.0553864866951699,567.401693627707,1.01205556024948,107.282721289672,288626,1.60945889589952,53.5102092120249,1.01264771057426,3.59285206569722
0.376708331341353,617.169694184846,0.635087558169547,311.217304534255,396210,2.28146368131654,90.5367262197437,1.09877685015554,36.7797528725105
0.458128845285794,274.600766383539,0.851162170430381,267.190005127973,162832,3.4616757216319,65.9349388009255,0.91377081289869,26.0096964028933
0.222670276627292,738.416272996587,0.950302356301395,893.104940570719,358366,4.88648479875011,30.059248596282,1.07343833556433,162.07676620921
0.136768704656166,162.259038675422,0.639627322383604,665.06619560705,68574,3.2323681614686,63.1036412602554,0.985542772342754,6.5509766230792
0.222857626313239,348.735525177631,0.681056733957186,582.357452587971,146355,3.13083626439602,84.2231426231068,0.991024469741093,24.7302678199076
0.3644894307465,114.935600982249,0.998189393702423,531.31677959477,73210,1.14105207242059,64.6660440824195,0.925518978730256,22.8614439426817
0.0144365391743818,778.780520435491,0.912982917954391,667.607376164392,405804,4.36039606267077,37.5166929234289,0.906686594870766,6.16330913466947
0.298832454847502,233.509192757776,0.697097196760974,767.131769438269,112102,1.17936549999029,58.3780806293149,0.963325665213887,27.3328166812882
0.310512925594816,591.273389685005,0.92114360214884,576.665470539934,358985,4.62492909641392,94.3259026029737,0.934970706622786,113.259856965435
0.322467240979008,1068.61796923181,1.14761542406665,941.37114439498,471706,3.15468690142687,74.3652992570585,0.996667751214262,523.687702082042
0.12859081919063,593.281544449952,0.609352550865218,977.992462117865,264358,1.67386642093614,79.7414879881442,0.929466105210754,28.1296261286729
0.359885834455282,650.043660682345,0.985580264091513,995.575200778382,270475,2.80682956802583,83.9452380587088,0.927585547300455,244.867256642342
0.0547818283025704,348.544744007952,0.644190260763205,685.921554584212,231056,4.97993792273279,31.8020068145001,1.07539579682077,6.78194754216486
0.107642464868732,280.882159317237,0.603869665778821,935.989443418084,163619,2.22033140817637,68.6152419452473,1.08425894026528,12.6587949419725
0.439960322860696,554.689607713801,0.69039269319638,434.255710542557,238352,2.07783907419431,53.1936394888981,1.09284324171758,60.1615260004939
0.371974343856018,655.08322991962,0.853743979112352,866.612771685016,301801,1.47202358017002,35.4369372754073,1.03610048857478,161.034350343522
0.0167353214655592,1180.45814177189,1.08140639938917,913.715583802697,493010,3.38856939516336,40.2032168728018,1.05420330095917,24.3299704746042
0.131704367581202,730.231613093696,0.769071297962735,908.933448715662,468945,1.35690799605585,83.5870355293551,1.06715695104853,60.7769482680661
0.115059176666651,904.242316476416,0.975403927433255,839.303968762963,431215,4.06403225521631,37.111682896733,1.03178441182413,103.425603093618
0.142695100738117,920.057423783994,0.846693982773184,436.269203559188,444677,4.67689405732223,48.4313955416289,0.966048620940506,47.4845268083994
0.131304287437144,360.049616636641,0.740599075179605,200.962107881698,234457,4.727484444862,46.3655003697311,0.931277399686705,5.77454924727294
0.0406378849139944,662.579642239206,0.908548268569715,367.258538527224,329065,1.43166501150975,28.6472772935926,0.94745466143163,7.4935620855199
0.234880853132442,944.303562634463,1.07847869422357,778.924140833188,447639,3.23305038941188,59.6618836929519,1.06808281028099,251.069302259511
0.369039402645221,333.3234413581,1.09949542203369,271.241235763476,197082,1.38843941960867,82.4447381626906,1.03921944765737,46.3207994342041
0.307298545111544,852.829663116313,1.10791171912634,504.358461584674,480920,3.28806456593719,26.6614474561675,0.99115915270523,182.824652156159
0.339707117613059,446.213193714113,0.803134687532988,587.129542085438,208477,4.25992234083832,33.4413587859922,0.905881015436091,59.1968501853786
0.0497630974827572,592.340487170731,1.07607363882945,623.665634315981,300940,3.15116064921314,79.0140009698176,0.953240874086777,24.0251246265823
0.476230447986626,837.549945072667,0.727307073065345,938.939270959859,355193,4.48821530442672,69.5185743004685,1.04577949862515,251.318446176674
0.420860998583082,875.768802945404,1.04305506074573,678.418369393602,475346,4.20669741939751,78.6435710536512,1.002477447019,322.611956357773
0.404494256062875,217.410437540227,1.16903065576357,796.983875273437,123063,2.10619339975971,42.2577966157854,0.98710649889649,97.4639017159296
0.413262064470466,927.650152849537,0.608246300814574,602.784430497052,373320,3.52040913152977,85.2826587473054,0.962735880155982,95.9671474844579
0.467028148985053,629.033977661927,0.864218358707279,841.901302918865,260887,1.02964850590453,60.9903295082708,1.0213863661154,198.299035808942
0.276684443395712,206.429310502312,0.988662593048403,300.480432416275,135010,2.58416766369946,70.7726480634143,1.09327707707434,21.1829151106694
0.108138188755137,882.239376719214,1.02106546229253,249.38378808535,388527,1.95184067113718,31.9115062900627,1.0802247286595,27.2478895996262
0.312223967847745,445.352574714324,0.705652654961521,930.004046320071,276559,4.74846538377394,40.3773687519866,0.906099587616856,68.6289209293823
0.37401193189729,505.331817064621,1.18330996514316,708.80683253951,330826,2.62155604689264,83.0018411207731,0.996190764516689,215.843754365885
0.371579522743472,287.563932917076,0.969159220782584,687.94929820531,162127,3.61625771368992,41.7931330891584,0.96589385960939,75.7210130124922
0.265510021841771,426.68837481086,0.698604360736961,493.930476697027,241156,3.92792643709443,31.9397370641094,1.00212093246796,29.8527677367877
0.0435447724734533,716.808656690953,0.612313507027509,407.862396328835,309060,4.09285015472603,69.7902461689075,1.02124273797434,5.85572963870742
0.191845339830763,448.875984288693,1.06995851927387,577.906634754707,203050,3.94310076807012,66.09523871213,0.940005613599509,62.8797828081481
0.461175638147045,248.131163420073,0.647822843667275,164.538031950584,99988,2.15666024395094,70.592044673747,1.05631361390965,9.24627130650089
0.296379965781139,1063.42588173104,0.684630552642142,481.976933028952,480859,3.74427078691689,71.3729122272318,0.995013610017193,84.8165594915118
0.2737826521953,491.499274366371,0.944898016113414,482.599319242207,256222,3.19603792904913,62.5148009398378,1.09840121097965,70.9933500855542
0.141738222047275,807.503409218268,0.962103302069772,561.419687297052,367226,3.38949065919008,62.0330440426492,0.905025477148712,65.4294835711657
0.190539970759124,515.168507255924,1.01213227115544,652.951333648842,206112,1.00325846923502,94.3124173967097,0.937943835237292,70.9527167688126
0.448719583685053,393.871595033351,0.836108407598172,959.452447686094,178211,2.03303040381143,65.0411293659805,1.03792596011208,138.214548285925
0.336566893288149,461.778790857282,1.06433920138009,669.560670737169,204175,4.72273478686262,71.2975151810394,1.03903594930511,147.202519413289
0.395819643108643,500.325679101874,1.18461515976953,889.538894355741,205189,2.1603043332229,45.0227043954058,1.01643764488339,274.306561600064
0.232629257303151,439.794196665454,0.76265696584793,578.488668395706,272546,2.75206208899857,90.3319900601643,1.09439200573813,44.3749539234759
0.318821137533517,600.124646402124,1.02181716992277,645.581488496115,272192,1.74669592878296,26.8276069494372,0.983063001743987,128.999170260435
0.131707968284172,585.538748010532,1.15708119143709,116.345105454091,249080,1.55441020761476,66.7920071723331,0.983407362413504,12.4082268374152
0.355675806838908,167.530974493878,1.01177205757023,176.600536740195,68258,1.83467587455482,53.7887721398582,1.08209527264483,12.1667918751063
0.219524653514635,425.247729203525,1.00866569918656,600.686913437663,248542,3.21458931546789,70.2928146670358,1.00768835639936,65.9356441865904
0.226847302259225,171.101470466519,0.734263541451124,425.927226460128,85383,4.67611460556043,52.0129037328535,0.97074553231712,10.4995267844221
0.328167939042672,139.426857513236,0.921078120191816,808.869993872227,63941,2.30479671958476,78.8265933788235,1.04378759716677,38.3964763381167
0.468777504519774,815.003221829858,0.937513706162748,566.018981130467,466391,2.29363180883188,26.5248582230073,1.02393412363751,204.202201701385
0.0413631098382243,636.17021609261,1.02007773747357,888.176487003771,302870,3.25656234754747,55.4417079076857,0.961282010057318,25.2464236659837
0.414124186300034,580.152149999635,1.19809286993771,973.715094539177,330086,2.42697087077254,87.344769980681,0.959585759616243,351.300533182709
0.153267724101975,369.432422352024,0.620186293526257,190.253425865411,201495,4.64166419193595,43.7650538334577,0.979122559505451,4.71998565708814
0.227520532708125,882.579452097302,0.639139596760492,425.086364072845,454582,2.51139217056905,28.9563158785242,0.914324013132039,32.8392814962962
0.0207375310997544,647.975186662445,0.646770041658551,681.731973976129,319327,2.96176901007787,62.2393055923876,1.08852338049753,4.68444435004407
0.157512578138813,750.147177255304,1.04578748069337,340.214317630332,384816,3.13355713588164,98.2400095395092,0.936604008039333,48.44159740727
0.256289308888764,368.567763150545,0.681812277066455,303.68072083542,184913,4.12827118052189,29.8118921151353,0.938764860465544,14.3355242047169
0.0375262779002451,863.40533810117,0.973471124694207,823.051632597395,480046,3.25562375765953,30.2542369562345,1.02940768100342,29.0705932906563
0.250636907397751,680.857523202922,0.794801326736075,981.359545605806,410411,1.9566204005893,69.6337423710009,1.04484940945996,127.243760820867
0.464284208140629,660.905669665817,0.874391973726427,785.113164685107,427121,1.49594882650547,43.7550784658597,1.04736709191997,206.67658857565
0.0616426768728246,147.422950452588,0.729397895890448,547.492791663908,86925,4.75109818675586,55.7673425227919,0.975015004700846,3.02433960062071
0.384575956756997,283.581543409503,1.11966393678273,470.385670348049,136210,4.20625197855643,87.2880364749543,1.07466579058199,87.6698819993734
0.210738816154236,328.11929187684,0.951690194497816,562.665334503847,143527,1.09186084115566,39.9136513136887,1.00879981234961,35.1840510962055
0.331035120116926,227.323145562566,1.16673795814935,489.697717078349,136183,4.28611593729419,78.9474952736075,0.987717510432511,61.0410978672466
0.137515933012762,688.21880126767,0.944757749822598,527.743653946385,427849,3.36239117561907,62.8364134950667,1.06207729217313,53.5110516669006
0.0881512086452656,38.0354999968878,0.674344818358168,243.280398002766,16910,3.07557694013977,92.8718269310704,0.948712249844768,0.399830445816408
0.0886266809929009,70.3524356160298,0.702522260303085,908.554851843861,38973,1.04891671609424,97.9721500220173,1.0720370886871,3.3144913535293
0.0445410533651409,337.52979729114,1.19344438582071,766.808251447105,137683,4.12345622553766,61.3720589240047,1.00776587891299,19.2816028854089
0.100966885401609,223.061535087407,1.03533911839852,696.928551558559,100736,1.792260056965,68.84852943366,1.08001163153463,19.3094182551434
0.335467498644594,213.178777201167,0.629567250017454,952.428722425749,116698,3.91192485277632,80.9381905553165,0.940322506211152,30.4178229692626
0.442028399803319,714.338936807804,1.0222686030208,320.174615317196,399174,1.06347298946327,48.9005606404004,1.08721261520049,124.502477800274
0.408921585939669,570.682944928509,0.847303828085767,127.101440348934,282000,4.18541459866474,42.0055262892435,1.03757534839448,24.9344966155605
0.345715811838497,6.12550216825117,0.784325032093914,834.831727337565,3879,1.09215787342016,97.3513879332254,1.02366570536048,1.23778426580603
0.0641116130714403,348.175751169673,0.69243647623832,998.496115466792,215232,1.94357161629008,57.4461543414684,0.984413503896602,11.6393156647963
0.151701848685015,342.769915897126,1.10394237273394,599.510816119189,204534,2.07311285005085,25.119311988683,1.09126299999314,42.453204542619
0.16180536890801,131.610957661415,0.63830482739346,105.868918517048,57858,1.63003455242771,87.8288723893813,0.988783925662303,1.03975090470969
0.132478903734834,681.479261089875,0.773901277427784,791.444638147194,338395,2.92423278478148,69.9748120968314,0.999708590489515,51.3268228381605
0.262352773257764,530.733226885432,0.783829736295423,120.061596403549,351347,2.13475183846684,37.6418922040228,1.05629962171706,11.8884529970051
0.27242136929104,784.043922888904,0.6965431703781,563.013286946317,360726,4.97315190290903,27.2604769882809,0.956968485922541,64.5597437476756
0.184874127833844,701.198535953002,0.904910929972122,313.655850500001,364507,3.31987517346176,46.8611823281298,0.958299062562758,35.423078672891
0.183356687780854,2.06313452645286,0.607021576086536,919.275441562776,1026,3.26591130021696,94.5915321605248,1.05505953752424,0.16573559200581
0.41599224297398,817.645446921674,0.780585309246245,478.764652596511,477007,1.88347852042582,95.0118377526709,0.925715957838022,98.7202230360257
0.396753495676646,835.670383802635,1.16017766641984,903.540181054626,407290,2.63475775485965,48.3252614726589,1.0645929040586,451.836464823876
0.160819957523565,1120.79295069953,0.786317741605203,334.127030991839,452087,1.49591197744,87.6948244615538,1.02503500166197,41.8659908957992
0.457756337497897,13.8557539489967,0.816275632264051,417.994454630284,8806,4.05011700900154,58.1383992442822,1.00781675328065,2.15077966012059
0.476879358331228,833.082289973691,0.883899028940443,949.763228834727,466996,2.32463698461391,74.0758561852446,0.945821876435976,298.540556964019
0.17010384559472,706.062179904029,0.937016024910885,241.248728385054,405085,4.00786333357284,50.0832906903318,1.05727363386888,31.3396056101799
0.183668224908597,732.245240511204,1.08522518689245,599.576094068588,418773,2.4867839997179,63.6979447203239,1.06099061790175,110.833072921052
0.25776073517676,89.3324873022337,0.71419273389361,419.084812132106,47550,4.95502896045938,47.0334584912745,0.996588373575304,6.02594985875825
0.4711491981415,856.889281930682,1.12304782631553,785.458540815291,369650,1.68448648901849,29.5835771767347,0.977833794971442,403.758025205566
0.439396522239733,1158.16975832422,1.05452961428633,172.83155261279,479999,1.00609557553333,35.4533639643654,0.949232367504788,91.9986407290273
0.060258301665959,578.06373262563,1.03359020079693,465.354220554435,339595,3.37930216551354,46.8005870854928,1.05084680341784,20.0609648143252
0.202438064202994,583.691226771155,0.652082744228781,713.985995503,285710,4.81181280035135,98.2190337982098,1.02789038462534,45.3088620236442
0.281151882977388,1010.47541696789,0.612984413984751,436.665423255852,472870,3.58821621962392,97.4254112687494,0.941326205873372,52.8726739924813
0.256534911550255,448.898266823107,0.95640762054485,105.605152311608,222026,1.34289409099272,87.0747506863398,1.05889361593698,13.0455590874616
0.104992903289077,580.315753925997,1.1178803775139,719.856648268577,300048,3.1619215298649,42.4379538322065,1.07644106267169,69.1636603701951
0.430820217872396,403.862709420059,0.950664878484382,528.038411300734,238693,4.63794774455091,58.1201605406367,0.911849452549649,92.5165747074386
0.34170098366845,927.486437092212,0.727940919267319,60.7432523460955,466491,1.02602427152005,57.9837128868028,1.05448412760481,11.5605359422743
0.420575103677384,74.0827369765996,0.654311938769528,632.023100466954,38966,1.6676488513512,54.0229933613638,1.07056038668553,10.4778343552079
0.430794496881241,576.321842226457,1.01975787169064,923.886971402347,251059,4.25824622441047,28.3660228817309,1.09830157989491,298.813850632345
0.376694368296213,778.202279032287,1.03306216639069,155.474650801105,343789,4.57562842630993,65.0895530668238,0.947520299787473,54.2336274476201
0.225213194612362,647.328185543801,0.703519020412265,611.13767325871,396162,3.82864248347308,30.4608994093646,0.974200641042851,49.8543623268238
0.309167909957558,463.730012938526,0.616914189297922,742.235437674499,291926,4.96624065455928,85.1439010538458,1.09323821844018,57.6715010188247
0.0885790489986741,1094.62637489406,0.844970107933918,117.23498663329,454550,1.36086371834628,76.8480357133586,0.918803110058717,8.41045517660619
0.340086254562705,958.834368655283,0.949631221279813,71.484685255977,471054,3.18270606334624,51.4552754982651,1.00474156878295,24.3144022872504
0.0978340953122476,78.0314220193673,1.02360144574031,490.9860733127,33095,3.73997889059034,73.5352286659347,1.00134891596758,4.74338244587315
0.350035299349977,314.40840756125,1.08596700549174,801.627352872646,201783,3.81057888147635,42.4777754919324,1.02130954777623,125.864697785814
0.122503098769445,25.7489074235238,0.966322456384039,202.683439594362,12706,4.17393846137673,44.8937548717474,0.966158522969258,0.686843435244073
0.0676001370736078,337.278317554103,0.666528365159091,844.805408604177,165379,4.67050418039753,48.5600137694054,1.08518361773436,11.0663983864509
0.0909894001700491,634.785694444487,1.00954900328545,673.748392652416,268897,2.44656578246846,84.7758699951497,0.954012252191815,43.5255115527564
0.0109761462573444,727.690585263655,1.19050598573693,365.564623399061,455487,1.17185357123054,40.8018510134563,1.02993910351688,4.47452196785983
0.36218241274823,736.958605472854,1.14335075075844,540.034508567827,423431,2.44976765792383,67.2085920614529,0.999185404550987,219.748916340625
0.368876514038606,123.204318920007,1.12300134556171,967.296230740401,64622,3.68645905354894,40.0350335816114,0.953334690496016,58.9749954794416
0.262317341457497,112.192934447365,0.781302092015004,255.615122100722,47422,1.85382434933457,46.3778068796811,0.937770759144485,4.59561175341378
0.089067772517138,719.57788881168,1.0504729058724,524.558627856838,295044,4.23989180623484,42.6610969739869,1.09131242485153,47.5680821484558
0.050941625380238,664.378414686431,1.11066206757909,643.26222830224,266527,1.87905783089132,73.3753503304964,1.01225829231916,29.0955876076581
0.0193731935542706,329.340110093498,1.00699572277876,181.113875201883,133922,1.04025360952069,64.5046708341835,1.02083818244489,1.24195160635952
0.0912166067129581,677.413262206198,0.750337053940788,91.3459841921442,449827,3.03232309689432,79.0974359429165,1.0565790918084,3.82199903750949
0.446519212141742,717.759029599282,1.17230038312497,62.7869552848977,463756,3.90584628561448,41.4957577999739,0.916245331719957,29.667882296241
0.128353052433824,332.656759608375,0.870491646875206,358.458213770015,201903,2.39862136214734,25.6861401794528,1.04275285355936,12.6728010240081
0.183592950336436,823.226186070029,0.677883335199528,120.249929760622,445261,3.99558319814715,76.0382175347751,0.933028027514464,9.46426704855313
0.0616192873958533,448.718913587778,0.665866737034435,813.581454914059,192590,2.75361733648403,33.6140468871307,1.04809621701529,11.5734868565642
0.118957039326603,882.105344846722,0.988511392379427,997.453550803659,368672,1.68685846922694,43.4728918317967,0.928265734325475,98.0396105995535
0.2644200396823,402.301571729227,0.862625787850043,108.238630647741,238495,1.36223357519582,47.9264614345917,1.06649873997472,9.1441828960229
0.30779881471687,131.777400642046,0.656690325107378,461.089962136768,62169,3.84234865962939,81.0101569218151,1.0362032521454,10.5340461750398
0.130222633941443,1121.75265554969,1.04421874329366,74.445516833446,464040,2.54285915041151,71.941885799307,0.977178057770484,13.4570639451959
0.0382887580203074,446.933560707553,1.07959510035517,177.2913462194,227594,4.65109507169508,38.8199077394372,0.971766888780517,3.94816526184744
0.201606105872425,589.316694584796,1.03524937847187,356.77643286514,367509,3.1610202342958,69.8415857964806,0.929789412711184,50.2565788555383
0.124759651753904,360.66843061859,0.721356526610408,424.013302404767,184220,2.39372967288281,78.1110996332959,1.08081067115322,12.6301978977088
0.117581422382603,19.5476586767438,1.01386527359764,942.793799107208,10421,2.39596370795889,54.1672902092629,0.923705854569763,2.31426174594348
0.480332773329593,106.301293710721,0.606433681736631,426.044968319051,51164,1.5257514578106,43.4464685520889,0.994415477705825,8.17856353432176
0.311987238103605,481.977690165188,0.783067283807045,521.463776104532,248614,3.37515661435663,75.9237079686092,0.947303690957961,53.4050229956462
0.282870437154327,523.927409775174,0.839292918844526,283.304199860173,345292,3.32866854164129,70.8168400106123,1.09926550160381,38.9248198955443
0.213729800726428,419.073921138699,1.1011481693313,50.1188818187467,168033,4.19997476774597,30.8434118853115,1.01716881030374,6.25722225148734
0.220182723380771,711.252136201888,0.834236623841643,904.367733896478,348049,1.8047878498683,75.0009730175316,0.929916900678203,93.4447742866209
0.27504345188066,690.018811101774,0.606761667713639,127.62901918449,349619,2.16315856990331,61.6388449626474,1.03351279952436,9.51423156866988
0.351250605447693,864.673333755504,0.811407847096806,966.036398984418,352264,1.38895187638233,81.5026717733296,1.09832180344451,234.236680378345
0.354051587129096,408.613351188728,0.899354459015572,174.301898895247,246768,2.18136880907563,39.303815640987,1.02100865612307,22.0571453718215
0.0941300147756703,772.875191054925,1.16940287200366,624.634556712918,457529,2.7124084630176,44.3662313426032,0.991475818911239,67.1595769722967
0.255055248517547,565.71518712803,1.16462058227373,999.440058463805,245109,4.85611362381593,65.7484554323141,0.958654024323731,225.21473193533
0.21185946656671,397.387879802204,0.708524422932847,181.541366266192,225682,3.61226401149965,61.1300145919149,0.918424682965754,8.28365491714531
0.436558213471998,231.051631138342,0.711087925043671,452.745930692833,100491,4.13149571911678,53.9774028292372,0.945649259797978,25.5105927754913
0.319395271397004,273.737353779022,0.69802887387873,791.402485522903,154520,2.30203954088196,80.9524985822342,1.01072415591297,39.902563727082
0.270926992543831,33.9202431310979,1.07335315944846,80.5806423574699,22124,1.57805125123239,67.3563672721212,1.05075713972992,0.924844360262443
0.0665433746676695,639.66394744509,0.603613224221044,705.293613583042,317134,2.02687976765332,78.2703890420589,1.07558617804593,12.7553357075528
0.306762565768472,212.118041308106,0.676306318915126,126.35467099626,125019,2.02587076399728,36.4941221739337,1.05874245007453,4.21962177285305
0.0674299137833144,344.937951710172,0.922775778986459,274.694135159565,152773,3.33246131317371,79.6741221359153,0.925093040274484,5.80168489756946
0.175231222027219,825.725802960746,0.748537240132059,202.072354368692,385637,2.36588452982011,59.6146081075219,1.05469197700261,19.5760442895575
0.0799925627590226,398.156717103416,0.655413874943557,911.969610064589,164283,4.42959545733312,27.532595176344,1.01632090922916,14.3188505454757
0.349116087041941,278.193546274616,0.815926807400301,221.433880942597,121855,4.95417807694599,42.5868665497374,0.993821511500965,16.614048373068
0.111063535779715,143.46935472925,0.764524563036147,88.4123907393993,85359,2.37319362105379,26.9317293805433,1.01455282369442,0.852803576907557
0.202011092862133,891.667841234292,0.906662583908571,608.244394525374,387655,3.82024109474804,59.2655891493283,0.901615065754498,99.5083313022674
0.448880641033202,140.761383796312,1.18754015629812,378.871879139217,65723,3.62994632768148,49.4409820416314,0.913546048594205,34.543210658035
0.110115027865495,493.269489224127,0.674582782088951,435.420909609298,227423,1.77784995092913,99.0587169934938,1.0051698558146,11.828024118954
0.258824481339802,592.296817995207,0.823636022900457,163.10960761942,253958,4.67203437928254,90.1378087717647,0.934723849896312,20.649729754916
0.215443113971351,713.412070393549,1.15919101072348,760.822766861535,344008,1.7977703487536,86.9253145257362,1.00910819042669,173.538286996372
0.0188807801124076,623.240808081534,1.12612382609629,621.475967161342,317009,3.9478285266788,62.5837411773434,0.970842714374963,10.0985032896042
0.398451475650678,866.514771889732,0.836562620870568,396.006192510866,405550,2.39043856909725,85.5315624513075,1.08148240413495,116.629792302453
0.0438324940941539,41.9481447750275,1.01937195871184,212.996196574979,23331,2.46832626803589,45.0152235597066,1.08993668546089,0.487549550780479
0.242384960278707,250.579095150015,0.652714208148807,613.779152212032,148924,2.82179621155584,67.0487100884894,1.0959568226137,20.612141876669
0.284732364520085,297.988051958537,1.02752463332617,789.667415532008,140787,4.45803191222056,54.4688545989557,1.07978759917656,87.1860578055663
0.317928963741148,128.065508237392,1.18371463769084,346.777419673835,73862,1.56100776604485,37.8506433642047,1.09717817023847,21.7487735611161
0.347429498360859,229.561665388062,0.922492891700515,74.5673643616672,145300,1.21827831133902,30.4460073526303,1.04122942514787,5.62678779440401
0.13410346792613,233.445716158482,0.899094136220649,253.626785515335,155573,2.60816327565513,66.8663787228711,1.09210845598021,8.00585211470213
0.0148896005626402,551.156857914006,0.712391171821146,698.277927948188,261420,1.22234039656835,32.3229351160155,1.02835849309137,2.99207164466727
0.364487394553907,618.585342235516,0.980272919344375,989.641558584077,332189,3.75040353222976,78.8502322514487,1.06184284137714,273.348212384345
0.272471733680314,430.572035952674,0.954262368467349,62.7074274383377,191169,4.04130030010885,94.1101359044617,0.926381998544742,7.50949183616645
0.419697674571552,675.09350621509,0.99115983568545,340.845884025496,360016,4.41884957901304,37.1579582283671,1.03651991752051,115.615495953588
0.41248029782134,335.130137876408,0.615649972010833,108.919826926397,168746,3.97536898193439,60.3203933882671,1.08622066186705,7.36337890389943
0.423229822216063,278.150250370097,0.929234093009444,350.531823374881,145851,4.66540557477072,80.4080944794869,1.00800964830655,42.0528041062801
0.247696383389975,582.919748854562,0.956960906098424,435.61862597105,271053,3.99320449089289,46.512974577477,0.937363942706062,65.642287157496
0.173477913960064,23.8216900053001,0.724518081247681,924.818987348942,12834,4.74430255951361,94.0573389724703,1.005377712145,2.55435198031202
0.397863519269771,100.556212864745,0.724999714493122,126.53275943473,40814,1.77244317683745,91.6349169152433,1.0413881988119,3.08264172207051
0.231134115384335,510.536015540494,0.76573090110657,788.277350412481,209567,2.99945253147092,32.7815766797258,1.05395769981948,62.0265804097678
0.0998866762376829,1107.12802849355,1.02703295503634,425.757676259815,471514,4.97572239881963,27.054982864888,1.0047404019864,61.0858668054576
0.428937269585122,873.813108186232,0.963759638119423,820.699707183581,361035,3.72631273017086,98.2343862234551,0.94347360484373,329.546569610915
0.44245433961845,87.6625574884611,1.10745758767068,537.73207605934,44975,4.51456447195703,96.7356268578348,1.08533775771575,35.3031425854214
0.238491780508683,862.04746055615,0.777395143105859,87.3179369012396,423313,1.12157517533142,56.6714203349472,1.05472348329067,12.2538788198808
0.0470928663817959,821.543083580007,1.14724083593299,948.895590479097,366418,4.48703159427375,28.7922493079479,0.954137680123521,53.6164021290418
0.200034784059296,671.717584893552,1.04622369719001,128.597360262796,305862,3.79085293828839,71.4156664559521,1.06236258347927,24.111219677744
0.403733453136676,980.959976099006,0.837007002008218,617.799327407068,410327,1.68302173595084,47.0057580541492,0.969572529903612,171.922991578007
0.451869273987652,449.141699004597,0.657157239375273,883.78437478684,202651,1.10272382569439,95.2542240175416,0.962486268933676,83.8479804727654
0.109701643823822,278.586583624012,0.75419019749249,125.781307862684,111529,2.03970631250261,84.5996443790728,1.07261532546943,2.63184004446252
0.042817069892383,474.141737656803,1.17406093032891,576.198718995212,256500,4.66309343597108,73.7195338100083,1.07464704136342,22.0306597711536
0.439901722035091,641.275755404833,0.786218025530448,833.07538174823,274872,3.67253175480115,46.3377885635146,0.979696280563796,154.175686825442
0.200808420099649,592.537289106257,0.797940576089439,987.008473213506,269625,4.6778764171333,77.5951434581288,0.901784561016313,81.2595710563524
0.275462872491106,620.101005175384,0.71375335865863,738.11103077332,282972,2.78460312997704,46.6876200069403,0.937313124279998,62.615506660692
0.484352247904872,866.183709536847,1.08411036068326,314.417656690129,474404,4.74650838094096,27.8223238113907,1.08185926564491,192.232741772505
0.0426167166779692,1031.31152637891,0.765386538145366,714.591813353139,451221,2.85183926178002,63.1325940715206,1.07974986741101,22.13369208469
0.327675823651527,1051.32389139587,0.798154949021313,720.478430842257,437983,1.81701889767334,61.6513408591518,0.99066894961869,176.443833830139
0.0463116570616849,688.978108062824,0.848608865058976,714.967711499386,400907,1.60557385673779,82.2254479769675,0.960823341455176,18.6275531882795
0.193979774948585,1002.74776834338,0.860236967864766,861.54741523845,471771,4.97524725214018,89.9255411765834,0.960549658421034,152.728252896394
0.403869127144789,94.886777409846,0.846804474249013,133.011059393516,50148,2.33545064589828,51.5851366520697,1.07943896052571,4.2123213430676
0.222401394050261,331.84680610953,0.902246217224837,152.998853144662,133296,1.64021210127035,58.7104757652753,0.964946662195103,9.37388384442898
0.498619353412446,490.815839809179,1.08870772776984,658.58626801428,248033,1.03363372356301,60.2800314733396,1.00231605194802,210.22137192718
0.283939049623835,731.807056309275,1.09157102444521,956.187041293278,423421,2.14227826611849,49.3168063279285,1.04620221011858,258.337907458003
0.167369454791617,476.256764075891,1.07898788025801,492.546706973284,253078,4.55646457441016,80.7540192718893,0.941896208321884,53.5976665975674
0.117854549693329,806.117094156669,0.660674903469892,962.534566544391,374270,3.13603728270921,64.1575888904725,0.950767816317179,43.0778620858897
0.181755061800219,110.863702470101,1.07980728196489,941.180996540346,70341,3.52974020609982,93.546683079148,0.971612378619025,27.5982598187408
0.19254130414218,267.060678179767,0.672151064091946,907.764251322604,126954,4.68956441556213,73.773307892169,1.03084467786948,24.9202764225811
0.0436697020847409,890.209964146668,0.674834262031355,914.358426120881,366157,3.05135967242812,40.8922419170479,1.06349813022927,19.2034541331746
0.191091357719119,195.554884658708,1.16871766298098,903.402853661587,83202,4.35311938341046,37.3606486560277,1.0093411526662,52.8516085862812
0.23747687467222,276.421604024756,1.09163870682332,828.894914362223,176326,2.29533311230541,52.9288253437219,0.926585747329925,66.1831195766245
0.364141498597014,332.039743371924,0.931446280120805,710.230010675064,133168,4.90840745136488,51.019490519273,0.989249104613944,83.2752919143993
0.331797447513588,386.054671990851,1.12498212268672,73.1877696629778,175581,1.31525549404981,55.5348868646883,0.925538144424639,11.6516401733996
0.357295171062286,589.202087301403,1.19361878553112,175.64091254825,354454,3.89931810205306,38.7693302728332,0.917659433933339,54.0279940372823
0.01409820411966,279.125463752752,0.966385239979066,177.520451804894,184556,3.64226514704118,98.3667002519867,1.01792335397029,0.816845992639122
0.116657025794463,464.743590369576,0.967739062188911,72.3632700656104,278076,1.76668602340327,35.9282329651547,1.09124242235958,4.28195866390555
0.33422530131593,118.933656381601,1.05265621749596,160.866680002455,50866,2.55537599538614,73.9486580668241,1.06752236666681,9.24832924392603
0.247154790408076,612.770242712717,0.7392833714192,923.759111888751,402704,2.25131646710803,25.9801926298442,1.0548942525085,88.3418024923589
0.0126036030774895,321.627077721623,0.70027491691128,680.614072565247,185574,1.37797147332998,55.522077873926,1.04541119317307,1.55137072327438
0.404202374791593,732.764285052012,1.05574845000904,346.469367380651,324619,3.33915209180336,48.1887549321277,1.07942557142714,139.965686632226
0.388676690912265,757.195541214946,0.806942876996461,803.692011624846,362970,4.97467938226066,53.6518478304564,1.05056701682856,191.126042058734
0.278725389866846,241.104828463954,0.68104221378356,513.951012607108,105621,3.23835256421356,62.3558008579835,1.02537546906015,19.2834052351084
0.0425670296303733,993.816028869674,0.78892663555065,185.020685070083,442453,3.18103962751745,70.0281251143238,0.972936016054744,5.29392361372426
0.385592374270966,478.354325521528,0.815182120724745,890.276977165168,308496,1.16125482941819,68.7633508595725,0.920188777971959,103.75740485936
0.296019657988368,514.232049351582,1.17913659570341,371.728848924649,214934,1.55688089345476,72.3035252590835,0.992206672768802,86.6838015554702
0.3931603888074,158.861023276454,1.01877582665275,713.9162690034,91985,3.05287635640904,88.3410761915343,1.08495684722907,60.1602020383151
0.378356026273962,967.576998368227,0.91851379043984,326.064452474627,471209,4.94071425673629,91.5037866710989,1.01662005307503,127.453903489383
0.40347101525934,810.067035484908,1.18132388320956,525.06768814011,377779,4.50643094184744,80.2937725420598,0.936900835979027,282.192420642648
0.263823952538266,174.878911013602,1.14188384428451,825.440075953895,104804,2.36083648549267,30.9206682193303,1.02980466169617,56.5140867270787
0.0787590139148223,419.765770173436,0.907200513968496,198.938479103149,169518,3.17201701691251,97.0969293632451,0.993092446816101,6.50213435890423
0.338867161956047,805.258830582131,1.14340778122619,978.388825477315,405028,3.21080888901655,96.0548564760285,1.08627601771659,465.698275320464
0.314032154675466,542.282400973363,0.842582794837594,116.70512671769,348143,3.74144245104873,78.3777845909015,0.932187982012401,15.488863817522
0.373704061727553,933.7808954296,0.738252399213975,557.308464253479,383127,3.75112816495655,63.8079303551443,1.04240234970135,138.357353929957
0.0932416929648603,461.39690993278,0.739606906093251,920.224243384351,221159,4.15916995354389,43.7963768751919,1.03632049296136,25.508750505411
0.105537847951142,788.459143726679,0.997389314665276,948.409190638399,358522,1.09988409935873,81.7263354624157,1.0967083157043,94.9969365128122
0.446300663437471,392.600578636649,0.900642192424366,270.503514735787,193860,4.77472076254978,90.8395134037217,1.01298242532369,50.0884303444479
0.377489121241515,248.462813147365,0.995370508203268,186.785732154068,106420,1.28024818395699,74.8890700667453,1.07431480718673,21.075834020292
0.455031959463158,485.552566277363,1.0116455785573,738.182850301996,316706,2.90464044590776,72.1804474646328,0.904942787506286,179.793816131497
0.381770507370321,863.023461984572,0.613393723738631,89.8748898624252,488031,4.67831710543617,39.475352842794,0.924578393644827,12.0269064795216
0.302606099935248,307.245447115256,0.632423755408741,510.977020578799,155990,2.95067531692432,51.8347392170642,0.969187714569306,21.8894577601529
0.330525041143658,364.233273855259,0.91960663595475,806.537465453523,231024,1.25454733693247,79.2352166524384,1.02386547943145,94.4503304130433
0.445672682730605,744.111879043954,0.714621286656046,582.241988290992,337327,1.91696007924776,26.2674054138418,0.989815868993482,100.361639170962
0.293615309710851,513.584241852858,0.979520261282664,228.612602485305,271212,3.31466702147369,73.0948207891665,0.940539249469318,37.7652166968758
0.31987174892091,747.837217722412,0.931311443502389,512.692084496465,421871,1.35144647159588,82.5002725757686,1.01784074797829,123.137262899688
0.0866735908417643,572.952712307154,0.951456215022535,925.210980626448,381110,2.69471172406919,50.1028364703086,1.01333981186827,49.2925434025819
0.24222139785689,66.7946940805561,0.781473227898606,636.352329142063,30090,2.31637306476562,30.7125826900592,1.00488949570417,6.55711151204141
0.361034584859468,1165.06794651035,0.983906103766738,735.416096190569,499213,4.26083051129696,86.4339534162999,0.91811122242214,336.488506075863
0.142761922175019,713.386114616764,1.09769558189101,369.450685679389,376449,1.4405277533418,35.6377622113767,1.08540509855125,51.5199027078146
0.109104548457022,891.923817260393,1.19884275215534,229.059586409237,432088,3.73119380063515,52.810082947733,1.01845106074029,38.410539340663
0.163775136029964,563.136000348501,1.10306663170333,292.860118404623,325948,2.62635628350364,78.0440578800835,0.952798349439732,35.3354394967286
0.128335307716488,908.90966333238,0.934499255807968,556.51871407228,428287,3.35100272188931,86.2739490738575,1.0374836380789,70.5323506105163
0.115307192147834,86.3112939831733,0.716057755007974,316.209145930169,57079,1.82212708768218,89.6786438866387,0.963581598173778,1.78324604751662
0.218176913005363,347.060121565572,1.00886752567189,564.866548054796,174521,3.4388147390465,64.7812893708337,1.00117120535489,51.2259988069534
0.454840871802932,939.878165677158,1.16259227133479,722.402331007368,438334,3.69591090966445,60.6903772341899,0.968226354211797,478.412345859546
0.258459226901972,245.751157146245,0.727119923839381,747.676082361786,101626,1.28092625864431,88.6237957763522,1.07607880530754,30.2348076222779
0.102080986599508,75.3324487892105,0.753597372315946,206.450692678039,40042,4.29737707033175,67.2307821285603,1.09879611690699,1.16286793092493
0.0477161179966283,893.101071709737,0.689405126046991,762.90930639217,394272,4.44501645155297,68.3988046311423,0.93223641306558,18.2859241005049
0.351116511117583,876.640191309628,1.04203298617584,689.053732612741,417908,1.25421622273118,57.5480025995351,0.904715790111319,213.882035388567
0.19757139457383,199.410596234263,0.843936902054196,61.4048767002713,82163,3.41274995238914,52.961047894078,0.943864501396409,1.91277472662789
0.412697163826826,811.212849985112,0.63761738333183,105.928566335263,427319,3.37604598788891,61.0405642967372,1.01799039661952,16.2839038680784
0.333160276633977,625.217611028326,1.12496999489417,663.937026767361,343697,1.04983364747377,52.3635620272095,0.934790227915507,172.369991085475
0.400158310765271,621.900620641797,0.93460314282154,414.518704585524,260521,2.36938565582381,50.7659837476929,1.06229688492123,106.839087560375
0.14325355931504,643.393453682855,0.798656575200213,188.798799596883,415295,4.87570313085499,99.524825650592,0.981734115358889,13.4944043697592
0.349255872005919,343.976391521624,0.806389785636658,92.1767312111516,210205,3.22180300907497,50.2160120553886,1.02210654814283,8.71796586392866
0.139390372499922,154.763900915623,0.774150732114544,201.428423638809,97803,4.73284721096602,44.22878106495,0.991123568324572,2.93424649156367
0.470143554930643,335.395102294303,0.873288103435585,959.638266105536,143141,3.70257854350954,51.544306738197,1.08066558432379,139.076119105057
0.321823397951353,382.29999488429,0.802225013092887,741.187359492421,253077,1.11356207289311,69.308600547708,0.907027067412456,57.5617573524979
0.169010782085918,628.517265421051,0.928767782442366,551.320149887579,266134,1.31085279219357,93.3242864967374,1.04586037913132,59.5832918778093
0.142060812523214,786.33165251769,1.06411035136278,944.463475051862,402985,3.88871582146969,84.0898187648321,1.03043442666817,146.767608793898
0.103554026685105,595.421047519104,1.00467677006662,638.154915797524,395885,3.21827116147608,88.1680854306776,1.02990300619715,52.4089178683045
0.350374069857927,553.57271437678,0.77667413565247,739.362928866634,291102,1.5086066583995,89.4256458012893,0.982797878607641,97.1940102028078
0.117170650368984,658.884650122284,0.917244606923868,318.519227580578,390612,3.45625071341447,94.0396297335151,0.90313504569518,22.2098561326879
0.30169860030447,205.418905136121,1.10407569594735,609.532751409736,96695,4.24114944227278,42.630342468166,1.03784814439359,57.1900050087851
0.139671163193425,56.6241000797442,0.640923740845635,186.303382082948,25982,4.01192972053045,59.3774523278077,1.06589424256165,0.758555739801904
0.334364782948996,868.438246723042,0.646978360192143,434.258987937887,436944,1.98464984012827,53.8898249932335,0.91704606219747,50.4399605222589
0.409320466984864,59.6196461540407,0.933702040829852,81.5783087372796,38701,2.03277986662418,53.6407745960125,0.988323500848794,1.90407050153774
0.39123236914088,267.569116235557,0.983469077033882,255.796683203546,124097,4.87135122040845,73.9212738776639,0.932518970789411,30.4203569739188
0.382817152156083,814.945183298512,0.726847809465542,121.125197951541,347964,4.54961920861087,55.1352295238308,1.02218755728592,24.6559602312637
0.101983978789204,455.863658674993,1.04713207601491,418.38987853187,205314,2.27334925772349,71.2247729437903,1.05712097527181,26.7540761771157
0.0533086240224142,1021.17628667766,0.987758026224436,850.883406406566,438281,4.29621795867603,53.6709522795856,1.03334131298548,56.5098443957689
0.352484925958819,254.552671599379,1.15397356094177,409.0374010278,149692,1.64695411893018,48.3346137043317,0.963612014097177,49.3207572449103
0.190490134759232,16.5382712062418,0.701372521115122,840.057644694911,6923,1.78736440530626,51.4807883832386,0.927946540566477,1.32896548864461
0.22184965093764,275.20041027101,1.05082455921481,673.673396949943,151027,1.72478421538138,85.281779201032,1.05885362921009,53.3680935648201
0.0252630554687616,438.070157533381,0.65018585434996,534.052974299286,289460,1.35088310005406,70.0788277171668,0.964783371698538,2.59579165735806
0.137192460144774,441.947260756138,0.939175445710738,275.047108598264,188593,4.41871246464542,98.0498299762461,0.904427966348885,17.898638087227
0.0265014378984874,654.168801598188,0.931137083699487,926.048288201945,267902,3.3152275928183,87.44921697848,1.01428424286985,17.5969559531579
0.440801028574611,945.046291586306,0.833031026788044,101.490768399932,438423,2.03582436997575,61.4335456250531,0.949335462046676,30.1568040358257
0.12926437477708,790.106477579375,1.10674268860114,704.467366813874,456330,4.39462013091038,43.1782251320557,1.06824119967164,112.009422137027
0.283095213090774,234.245021508324,0.602622386871607,640.1778981689,133721,4.21058703757128,75.5431833591359,0.928651040878156,17.4073588108614
0.0290998671239539,455.478642230677,0.912107641139112,468.9894461437,231608,1.40380607251102,79.4984520483952,0.98696016981185,5.39988445517039
0.336755221739772,659.458697005221,0.730292129901112,278.304907527975,275023,3.57655749493989,59.8131984843969,0.950626040722202,38.270650647486
0.168283399419506,782.91224438888,1.04609917146986,459.161140003004,474608,3.88733440610308,42.2441599308018,1.03792032384422,80.7574180027843
0.449980401609256,1161.3842389334,0.625840455783658,879.13408927575,499311,3.86330934794386,66.7928738397449,1.00970618187148,218.333213480667
0.445177912577678,212.212061141682,1.09893281290895,844.927804742206,118468,3.89257083141575,44.0371939269585,1.05819754384972,117.542717369615
0.169392402997256,839.778230750037,1.10285533602417,944.312187478178,363763,1.67783114259615,95.4998738222828,0.991722515044731,179.33414570756
0.451470838888329,458.972969099563,1.0997196074421,342.403546293986,189637,2.26034581707508,72.166318602529,0.900961686308879,91.5268182735088
0.498117260014402,9.72420658421134,0.691541116039602,417.748950450429,5045,4.37671403401785,46.8948221251911,0.943039296107899,1.05073105313598
0.414453675420735,10.4759895241108,0.978243911136627,67.7898450268702,5617,4.5935670009102,41.1798016250893,1.09983142163885,0.355457346117213
0.423986960400062,531.403329287594,0.608620415510034,945.802494984008,230822,2.11675554625948,78.7542462538841,0.981068997861902,91.5111500635557
0.132014280693454,496.571842177708,1.10877755477352,362.920587226405,244679,1.09207806471101,78.0844960181315,1.02404702157725,34.1408245418628
0.292584175440301,26.7857142322557,1.03378511610517,433.955630456344,12262,4.43906778866443,69.7849173631431,1.08098632161175,4.82848182709373
0.0429553978440102,729.779866594803,0.918692238539552,912.414380875025,343777,2.50836735130033,71.0725768884416,0.904104836429018,24.2733769117218
0.0565097890426182,244.143252723656,1.03835485985797,550.268508658472,147707,2.31785422383975,70.2901752119217,1.03192147927948,9.15097877819283
0.499457379896312,657.448734750509,0.656594457991063,587.865814667704,280387,2.3879987187545,52.0077585107888,0.957675394795687,86.8895940227111
0.170053232218696,256.329974290987,0.917193499306114,217.421196243371,151158,2.66278569587057,95.3060807505605,0.955849651070486,9.07779327114625
0.376610116903935,205.284612959574,0.774765895089867,523.727019777722,84400,2.51306648661968,60.9458848197188,0.944970280649661,26.0591202602083
0.40526587598314,357.431646282574,1.18357167793378,922.298170863335,204180,3.26572359653424,26.5245925109192,1.06454584325823,223.878010144872
0.430431402793542,261.149621299593,1.11427077037434,580.78218370253,116904,1.31576111399276,51.1271006791244,0.974589546489299,84.0248936232313
0.498837865727057,478.048501633555,1.03996541750039,292.36054640777,267866,4.88616077723406,34.77119339857,0.913423307652085,82.4667561315129
0.128333277775865,182.169364721533,1.16024858114984,79.6218209280247,100215,4.74580413788865,52.2537843285913,0.919370231576633,2.86994777621311
0.0297719051612529,460.998421894389,0.808105982739284,369.486684781365,254695,4.737626586462,70.61968637768,0.92972287253736,3.83062226350429
0.211483843817347,178.779366747202,1.14052793939291,593.961368361235,79532,4.51711049632765,26.6998355891443,1.07978551745019,38.5268806078922
0.073739528216184,690.713482471128,0.795142939264026,90.4826239522886,335817,3.64130520872692,90.2650398420901,0.985488685301469,3.61405739367388
0.020988685689407,898.885410632514,1.03967803181469,629.302948426598,377215,1.88443425099373,70.7731838851132,1.0832098679199,14.5912792211803
0.186609145299328,101.368306329278,1.04185014706587,547.243135762207,56086,1.19793394858549,47.1528907194246,1.06349589455242,13.0509253527594
0.394031743026866,513.875382923329,0.611009925872456,794.263695708242,234433,1.39728425912707,48.3403880443211,1.06757652425157,64.694004471258
0.287428538700285,81.928475826749,0.816635818966917,77.4437636583637,36365,2.29597000186242,59.9251132387113,0.957366362226367,1.32412044630858
0.163261214713073,494.607332477681,0.611659603445099,791.804977577801,299493,3.01553210198314,43.6068854501345,0.954262882541907,25.9463867100669
0.330627582691433,252.660547983381,1.19825521056615,544.833193470202,132938,4.97301228473918,25.325644582071,1.01201367596757,77.3333946954015
0.123688908351317,524.028921494398,0.673318057097543,402.002866140726,264285,2.7417739671784,26.9918086134447,0.98358499239799,12.3425635396645
0.0170469085753217,481.01829539669,0.925686537388866,967.113827540883,259213,3.09858436196551,51.8305503979015,1.00181213766007,7.39445831679607
0.384533159353849,842.277013824522,1.07433374325758,202.11356987425,462253,3.78062898875232,34.3166257456456,0.91064084037154,74.5259437259417
0.315634111583364,601.250165910094,0.720758161356535,564.258863136551,274993,1.72293588179119,26.6772755985311,1.09431803825251,64.8948831763972
0.38352828600547,500.888855339167,0.891031600857284,354.932399912855,291916,4.73130800624902,89.445195252613,0.911633761568025,62.0158276564249
0.0290796281769561,445.026530862209,0.964457256552691,551.112059855569,201425,3.11613842337094,45.560298523214,0.935766259532377,6.96821950100914
0.42018861763702,1155.65006020927,0.696122852637327,574.661679951392,474591,2.10502538240707,62.7341932875101,1.03564010496705,158.808636654545
0.313567838017789,802.981839394249,1.06713327594692,134.975836003603,388816,4.74043594535536,38.4556813143717,0.931100310345717,41.5071647973899
0.286063721849194,302.815563930465,0.779601874313619,678.078389572432,143417,3.5018024742358,28.5043729182822,0.921373985541558,37.393778934368
0.31606088357612,662.49909173162,0.726613845803304,652.757421123061,422261,2.93475892499684,80.8649724616436,0.930724076274184,78.2261433335335
0.433572290965498,512.538200489622,0.93497324786245,780.993910902741,216766,3.3206236398431,34.3717640985088,0.912384048643282,145.524930725347
0.297598888213864,740.07703503328,0.846188176585763,136.125568976212,414505,3.99320887562091,26.9287676802744,0.950263748051669,23.1064595488278
0.294665686145208,870.599475806033,1.15217156678185,332.395619558503,411621,1.61815201477181,69.0422746197557,0.954223854202963,119.317764106525
0.495432786962225,236.125517719513,1.12803761891889,667.605069741696,95246,4.4593217228129,26.0100679316087,0.999724417509664,108.681702284904
0.380797781863598,735.248997462981,0.89001039803333,179.894284619828,350870,4.83802724119285,57.7214458607741,0.987744503440955,47.9787024024851
0.226723964671056,324.876551163911,0.815558264835359,693.71830024902,146031,3.2679986070003,46.6627036358362,0.994742683029769,38.4826546715334
0.356624530016135,290.726071623921,0.795310788978759,106.075375279402,149449,3.72908338719039,48.9563488703315,1.02320790084178,7.65942529726938
0.200722931128976,232.302585684991,0.760538173848904,368.184975311646,148877,4.43933392338496,25.2924282335522,0.946192286249909,10.6100132067366
0.122148976616914,834.164122226413,0.926728712227486,854.375566215893,363059,2.499242525666,97.3259560287097,0.926940826218379,84.5950001394247
0.302457419675002,177.573270953942,1.08298716284073,785.576725862102,115683,4.97132717952959,63.7722326862653,1.07577565572911,69.1970048808403
0.464809228075836,3.19535516754516,0.786453964922135,662.522679465734,1452,3.72200547722759,67.9384099781263,1.02678826791379,0.750202833673631
0.465278364807577,545.058199794974,0.714056453812849,876.935495793846,357903,2.69599479343193,74.9591863684021,0.91213265878696,116.376905493566
0.17753358627169,204.152780850192,0.885290283709972,723.80606696359,86421,3.70935190000651,84.8141343287325,1.09221032998016,27.1505314467663
0.268561958448631,88.0801484000213,0.6414206500786,543.406349950263,53136,3.08672013005375,70.5931837231882,1.03861370045368,6.56968196696155
0.113701590299232,240.745729135294,1.02076740367782,980.731625366497,119520,1.44656628615346,82.1648579119982,0.930340928417402,27.815058218922
0.497859243654453,399.654009753353,0.91101495978116,710.113275799854,190570,4.18346121907727,58.6551470772157,1.09382688633528,154.345300856604
0.490747774855289,466.829556114189,0.897824884783712,621.298817972353,238477,3.25750232101173,52.8456355303366,0.973081468649927,130.061075418858
0.328259375556649,42.7793434924681,0.780267227730013,438.427032905886,23240,4.18338223149556,86.7350430611639,1.09690201597295,5.23264785530905
0.404162889241962,955.013730779661,1.14280406251904,907.291873650098,485317,1.61964776146986,89.8982893130097,0.920655125878658,466.705867771014
0.360399079029013,649.059247267681,0.654291775109732,330.923640824743,358316,3.1534286272031,35.33550023402,0.931993843407099,33.5382927509775
0.300647527329339,314.5068657502,1.12189440533222,58.7586145003575,162274,4.06649708885165,65.6995140220046,1.03148391017497,8.62253208881853
0.0361405185245599,297.481845949415,0.826023121449554,236.903496310742,160030,4.95321827036319,76.2731822864619,0.904428693033215,1.98876994463522
0.232834527850804,464.530367035347,1.12837410958501,154.041617345241,224823,4.53758910554103,31.2699052473975,0.903737928243647,22.9315333976747
0.340645288062031,544.832273167153,1.03725687499943,353.044085464418,313496,4.45739850824256,94.7197612557064,1.05839656644498,90.156913276238
0.341990490803005,184.260131325833,0.662502435997223,834.584743585532,74040,1.98984055258559,64.0082329537848,0.933556066347964,22.8420827585009
0.192830083026968,190.634885678439,1.09892177190561,668.953201096757,95276,4.35193840683619,73.4093062987564,1.08375799851752,39.7994329070251
0.471429073462435,728.249122273246,1.0093061002197,210.531559772027,429858,1.67712511017185,38.3682061067765,0.985179232434274,79.7948160124807
0.0920049457960227,254.786569083484,0.619381147749209,799.380635037722,128871,1.79243065819373,44.832601746657,1.07473047085986,8.53914583659245
0.255176128645625,451.315594257586,0.680221609265802,529.008872794433,190717,1.44046697497389,34.0750912510902,0.983552716817306,28.7649319883276
0.348533148509903,663.150137205852,0.981376833501417,537.078892912382,435765,4.43038612285515,44.7999041390417,1.00604600099443,146.985159026571
0.351596544886987,723.417987227019,0.997560301728171,394.00657193183,331911,1.43301798580527,61.9297573968849,0.963302832335283,102.073853709969
0.32783308881672,351.255148699314,1.04799085970256,871.385546580922,171514,1.55244591898004,87.5222199592972,1.03161528355119,127.451715877138
0.144891224591411,571.265980701652,1.03214724046499,352.410938663003,342166,1.98354860032954,65.0292561265273,0.963640233188613,31.4370818825508
0.0865412186564448,25.0774125497185,0.995711972801973,139.432772636204,10821,3.29064963648256,43.3347698673322,0.94463401957001,0.334494046677552
0.321610760145088,687.910265111158,1.05974334104785,337.592544273348,368086,4.52072074120161,28.3465806168046,0.91620946239254,88.9242894514271
0.303658036908324,437.725364873589,0.945051423535424,729.585868954491,244021,2.67291262102227,71.6477376930253,0.911533869565569,88.4954816988477
0.0978844450417281,947.030109293167,0.756474831314673,674.702792463162,406778,3.18514379676714,56.5119923024986,0.961194870640458,36.4274301274534
0.355518181329576,1020.85700867528,1.14742596823843,228.616295875899,477365,1.66595759982901,98.8265400112803,1.04729466904985,128.995716249887
0.233034275949492,1110.31960970985,0.610928418559187,156.195084149695,462969,2.06378342359117,83.481991405877,0.941124013268723,16.5357195690946
0.337202689885545,968.509237268182,0.819937031922894,677.822470481659,454724,1.5357030499431,85.6272114455027,0.959845490027899,156.389315802458
0.420309869087374,574.933308948617,1.0373221758583,692.557993872167,256573,2.63967537946836,25.9176267160298,1.08103428370442,209.120485999265
0.0931669300026923,422.221474358971,0.856293624689805,397.842155350042,180711,3.36134263471277,83.3346499678043,1.02783149916226,13.5269175482956
0.01938098531845,362.336736367719,0.614900644488009,850.661314352626,233053,2.13607812013382,39.595998300662,1.0839444778844,2.6382356356971
0.391760267333936,785.824111441324,0.639588541869728,979.294943609921,345258,4.38398342229917,68.9346904216229,1.08224520680073,163.10282046699
0.308751738324782,934.501341222926,0.989182421482973,245.362962276926,442115,4.92495340402654,58.5566179236789,0.912682136497138,73.3571891922914
0.35282338911484,163.677690067383,1.17891875964318,598.215279920727,104286,1.48061940925832,67.870288793326,1.09100186498567,60.3491498536603
0.420695937744435,922.296801585755,0.931118181500699,55.0790125537422,459179,1.0714402240613,35.0082647067247,0.910235591812251,17.8246672569629
0.403377358064005,645.286842749907,0.904054690814261,727.401676224973,407775,4.15910762957914,59.266876105836,1.0851237835497,202.636088190958
0.480850871995124,1094.38435788343,0.79099512783376,443.568007885152,489450,1.76257071121338,27.7708514463747,1.00934668733134,160.742797264205
0.272608188637538,900.964193536687,0.754014404319638,233.605765558007,440246,2.41258637064344,28.0749511119723,1.00663791657548,35.5377730891834
0.249362860003354,345.190807404999,0.612590989053771,764.610825676157,140689,2.57692487310324,74.3303598080552,1.04265281252396,30.0443871315815
0.206924727946458,90.6738687373144,0.763772920584283,820.116357678277,53872,4.66639755560378,96.3773780104135,1.07584225415235,12.7160013532268
0.0853086109936602,120.060755061282,0.869466264519151,155.60817611714,57008,3.63535286306465,83.3044689028587,1.02340091113225,1.39745098727729
0.290577544112191,250.438697930354,0.71876986982937,88.9459737461323,146320,1.16243796121156,60.1866835428233,0.985079970756264,3.54487920908017
0.14573613691973,650.028473374011,0.652408793088857,367.374519585661,307478,1.05924096285662,29.190305506928,0.922377868596955,14.2202585880343
0.461440680984358,894.296443643105,1.03063672035276,644.690942472984,402356,1.79827239012112,28.3765112092828,1.05784186117898,301.90074769073
0.295763494095778,999.428036812056,1.13677216144084,803.748550829201,449726,2.27268776349085,36.8419195831044,0.925658698494161,291.676752062404
0.300491688448974,722.888798812617,1.16206324181225,568.759371798935,312253,2.9380953363464,98.185787795052,1.04527317223985,202.688779344168
0.183913083829735,8.96702636852119,0.970799237098193,601.711337491632,3810,4.35135764923542,54.8995799830872,1.00558498915641,1.15008940418187
0.0354747824690767,148.219378660779,0.631664749559569,809.865310665247,93972,2.25927102413904,88.2555468904484,0.977167184951614,1.96177369087981
0.0255544450327644,93.5697706944664,1.04451757797706,552.401205507821,50763,2.50614887708662,77.8856829211448,1.02259727725067,1.7089690676009
0.217434220635067,398.710248339072,0.666057183157132,630.596765714986,182299,2.31735172003863,70.407149441205,1.05447121721491,28.8681527889332
0.0514370352676465,501.9929121492,1.00184887061269,540.406472977731,251174,1.03586134413162,96.0869583740306,1.08822792369012,17.1837021301767
0.307355008214668,38.3022635737298,1.06761950144873,886.435321699319,22655,4.82080615647248,42.2808677964266,0.95293937656756,13.1423452775446
0.441676772763432,358.998376726454,1.03551882649588,273.740787655834,174890,1.5559835365459,59.1167246851865,1.08942603204234,55.2031011075662
0.442628260094174,172.451257366587,1.17113028345668,300.793905313484,90410,2.15066991281299,89.8542224255947,1.09218960919756,38.2204858949937
0.332932250964794,612.160717672898,1.04288777068043,171.563388521734,323888,1.51721320838577,66.3820980731683,1.06272610289594,41.938172728298
0.113503597421736,537.415016943191,1.01592586678909,828.493413919701,232672,2.96217262462689,43.4833854719583,1.07628743498847,60.4408990784405
0.432868447365847,473.397232917129,0.757045903309861,441.188426034239,248164,4.72866445977,40.6687312631708,1.03848550274343,63.2390504415753
0.444185783303472,327.299322156102,1.15486121186154,380.499243837182,214418,1.40280287050195,81.4660750781726,0.907819443986257,76.5921634599685
0.10636025662695,744.838411410242,0.7077263224765,982.281281232798,478054,2.76358769435398,25.9591670689067,1.01501570894108,42.4683650956312
0.371338782027632,254.834861841074,1.14293796688388,930.463198117796,108153,1.08949938308631,93.5644058052162,1.04944091259215,127.688155392874
0.15039457897429,636.840398643391,0.787597526007546,973.388298018523,258815,4.08359288554459,26.3813491086402,1.08834062694127,72.2036969428383
0.403293753052936,805.932071564553,0.678098156326601,185.184046920758,368273,3.5649045742177,72.3241785160528,1.01409036940377,34.481731754305
0.498646570952765,519.907064334219,1.0960098163627,896.689222490758,278865,3.7987946548286,70.3560971081505,1.05884013565148,366.934580082855
0.0247127426114025,1132.92981191255,0.601497272160497,362.274119418079,464582,2.88934544358293,68.3808363291086,1.0410077435089,4.40245347653531
0.449709274237557,410.080441995358,1.0992529906085,62.0239317012694,189606,4.63053211822562,60.5757288150067,0.956160577709516,15.796001000993
0.315088961463342,544.762164161647,0.757387105227586,421.733419183915,232374,2.63822980349044,88.9322749516458,0.930945615030272,45.3189829131437
0.486957483390762,102.35308027796,1.13083276365337,533.736535481157,45172,3.05634029914831,74.4499652717863,1.05018106573558,42.0892317069409
0.23785466358795,572.932665125222,1.01488750934495,152.809402389035,304891,3.78115688908252,83.6396711124545,0.946753672235902,24.3575153773497
0.425220085979973,286.551695322809,0.999709999710354,560.793736030543,144818,3.08224256438184,33.6641354484392,0.948938310926028,69.6817120330782
0.0405730936131558,136.56658771089,0.819191737898906,828.490404967895,80994,1.75734259166531,28.7423978093082,1.02878924774013,3.36246432287319
0.174286734538365,488.719877486297,0.635641784334463,408.768403297234,272721,2.26828247217965,27.1396381697334,1.05781369280591,15.740261599947
0.0428381034980929,607.400698189196,1.09804385892335,385.012566207587,266623,1.36917787255522,36.0404489105195,1.01646641857225,12.4202856427649
0.487918135404745,93.0300003085776,0.702542277105917,371.869899219144,38860,2.73045398886919,75.0255917690812,1.07699663077581,10.4610183362115
0.4103172145632,777.248716488276,0.823355185136851,926.939723589507,349410,3.43756837234531,62.0516316805878,0.942288653850135,233.762790210164
0.427748236410526,613.649068865395,0.960212811305449,96.3201938506892,312262,1.47411977707656,81.4189192121553,0.950482885908148,24.2793163357529
0.469602963402608,151.224477006068,0.889352243136373,472.822334893308,95319,3.52234848588052,39.3797752556581,1.02739110083149,28.6987909061177
0.0517007081986948,366.268891035413,0.719196381102791,301.369481442231,235248,4.57148855900844,52.5222281477846,1.06587363692366,3.82814152073066
0.198942820331533,675.583780834622,0.68436981412937,899.116674118119,360441,2.35089493194208,91.6373161412159,1.00787036033565,64.9223278753349
0.044807095631561,520.781953956559,0.673947763350174,141.249650404614,265188,1.88813238487528,95.17859095214,0.902076314660509,1.49254997164103
0.113288619759514,418.341966295385,1.11780472889952,440.87062834639,198349,4.57202425536761,94.1296866241879,1.03538862584139,35.7588957118277
0.122389230748459,243.820809567921,0.6189357294368,436.475344429531,161847,3.76778094359019,86.3728783150572,1.06271648660359,6.56219401591314
0.239862533413314,760.826948928927,1.18620855575994,893.974696669672,305587,1.42157947222622,76.6176908948419,0.955308725579195,232.68290918331
0.141595462052285,875.335522668673,0.719117214231248,254.718772788921,469616,2.63244780824693,93.5258420520598,0.910839645776453,17.3558865627174
0.0594792723407029,789.431774064601,0.666193378127447,662.650639786531,336201,3.69635839901819,78.5636193874479,1.00359039562151,15.4744730974236
0.0920706336561128,77.9351548935737,0.946182992866077,177.6858205434,38298,3.29753549990182,96.545218654412,0.908431044070191,1.18051840375121
0.0821650261405246,376.439122141568,0.647991574764418,956.276928376516,230882,3.47418847739949,26.8591249027666,0.983203348783049,13.5981224723904
0.486807630977026,1023.61600009629,0.961471957898157,613.364211308672,445522,3.2685406958957,94.1231564420933,0.903563568894059,322.263879463143
0.382053328390052,106.372236078343,1.11037598688817,644.943893804637,48136,4.19224546121956,66.6805402104531,0.944993344581587,36.2918345661019
0.484203117982085,1002.46374475717,0.628738812880455,462.084731577449,494449,2.28170782718791,33.3848313865344,0.977764490377382,92.4373786498117
0.225472838388875,956.078693403733,1.07992116271713,375.168577033006,474586,3.83384939159745,41.1183452302971,0.922341177949052,96.2986124067595
0.146400556014702,63.5928455267764,0.836686464589271,252.042608020132,40059,4.96431776997714,88.9119462936185,0.922831180797737,1.98126387747498
0.401163666632501,1006.29423712162,0.695694380298726,623.788366140646,466774,2.55983543112472,62.9587716134887,1.06541234806513,143.813845504639
0.169864419840162,439.336101113901,0.705657888160475,956.833658080826,182203,4.16419325821917,98.7113292621427,0.90828477335148,39.4710741387643
0.156697853115621,673.161910820216,1.15125872621654,391.801406387783,422510,1.98443694854468,33.8148332128728,1.03779324973473,56.5831241173553
0.123927936181837,369.937087536973,0.666363451164399,888.999044228952,209773,2.1275868491362,55.9377597925097,1.06289640986987,20.4651748538813
0.0735426993298753,530.878832127049,1.12006967226939,191.337497204887,220987,4.73945549673417,49.890583231057,0.926144470827128,10.2835675230211
0.135666899898215,566.505994896957,0.926546772590169,939.319719837711,317487,1.10375342499476,63.7101577048691,0.939074146902695,61.176671235191
0.184106676752205,834.577784941195,0.623433707289863,382.961969703173,387465,1.86970937944332,72.5078364152289,1.02829866031901,26.7479702343601
0.340257161991408,36.3418524258846,0.878685687430403,410.740851013678,17860,2.93168279124801,74.6222102036241,0.963129322548644,4.55847533361188
0.0406567726875313,622.577853772072,1.09046970868578,489.700144182612,296985,2.60739048681675,25.0971909933834,0.99528461424698,15.3010386659534
0.113148400436018,180.427082961644,1.03572167258346,732.332056450268,94179,3.51667892494013,31.6720325336176,1.06720054165595,19.0021991412079
0.406421583742921,312.53071904077,0.893269450610831,733.670762004583,173629,1.77088820144153,27.6297875241964,0.927596634276858,71.4634496154621
0.0819917425560477,270.429687701627,1.11602992781773,505.609155483682,174636,1.28218801747413,89.8449359798708,1.02393050438094,16.4562671052963
0.177896121796036,527.542921871426,0.672218857068138,546.995254348239,235061,2.47733359121903,48.4969189869742,1.08847954445616,26.2615600070601
0.433682871710489,376.746240787686,1.14596463203542,78.5099633854341,167734,3.09742096857672,52.5297581407273,0.911493325937434,17.8587537405205
0.0859134024602869,118.463015813316,1.10786472509001,339.081866480409,54573,3.24800734833965,58.777843671002,0.912001352996952,4.36269315115191
0.0505410494529131,157.917213903196,1.02496609539434,378.716220519079,73668,3.40597409416987,88.6978297940182,1.01094847452353,3.85620910496296
0.247423617589205,30.8376374823827,1.09073264527725,580.790905289471,17685,3.19464798304622,26.0624695721601,1.09201515921887,5.94414607534488
0.158185560526483,358.746673021762,0.9262893041056,580.384779002739,235654,1.98300788388475,33.8963705784888,0.944094728473358,26.8995974814029
0.286070098597089,1101.88059747151,1.0050974574586,724.40480784148,477270,4.05819894387601,76.3872341605675,0.96615839394324,268.022867447246
0.403864396336903,116.92363709313,0.936358842424667,731.175931407177,58722,1.35112104695759,97.2919392030698,0.919729594909575,29.1164866571649
0.0772027591948442,854.970507714649,0.81325711830477,273.450188001479,473186,1.79341551820873,73.2089815972756,0.97244944608737,12.4386356875207
0.2945425514316,587.825709329317,0.941316478416707,781.677793549583,366948,3.95751203607646,44.5842601350642,0.908866496004016,127.100528251756
0.257699292591033,498.683212315724,0.754479199519155,68.623389643968,319112,2.11890453642101,63.9898321589963,0.977818799548949,5.4757503074055
0.0805986051464678,597.172857939512,0.864167502504471,730.353790376384,322994,2.97389376643762,98.1235356686076,1.01109755498841,32.0409365499525
0.315759257909201,953.094051552526,0.768465244356146,146.958048343452,413537,2.30879096342224,64.6057409925843,1.09500096533685,30.0732050686759
0.144083804751778,131.464891947542,0.673732673676833,743.165798000158,54353,3.02792484646401,53.0130722296152,1.06367759592839,7.96313721845261
0.249038816086566,606.071311072435,0.793117113833944,550.762186039984,252872,2.38662319978946,53.756916612904,1.06441308215507,59.8395858514974
0.0503134388957603,844.214871201582,1.11119233091086,465.391775648938,348849,4.9768319596242,97.5275131443798,0.945628864914439,30.5515668912339
0.235196188034675,707.445083494293,0.828648462385383,706.133070273358,293823,2.42991035743259,78.9187395048779,0.917446940433769,87.6937470835068
0.160167099340982,844.454660852406,1.04880218938132,84.5522920598711,416557,3.50819766959058,76.5379641716535,1.02061494082085,14.7201510535023
0.412966793480824,63.7267018118345,0.705118712542897,262.296809391799,37063,4.55337287060351,42.404074126806,1.00422763901115,4.18932272020422
0.0379195762287105,794.342781823375,0.854651495500585,635.618135344271,345660,3.551739977459,66.9613478322681,1.00330077531553,16.6338245320021
0.215117564709982,458.383946513568,0.668913641601106,854.854636299277,267480,3.26342902043843,51.7558898891735,0.921801597240142,39.5034407593503
0.234631397824405,336.124591246376,0.683172638020494,412.052255097861,190201,3.27691781902483,43.0151144390462,0.998776978852665,16.8373299446567
0.365252977386568,296.034638404326,0.970461827934041,295.823399001879,170797,2.98584284369354,92.1664214510578,0.930071148119914,33.6831500885959
0.291400911794203,626.248471139042,0.964489090469407,542.799613999545,310796,4.23032160561782,53.736685657196,0.984422918742368,109.024412936293
0.336934045225149,811.819090432699,0.728023144412917,641.199489767499,445607,1.20169631344553,46.2090371853548,0.912432526528963,91.5248576656703
0.390754149969361,411.209960688463,0.884653916573279,449.097879835459,248592,4.54051963171731,94.8790297456276,1.07137851988171,77.937458914858
0.432479457092513,805.756299822467,1.11798370018677,882.875148526767,412537,3.34516888098257,39.8009797342094,0.902636017261184,373.732430192835
0.163798993394011,478.760116289237,0.70452090520589,547.266773417013,201676,4.39549288502299,80.9128588537392,1.08786462788907,27.8561646186615
0.273631125628312,107.863380425764,0.611526319844109,84.0324081920558,52094,1.04157081017683,73.9560358348197,1.07257836454579,1.08907049121797
0.421652958435208,75.3718336861835,0.991197084398143,261.901256970881,31691,4.47710561584647,94.0363321279214,1.05052161451386,10.6190394272416
0.494831054172878,45.1356382058812,0.632098924853211,478.114679371924,26615,1.48055007669307,87.4035353175459,1.09651011645715,5.20952315721403
0.445864462411444,317.883582839988,1.18796414314347,712.839243066087,190695,3.8848720255696,77.8971413454731,0.910763999425517,152.340458669278
0.192018958685945,351.355771415354,0.965772170279328,258.764631602959,169281,2.66608557155137,48.5928745522822,1.02831942121047,17.7241570053864
0.105631593437139,705.3278712094,0.882237811706383,977.44456773155,359251,3.7242895643917,62.1676758452912,1.06986041809434,69.7163612234751
0.249802343329228,802.867045375641,0.857995524014584,352.630345278679,371668,3.51275895070946,95.8371821010385,0.925323419306154,57.1968804425315
0.373404311399661,60.5230762401224,0.943842395110159,555.856196517559,26376,1.65358618826897,26.740197293612,1.01695499573331,11.6693501715466
0.251358844669116,250.660554297913,0.654374662032129,68.0180654944891,111340,3.05845505779021,84.5748867865029,0.978784381738934,2.18572429592729
0.246758623023698,336.680356355875,1.1580114352917,890.646185359264,137856,2.10892189277816,43.885776284041,0.987165422669419,105.447424573832
0.420732906330082,520.612006262584,0.975385241131127,799.392920848924,274258,3.24174737139205,38.8762707470344,1.08250481707705,204.128379471826
0.187087851742921,124.759053885991,0.710387098566545,235.685104080813,73113,3.95201313221138,42.416846081674,1.00773029005495,3.18263478219187
0.431299390657706,139.125709843505,0.937548632258798,936.574856677851,67836,1.32503365832735,29.4813243622635,0.918652408969265,47.0490492481232
0.209334352466345,760.19182631735,0.679953903499807,350.047775607534,471951,3.0630496941241,99.3984868214626,1.08744323476889,33.9433306729527
0.170834221782386,719.651229214069,0.610531630534987,707.576973961111,402298,3.47051928304903,90.2401857418859,0.937042234112579,34.9918848833397
0.232455056487853,155.667164685015,0.978310191128399,828.02750211577,91146,2.18146981438886,64.0791976474171,1.07852736329441,34.2471858975502
0.383599009750686,386.665720889438,0.989090005122077,753.868738175322,203877,4.81201393118403,78.6327383917819,1.09418414421707,153.31819964341
0.0717409936533572,287.52965389202,0.950217949682049,921.703644828349,178455,3.08121130202732,66.7446522192631,1.07556749263214,21.7480272935144
0.106245415777289,606.166628576872,0.710089922616014,871.061022323673,395711,1.73006835938373,85.8684208338124,1.03542675556178,33.9740053545797
0.476207964574915,551.267920407418,0.96205791509686,994.88093838703,255596,1.43115304719714,88.3573893667758,1.04871036396462,279.094984781511
0.0959908974168651,136.737803046244,0.633906564554712,223.480841947338,64797,3.16663819666146,42.4592821114901,1.03997344875295,1.44587321082382
0.288186385786217,816.556175112847,0.965543013343153,339.523711165365,369757,2.50095352450772,59.4810827987684,0.992104877571013,79.7907403943461
0.29386408866435,430.01843977669,0.932410211464571,654.414574060048,199047,1.77018839107354,72.6135800642178,0.954883943749038,73.940472168207
0.24991598640462,213.408142552342,0.99315289850346,746.394826597004,132199,1.1227939471431,98.3830622956206,0.957000545990206,41.8924710140212
0.325925171802641,337.392693200256,1.13728536345144,557.874801827924,188374,3.26640032015152,76.2017034322124,1.04623357225723,92.6533712028113
0.122615095640833,406.37297550356,1.11021486314372,120.231946642284,249381,3.39440094733465,92.3226258058118,1.02520728966411,9.29728077551785
0.280804511210607,403.492649246391,1.18839251493752,849.515465460363,172214,1.56721040472587,88.4584038240316,1.01697680679383,161.199554770127
0.19236489507098,273.472890796976,1.18574461976195,962.830638220208,121711,3.40695219908122,68.6547297758923,1.03052176758488,89.6554940760094
0.334216957218303,340.053574587217,1.06339181602425,435.241001635075,199852,4.80789101883039,92.0241520046417,1.05495724708618,75.5955293707645
0.0791995362528432,19.4571147442567,1.17385177330664,263.571857613904,10567,4.91318243995896,53.3066295868926,1.04966818292911,0.711705370541305
0.289729934251343,953.289962365297,1.12037033153347,68.3480672139832,386477,4.55397174622802,53.4462647836234,0.92107928115848,27.1434968152505
0.100782474137829,180.728046744372,1.03654946993698,275.434084288906,86301,4.22831432334296,83.5724232432002,0.972607009941343,6.48951977771907
0.146535100926368,52.7148724229749,0.645230552786253,714.922836096501,22908,1.83747134685333,35.0907749226258,0.952793427356817,2.32948319138613
0.117167802158556,577.367128212189,0.629429932961933,916.009918289094,327196,1.62574072998372,47.9368913093814,1.00764773244483,26.8603267042673
0.0995905121357204,662.122230375906,1.10255974050346,138.837413110178,387194,2.77979040914142,70.6429338155007,0.912283216474316,11.249167113295
0.414598366264727,929.784865650359,0.893793514723019,575.596227803833,407101,3.47852700527421,56.5049199150211,1.0524928094985,209.581867842531
0.149996708153836,540.481009152981,1.08876401062495,710.754686086241,247261,4.40271473603351,95.5542782416171,0.921305466752545,78.3308245690686
0.46429065311358,225.683234158975,0.787750962393132,312.561780050955,103478,1.92785216454721,96.8879552214352,0.954280405182124,23.1452528740908
0.485263997419144,757.169686641408,0.838589914993808,591.402187211787,368877,2.91859160208133,62.6935981610342,1.05654830104421,193.342865164828
0.289917630269178,722.576401771608,1.02011203260716,729.486004705484,350157,3.58976096782738,65.4296417774261,0.910311996583742,171.76810232485
0.0800705501062059,276.978328234886,1.14919604215926,845.833280978608,123889,2.78237541813768,79.3470318867828,1.0320402137112,28.1792057089864
0.193528639255995,799.688890973037,0.652656884687332,479.874858278982,451801,2.81677470831714,59.294869392563,1.08489565435888,37.2654981332846
0.400888809040625,98.3468029361531,1.11688688678076,760.464357973013,53081,1.90046864411312,39.2573850955358,1.02352756343756,42.9780086666198
0.190021457061565,1165.33218683628,1.07580763492762,336.693823152857,491362,4.9466436196443,81.0226876467198,1.04253149748028,112.132092474031
0.0526384369683665,778.289576848295,0.789323562437913,252.394409433551,430264,2.90077313362977,80.3339417014749,1.05845337450451,7.98627402921103
0.282824606354812,704.46662566218,0.813129968478936,227.948058786134,344262,3.13096778162197,43.3735827543835,0.94444926443723,33.0236307900374
0.424109217233057,1034.00046206491,0.627876886333146,390.92909523444,469437,1.87423716514732,87.4687389835756,1.01619278360251,81.1571731255601
0.400003929700316,903.555329936795,0.609444366670031,84.0856976994066,361433,3.05654687332727,71.0236897315121,0.961811343206038,12.5993290094532
0.0958103386638731,185.861508894149,0.886203675814637,318.842245781987,96038,2.02139823413723,42.7226207736524,0.949899075845061,4.5186982950605
0.339654661062109,427.334792803646,0.657323787298386,669.611683221067,221636,1.80934500553387,73.9029358126528,0.938491283017111,44.0954527753968
0.118047089083467,85.9261417576269,0.716401088649128,665.52309480213,36680,2.10288900377174,42.5207144717921,1.01708612306054,3.72687935347736
0.116921691930564,450.585222561516,1.108060319716,119.876116166917,195439,1.01103859402112,44.8924715560013,1.05890638531076,8.5560290361944
0.438295168919541,827.863016676422,0.942617034750271,323.044836226589,371060,3.28060444800674,88.6006980102367,1.07517781283769,131.822980208958
0.132337786842713,380.542616767179,0.980179462359668,591.079781444026,193835,2.54992002209137,94.7118676929864,0.985717189228372,33.4844678445984
0.138991199793825,302.440113087689,0.712487598499152,352.624530627948,165817,4.59475607677572,44.2661993768658,0.974579800039588,8.47076431271229
0.0103201614730368,628.576708440339,1.09719708267265,447.08862297943,298083,1.16282869445008,94.6038277813889,1.03746138042012,4.03692727826291
0.436627826721504,1036.57988716282,1.12078786346385,727.170219259976,436230,1.172801203423,42.9099134876765,1.05607184837047,445.843519422062
0.398371458472476,58.9841894259133,0.913996556227826,58.8034879837985,24744,4.54349406925033,33.7950524156939,0.950663867334479,1.25575596280778
0.317391178194432,311.003155019369,1.1475346631272,312.573866884009,193350,1.50657856881736,29.3667908553446,0.959458176842207,39.8421816009193
0.377630224330033,154.194745394267,1.10689717497275,185.253631595766,79962,1.00864041649601,43.1584930624475,1.00667866383019,14.2440728662979
0.084503798038001,683.687875761953,1.03879450600466,171.228723626267,347982,1.71565545485206,53.8934905507926,0.988877137567989,10.5488744791025
0.234578561347912,133.186691696607,1.04044554941618,961.088205624885,53756,4.29550470039042,94.5661285081978,1.04115754661194,42.0734069991165
0.182097499800903,724.704881593802,0.663236084370518,407.732314984297,332739,4.21085633104041,43.1618499779522,1.00089699819755,27.4989520935249
0.0559504978659381,274.269663787955,0.762501622617399,550.734155664158,143804,2.3605288433738,52.409900871317,0.922319821144517,4.93565660478814
0.248203937755313,153.00103759103,0.640108331890606,747.130792716151,100259,3.67212366903941,80.0616906057679,0.933190638957621,12.4612818071427
0.461162428667891,967.095947364848,0.605208725535785,95.0751011170477,468240,3.02899882934331,47.6555565990461,1.08038176876413,18.8252561016211
0.0296289683348403,16.3486062184637,0.694985718830346,278.971506629813,10243,4.61893995938362,76.3276113759685,0.945479672965986,0.0763188510893622
0.152815847611959,512.297377589924,1.12829230958816,840.540397976527,219451,1.22569390166969,57.4058364436377,0.91001721828358,81.0810342274356
0.111695058740795,26.5594475267851,0.743924435421631,868.891082518987,11791,4.25271651494653,39.7333714494379,1.04629091165745,1.66600263958987
0.126691860296191,475.056856064831,1.18209237755503,404.303374608762,242313,1.68239467770984,80.0544175726852,1.03680222876893,37.3661088376796
0.455132930420894,484.276277512896,0.958374599736724,406.11851966918,251023,2.56648358972704,27.0279125017513,1.02001520373096,88.1355271360665
0.239353836574802,387.191818990046,0.742355092580814,769.052033253438,161509,1.76782860573906,46.9251118804734,1.00045123089295,40.7643605008384
0.238486712340511,119.733709643793,0.898278482090528,330.316715412376,66948,3.81045763837656,51.7136154376284,1.09391607080936,9.17499373293972
0.382682064803088,330.244702185114,0.731456893620069,161.239377082998,188817,3.71330471901303,59.3663691240727,0.923966459183691,12.0900887473812
0.0857011799624136,820.689929051123,1.19038413490942,294.658677728554,336459,3.19159040679611,75.9901923982105,1.00203255651563,31.481144384116
0.248760023509025,903.875768438701,1.10835899034298,417.977495053986,391416,3.79265214721462,59.4553745639528,1.01280898869401,131.590305832079
0.220692754919319,616.926710788948,0.615743273269397,99.5944741153434,265845,3.5582591224187,69.5743084214662,0.904498583676168,5.44140584244564
0.302486238367861,500.636503588666,1.16866561888048,504.746241490166,295327,4.10576822273707,69.6834308813363,0.982398484960868,120.06775179473
0.499783274592715,166.148727805607,1.03263906438173,753.007137134139,101107,1.95762660516219,52.9953737422006,1.05656042507773,72.9250076077495
0.387029958100203,220.325094343498,0.649428751212767,538.057887256439,144378,2.71565045976288,95.0478449316024,0.994219751048587,22.0515464896981
0.204954194478539,142.065676848423,1.00238264779587,118.300573488782,81786,1.60650611741691,96.6890373157332,1.07505568995818,4.41412502358228
0.415500995614283,285.178939279993,0.988156018779411,468.142149778661,125398,2.71837425688078,68.6388163070849,1.02895978637789,65.4464391304777
0.0936470980231153,197.00366969564,0.73127324748455,723.459377640691,113218,3.80676700568136,30.3768160221574,1.05321707280998,8.63144826033664
0.0249272062913905,580.023819907805,1.05506802000455,105.19182129068,260205,3.76556464313741,61.8345673191952,1.06089602703847,2.03223010787451
0.110179702507494,493.656214831763,0.65223882198778,106.854830240544,281782,3.83770761317977,38.8314495095505,1.03790004788803,2.873738003417
0.176801662495987,895.580668764133,0.893667108738749,402.071333021934,472529,2.23507011457743,61.2410891404678,1.04987613200527,60.4058310007513
0.260184571155184,244.812487000076,0.605953924297853,235.215765917524,98589,3.6488558951637,39.1362365873906,1.03906210796425,6.22231634188159
0.311413278865188,560.426548841539,1.18124249333685,938.041751742999,321196,2.46986527835575,77.7891434236663,1.01009274969072,264.323477301534
0.456196801435067,767.084705257687,1.05093817906615,602.276423552756,408813,4.7779681844202,31.0321840049757,1.01330659311909,279.975913613879
0.259828464679724,505.314820438501,0.695311245695794,322.959129435601,280561,2.37346546352136,96.4978057296943,0.93797695652736,22.4914271015991
0.255625065866607,206.429575621864,0.80500442397077,719.537892659203,128247,3.41207293617755,39.6531917075014,1.06548784667581,29.3448305143276
0.0346190748132612,262.689905490974,0.696337426684906,406.182598791362,132012,4.0005828567687,74.5492252036934,0.96242746275438,2.14326497943032
0.0271066608015497,38.6766046860365,1.05997047847759,175.50986216006,20587,4.62562971610537,93.7721763047117,1.00714737649307,0.265870237028064
0.280068381339022,336.73079715621,0.635337795256629,275.370618351401,153416,2.75171441381564,43.5914735488047,0.949909111588503,11.3048772005345
0.224707520491689,863.436071628627,1.10424399333823,660.609920236407,372557,2.44194043283307,95.0722674277848,1.03917299582125,186.454220375112
0.421198393540346,50.5154546949017,1.16531780330144,99.2823006971421,24711,2.72011270126636,54.1505999245204,1.09503379043679,3.59474599429721
0.0887329965088041,169.19738649826,1.00597676568378,309.054588045661,110428,2.29478540619912,97.0398112939443,1.06038804692948,6.07083169340052
0.0222361144373543,748.848349916913,0.727779270000861,247.895903760066,353410,3.61569796026926,97.8522893600894,1.02381909637751,2.8020242428329
0.230028996285762,609.002352604589,0.81605405748813,241.078355142705,391543,4.73086705603434,39.105992880193,1.01350130674842,26.455981982721
0.126364492808606,482.960978470592,0.886343924885359,698.624291377173,228204,1.50428402595747,87.3315502698291,0.997954251470586,38.2989925405172
0.0343110429360304,763.316177447749,0.962774863321352,834.526070916646,349339,3.24368825908063,39.5065759625163,0.94099428635272,21.3966169050398
0.365053160555338,330.365207122838,1.00119785388701,730.073277661046,194588,4.59059490144132,41.9830465248311,0.969602010368849,106.201970228068
0.0646805699790513,187.393891432124,0.93252882919133,663.441425010487,80796,1.40045817862407,31.3094878017549,0.98127881483426,7.08894315372069
0.308076555003808,481.43583473218,0.810788352493113,920.629183226971,199676,2.97546164306512,36.7402709873633,1.0889138149682,109.573404885999
0.147714377581776,671.72970672651,1.13455036833894,105.472761403082,290404,4.46091838344178,72.4164226185331,0.985116570807202,16.4824708661929
0.0950130646739608,855.764359786554,0.648835234810775,209.108931677429,474079,4.60180884684833,58.693954753884,1.01723807095919,8.22077055192951
0.196078246230466,73.6710181974056,0.879753632546097,443.686512887006,35306,3.05740864461167,84.3208177876626,1.08448490812235,6.33647525170893
0.402708430349247,613.821862772918,1.06533890308049,403.829061328674,254190,1.09980753787087,49.8997611119967,1.00368528156227,112.661225782286
0.202125852683241,300.648186905905,0.63652359917484,447.149022814871,165131,1.42255671371129,97.6468425475794,0.950289955972807,11.7419810976405
0.377877128113417,590.790444884246,1.02320113008678,246.132159790571,254648,3.34686698096493,28.7404405614531,0.976201221319616,63.2879773232477
0.0714882854315838,19.5673261265454,1.09182697365199,192.028149801217,12963,1.49543442586538,29.7201965801831,0.975107840090557,0.318828432127712
0.388657995635889,236.371758031048,0.996498779116231,533.733585085032,157199,1.59767110764508,77.6031174113602,1.04294351294043,52.8493404411192
0.126097329204258,926.741647579916,0.607762135365214,931.649897865354,410115,4.08846839112846,91.5654163729645,0.959224146092005,45.0799194397724
0.341922633645548,627.36400389096,0.708082216279324,422.370989232421,277417,4.002768234302,84.6625143725612,1.04605771555208,59.9673251826832
0.287232961872088,516.94489708175,0.80526784733517,91.1855534135517,225841,4.37109103770189,61.7362815900185,1.07784854237735,11.8695713425912
0.465280911433727,348.65296061968,0.740214021382828,720.858975745048,143477,1.42294054602442,45.2231020978765,0.967214602342742,66.0602999799889
0.199788033807904,242.237786724668,1.17759128413646,326.549660250816,149723,1.79257952438727,26.0088646978536,0.927068220049154,19.8319366125884
0.0424209425288758,332.83035860936,0.990956348468276,282.840256939647,192167,4.3318457194346,63.2088590439832,1.02771087019373,4.6621026808404
0.0193861879201139,1004.63683047023,0.778182574410942,358.045100663064,417950,3.88435043479117,60.6727147981957,0.972170893504799,4.95962059173999
0.415160694876649,811.178514690621,1.15781849919927,737.624747712483,483640,4.22382451131216,50.818442460268,1.00679723342892,381.01861838709
0.267120462454102,479.848211418148,1.04435651968571,827.878417526789,219889,4.95898269963169,68.3554590979364,1.02683312636792,148.365002872995
0.389869585399125,400.575832037052,0.770764327096225,608.653263972015,197283,4.45772642462281,79.6611023035955,0.981548588812182,69.593871352954
0.124868544005642,670.370115395557,0.827328941641173,356.354816033574,423429,3.08185300339904,77.5666177171182,1.08493889035802,25.7208472354932
0.179091035301485,382.092840510699,0.719657314982374,344.954321461414,214026,2.24307273918903,44.7439631338162,0.979922930834094,13.0171520823922
0.0247508973835463,558.546041840621,1.18264439895949,168.09293241019,276457,3.2787063462988,68.8977766460945,0.961474865448006,3.58780407203494
0.481131239041315,273.437177563329,0.910377897534044,936.635995823435,116240,3.55434620093781,36.1580858937999,1.07713504421978,128.427852348359
0.337255274283399,821.221978444575,1.13763401249879,656.232429020379,372008,2.34124856503848,34.1201382916266,0.927260344685162,229.508623852537
0.46727049300206,565.401230967604,0.807899862610109,75.6258888630708,266462,4.08374814993871,83.9391877194338,0.924841785757118,13.9903953334286
0.140093239640245,807.8124748553,1.11650496185849,679.248740427347,404709,1.37101517063155,77.0309426571652,1.08713964152113,114.216647425625
0.309617169500574,702.540782502027,0.632332109056298,474.795752983833,390586,4.11757140272684,82.5946675473722,0.94179368282189,47.035161466804
0.342464984463393,175.343173712029,1.18925419051457,973.930064894573,108287,1.12799407472779,36.4346705653166,0.929687480724928,79.7152461436525
0.165599353126218,683.643946130188,1.14722062021998,828.115383566087,358102,2.99186424288596,93.5963942027845,1.00703366080391,148.123421809331
0.425573525157659,611.754371262635,0.817921766865993,212.749966141158,400227,4.44574585393307,34.9833709916769,0.90935769324206,38.6792314900035
0.474109116821121,297.222385356877,1.06483329918875,734.105562931123,173707,1.34598109608559,90.2527726148297,1.02400300014551,128.433056853231
0.443579007671042,168.381141506537,1.0513547558843,511.2877036435,87132,3.07095574597668,51.4284468479448,0.990586159667813,44.4783399645394
0.372142818210293,4.43773379445914,1.14075287826176,227.692905486432,2313,1.63756575584527,32.9075569775604,1.02808239288295,0.497362476843751
0.145957693065227,349.012311700751,0.784352988677287,713.802911963452,226001,4.57926300024374,46.5076720424144,0.95678738070655,24.7222187724526
0.14799186063176,369.479534993097,0.87931200318849,570.018199759533,176864,4.32938210813452,38.6086010660412,1.08109444286979,30.8887305629509
0.482046557018559,569.607254701614,1.11899976756363,78.855184832992,277900,4.73566897317395,61.8002289018786,0.954116142545069,30.485836127405
0.0150394030084891,149.654787358911,1.06714767248113,664.258553002385,94832,4.49992936612037,96.2309011029826,1.02751293710857,2.14504612077144
0.360864486888651,1050.49414715557,0.836080031244167,653.237735369319,429973,3.94621323946396,49.5903371186889,1.08901837012552,216.370601301755
0.356060619652078,207.31199580761,1.10743513974727,186.880902998889,129620,1.73955678235401,70.9074239261585,0.980161857668257,18.2930286703115
0.315117875065401,268.422835231241,0.628172423539441,381.538340646858,113988,2.2100104626756,91.8790656804973,0.932285305658569,14.0572651098573
0.495153334582564,361.388606984759,1.06922778177779,606.604022213488,240876,2.98742063323203,72.2555447272174,0.913676495182367,138.361960384479
0.162820923524225,595.396367241407,0.72405951566022,181.843863401393,249927,3.35558712605889,52.1649355652323,1.09260359936152,11.4533357383887
0.176586213258692,164.626679430497,0.771672544694272,860.087208943019,108327,4.12873358125284,99.3129345381909,1.05274029719879,19.0210283065962
0.0486803074438122,308.548076654313,0.895928906157356,76.1117439733186,136658,1.90783851274824,39.05602010804,1.08379041201416,1.03746576518649
0.226971086906431,159.51525378464,0.869840700641984,147.695544220887,85683,1.51310957658785,64.2442011171631,1.03976661063196,4.47561893608735
0.137913777855076,804.665798250609,0.912342064121929,160.30157386214,359512,2.93044068237454,84.7529124052598,0.968489700837871,17.4820681798134
0.178259484067046,732.694884020109,0.926865357403214,551.701769676302,385275,1.63136564349168,25.0486652182918,0.924603317196676,59.0205024982032
0.418940177225258,363.982507420132,0.798916614618898,639.108311560194,231702,3.77494720931829,77.6532439106828,1.085861371855,78.4130626430984
0.468387411628473,810.248167465625,0.705136507810218,433.553756676412,357330,3.30252356036687,44.9874172529454,0.997923808826188,93.0134548098892
0.101009205282541,578.585518821257,1.06108873757238,324.233486284758,368232,3.96443118807554,37.7295042018908,0.979301799255525,24.5429379274282
0.192529376461198,169.546008396849,0.839985689452285,818.851506844279,69999,1.25374623862043,45.5645847526219,1.01555841224782,20.6283879535554
0.465028975436543,749.311229093775,0.903504517475435,114.871684540099,483123,4.85879024177682,97.5112319379838,0.921311864286214,37.8187895848386
0.0402861457377191,812.898994954372,0.986818031010671,316.277268076152,410695,1.00002214670295,91.8951444429764,0.961840763874897,10.2546435048605
0.0552566587745755,229.054798651573,1.14578275338399,87.1597998637722,103037,2.30176966005414,41.0315842347777,1.02757522141963,1.48585183184662
0.0897675847110524,177.768270058113,1.02453169868413,63.1956282179546,93896,3.71853917346496,33.7770079838833,0.920024589271431,1.08658127290869
0.301654288722169,109.396358498911,0.627275535354231,385.710892585591,63705,1.18056829544848,52.3114453385851,0.927048551792977,4.83215943220931
0.0837314127929388,158.251580936753,1.10313621803881,235.082479322685,70051,1.33339832543043,69.4252360075055,1.00211757281821,4.22258439971975
0.484357426910859,855.086889727678,1.19361300907651,304.947562096334,374333,1.30672574891288,90.035847143584,1.02469142492022,193.689979835845
0.228890118356675,570.198223338548,0.883491015222829,829.89979958222,235357,3.32603890688392,97.4567593780058,0.937400341158758,98.1042538431251
0.255743800571582,734.863855114086,1.18175420187276,204.83109143676,391684,4.58370126015415,81.3365026129824,0.906616926891098,61.206678007993
0.130862721744649,749.096278878346,0.92839724540589,791.221698794211,373381,3.22174791084905,69.9255409526242,1.09167337855335,81.1997002861511
0.240770523693019,563.972705906392,0.87576959752317,691.298091989045,302702,3.41428540911869,35.6749019598263,0.905498531576511,70.6046702997408
0.334337679992136,603.552334560479,0.798842858836473,360.123248883791,343497,2.38400660483196,30.5521282279983,0.900410408304128,46.0821295814016
0.378076797107481,22.8682438562606,0.994532925500003,569.228337917473,10159,1.07496463462213,69.7020158896901,0.96466811376564,5.16783003436095
0.379395360527857,288.04716693722,0.737892252315027,472.213829285812,156577,1.08645887100487,65.4298079325195,0.944490633755114,28.9033293542323
0.293166645220103,615.606056793224,0.662960531108643,171.975549722782,319273,4.55323986592365,88.4566080800577,1.01471727241964,18.0542335751174
0.45313628974699,10.7805039231249,0.616342261550528,911.826055647467,5663,1.41028975487859,49.1954388141328,1.07884177536822,1.99637020051033
0.410529845179994,38.622001693664,0.775428067629158,591.137069206472,17455,4.99915748725038,27.9768143012358,0.996221534487863,6.61167100970049
0.380953576202326,1030.20337392075,0.837462499300223,886.228043505682,426092,1.65769044604511,56.7781201818275,1.05466024176339,263.73442790424
0.0372467056234257,741.743435711293,0.931246017768749,832.635186222626,342329,3.69853777582076,97.6886727953304,1.08184540769579,27.4348551089074
0.0133702014876282,263.046578388296,0.775649895112204,125.787129043952,133419,4.79582188872362,84.6681178702392,0.937879930721242,0.343157312111172
0.114099165825782,784.716645773909,1.19043574343125,246.90713271753,344294,2.4491571105681,27.5329130231705,0.997662177224401,32.8110032195272
0.335126561017592,848.758107849684,0.775047100944701,187.998058656089,396436,3.93773275499196,90.6009177923631,1.02841399991975,39.9170651273499
0.211486769552447,240.474449928284,0.864585233067845,839.240556147573,154090,2.40342657376934,60.3767117215988,0.966376647584069,34.422840119037
0.207179067056663,30.2888861974024,0.66196569931914,869.324295132442,18982,2.21976422704578,52.3576023863467,1.04795042219769,2.86763322749365
0.443447575232511,717.372123981755,0.756375908002245,551.572934317948,466457,1.80721633030176,51.0054655602094,1.04106299504437,108.222185652185
0.448825795584601,339.008644433614,0.628999283873395,148.969168882607,173245,4.28373962759546,69.6358189779148,0.984218856830284,10.7125842335551
0.455495879386257,125.907749814506,0.935705180062397,178.835787615865,54134,2.02954825443659,64.7949563830572,0.917590750684892,9.44221198701859
0.163800257492363,446.810777005439,1.05063880987946,822.871371816354,246437,2.13263265162343,74.2470433126197,0.902313756696516,68.2831985743136
0.348617348242238,724.395528952834,0.717425888601641,932.730629702864,384466,4.99587896879511,68.0231098780035,0.97386991243217,147.31592449333
0.143100258824441,268.902464248073,0.820746562689642,239.501900855124,111602,2.30924174178128,35.7958431131289,0.91641376902352,6.53463463945734
0.10339881820648,316.591994254274,0.609969736036296,60.5806976485644,135475,2.6910979553282,44.2927006568739,1.05632488864165,0.836052843822
0.100469904100211,264.384850243596,1.10371323343333,364.405259893239,122115,4.96022183109934,88.0772179076376,0.966865156653796,14.2809924425976
0.177632734223161,876.060821331532,1.067978114959,78.9744201654873,495845,2.47720138166971,74.7443886021723,1.03321965515834,16.1569417585168
0.220679233692113,160.902095693431,0.637952418524575,836.576170274136,99504,2.46460802894347,58.6300469061056,0.969275797460092,12.6356463851798
0.417165093816984,436.905411814069,0.818920565592247,516.936644364939,288185,4.31085786485544,38.6951073875399,1.0591876833656,76.3784723888926
0.0687466358016289,743.575087288774,1.1731719683097,659.767739824869,462707,2.24772147395077,25.5768276982984,1.07768249932396,51.0740603627825
0.370113665223498,133.191708357703,0.835216233647386,440.910632329715,74301,1.93514441456963,48.3915552391464,1.06750282985255,17.8802153720187
0.27041290795276,996.055848895111,0.91572520603441,378.232169661858,485457,2.69284102070129,29.1135217695002,0.996894712795971,89.6646134985252
0.151093217911236,741.010727207419,0.813145716606213,261.090392422281,473792,3.80256320230477,61.1713099815591,0.916790322173964,21.1482671559263
0.251481596421084,723.870441583638,0.957678832876957,782.005919686238,442402,1.17297209991706,86.6351089568656,0.974342221158686,136.66663161038
0.156971614190741,181.662623933503,1.18689412538209,710.770205194753,108063,2.49566410887427,46.4048996036723,0.984891198941017,29.8998233481727
0.30208015806677,676.678324420344,1.19850150208872,392.692535271282,317394,2.38497960778336,88.5815621166287,1.09205080217138,138.004955273165
0.22258352219907,805.449439624749,1.06482898680671,355.060327584224,380685,1.97927338904813,77.8423297064942,1.01309946104142,81.2349446500324
0.0905587092486506,1011.08492454181,0.842586658812264,51.1807347162451,493028,3.61714934361738,34.3946747016149,1.02816924657929,3.69684348200168
0.0671257065322914,159.349895191496,0.896659320497393,110.374523543199,91031,2.15996032165471,73.3421418452187,1.05640071620041,1.10736985103215
0.277880884215344,717.101008300505,0.814038796867383,642.092748648003,383247,3.42692623603201,36.3759855479157,1.01364049344207,96.3287229584893
0.452182386310191,271.536246539829,1.19134477794261,538.876944723689,170062,3.01734736581851,74.1093190206189,1.01969692183655,108.514779274442
0.178539266413266,153.028288535303,1.02465618349524,463.063044260771,88637,1.86875948330359,35.703586354608,0.949065559466921,13.103730331623
0.369170052539085,506.555990081183,0.869358867260107,836.127128761576,211267,2.06626422816873,54.4383524511674,0.911773321512255,112.683704778216
0.332744063920486,984.745105111582,0.607269162065761,528.703294182704,397124,1.68240021322626,67.4945702678645,1.04427717582181,74.9707339407312
0.466461908011646,500.318777070763,0.912290048634329,415.268902336954,232960,1.22651685940383,28.7780628567956,1.06973693947089,84.7823740621288
0.412280698476579,650.666833971713,1.19035692102097,203.193530148736,269224,3.47675385241965,36.4981258640896,0.982400036665021,83.9309657173542
0.287636576863677,1066.19622851124,0.913836545383831,829.653607803888,497585,3.69115477565734,49.0306618789185,1.00978289064964,242.362180880786
0.331944944134713,306.87694267644,0.709456011293468,597.435837615128,200155,1.66399997443468,59.6740064328896,0.961457045467141,32.6568012465608
0.450209368626177,769.215100995538,0.613256248262865,137.836967626619,308085,3.46156953874429,89.3865470441076,0.990044118693147,21.3893660862329
0.205764204447598,293.019201950169,0.812822254874525,666.453478097222,183257,4.92833896023031,39.0454816265487,0.941777945253291,29.470568399426
0.170129405870311,429.980434884677,1.15093683341796,453.817208213989,197000,1.29760837975129,51.0603212876894,1.05197736162099,48.87544025753
0.0152974309812462,610.206103195411,1.19793246490553,820.816912408596,348125,2.96148348999545,60.6832177210135,0.998382357555019,12.5741615343267
0.415010026353817,887.350493840042,1.1672207848872,922.968867146196,469006,3.93215285457542,47.1833916992027,1.00943131064222,523.001139573852
0.402480543197649,582.915124156772,1.03765199595255,620.442522517434,271637,1.18403679131891,71.9310834040653,0.907417615652245,151.413205525295
0.0611827138690742,744.44770466906,0.934885637064393,745.032178347698,384432,4.11309397599046,44.2451826081978,1.02447967845867,36.9331671631217
0.292660116755023,79.6743533261914,0.954411687829351,103.761305222057,45514,4.91804494837154,82.9262815834932,0.940531162401558,2.60027921436507
0.237351032101775,195.126372005874,0.923395205455177,582.242682251099,106368,1.35395145413101,62.8865571138387,0.976678928872974,23.9976966512306
0.0681674567994646,463.267210485662,1.02422958295379,767.5729794377,251564,4.2889196218637,31.4728662595833,0.982543140019168,28.0704250030593
0.490478431259755,27.0156730910227,0.851323936017211,521.924042004199,10985,2.51432617804838,72.0249171423968,0.989746519497618,5.78302847292057
0.115200984857044,292.323811687049,1.00152240297346,613.87258502912,127174,1.57646480973605,67.6932627849068,0.945487277822953,20.6652251028822
0.042944748244375,507.622546238345,0.672967268974321,904.000776301992,259183,2.97277283678539,50.3948015655005,1.07002204494313,10.3510908802877
0.301475215955936,14.3889840906896,0.75941718393689,238.194593429639,8465,1.28607494312486,25.8367808791766,0.985570030140925,0.590868656453543
0.372044671795186,307.383630793815,1.10160182328518,143.334182174316,133008,3.08840563266874,40.0526156630779,1.02242689158165,22.4723339816969
0.0258972885631216,426.726143621628,1.14224935844603,706.111432482526,257501,1.0774271520162,55.4282146661764,1.02278750913875,11.4044980613635
0.332771642976241,490.906077244189,0.92340494253618,831.706460246322,287002,3.91444576669092,39.9935525344973,1.02139693488427,128.487269057883
0.270823019216213,863.87276576579,0.618981370327759,857.965679153435,462951,2.95187874324635,68.3118340704758,1.01186360178992,89.1142216999426
0.0605998543487737,768.919117009677,1.15618414247506,659.562272236659,323028,2.83575864374072,78.4243670444692,1.06452514965296,49.2115208418088
0.0945366997037174,339.334933102469,1.02123855481637,841.552747262263,207953,1.78476597496833,89.2013242563127,1.06252356274944,34.1801947236155
0.288307405684879,754.737969288797,0.848416754253216,715.630995437126,465246,2.44505262317906,73.5236964012812,0.983428914520972,123.479504427471
0.155215230621511,782.948236982981,0.959027365919698,133.008070111451,392657,1.72747772968667,76.675691594111,1.02716920962612,17.2563824564304
0.469774707039145,179.069288184407,0.85786490066482,773.941332490739,100804,3.94156040214296,70.6331398922893,0.920565848905337,52.1633635525755
0.411182712447185,137.135975251857,0.879203536039231,220.391705072813,66290,1.79610119773211,98.9114543209528,0.91815453565367,10.1832475515231
0.491947931191695,660.102075860407,1.13208591939564,274.778875461424,338230,3.46701330820686,44.5750426809931,0.995983281104252,128.174937952785
0.137238711085703,542.527704156967,0.696650548150267,424.918095648732,280382,2.11843000427101,44.9694010384569,1.0800408047212,17.5802933987499
0.485164580071009,636.805086071975,0.662201481289342,348.83871301002,395047,3.62792878369331,34.4750231066395,1.02999994050474,54.7313807856865
0.221304596197863,606.636992696517,0.601637246707809,355.569151387766,369664,3.16181983568537,61.4263244402149,1.03384328452952,20.2630347704828
0.18028420970374,726.453494247893,0.788400225367276,210.796547993843,312981,2.69375452661088,32.2121277723191,0.9315346624159,17.47494200789
0.0346712682149831,1176.72929558407,0.688448259890656,329.177494754067,493205,3.69200333364189,45.2609947673578,0.990660888853768,7.19389653906566
0.0358549763512053,463.613255682445,0.731991297082867,68.6794604770877,267261,2.66288828643292,61.2010696578544,0.980158188996899,0.709505954377616
0.349085515413861,92.6755577470812,0.606743389599226,499.26539935391,57439,4.28548241030013,96.8196711947513,1.05659566935084,7.46191795177577
0.234385207272674,643.594507932515,0.736317248812622,780.161410831316,414309,3.91839383294106,97.2859745380126,0.927564819354454,70.9270182690933
0.120995596757692,267.068600220755,0.799626949159424,869.135000763598,126675,3.16255597805232,80.7805175602417,1.00783820146616,21.0921977648765
0.310845450099364,861.493265157805,0.618940497845929,829.407131011467,388874,4.50824273034399,54.1937621181764,1.08227030050977,108.324426976841
0.133900477942554,896.321242402687,0.964742474578289,445.634833045358,478597,4.31544728587222,89.887095503241,1.07849197793048,65.8287964846949
0.293039559628767,760.055154669854,0.941280209330255,743.905157105663,348701,3.127357578482,90.659185143073,1.07046742194954,180.88642918412
0.186012286021518,660.388956780458,0.658221467105955,323.496235390452,298419,1.27379077480319,93.2648035597414,0.974997062587277,19.2760008295517
0.413540591039791,561.913830613552,0.957005866511041,102.784349081737,230733,3.26398540879698,73.001878616141,1.08822013813101,28.0491167593242
0.412141118775722,286.121495941771,1.19919235116533,692.172949121703,182840,2.42102795824114,40.134459670591,1.06106010173187,134.578830650658
0.243901695079977,299.787786478663,1.16668137168692,666.356356499586,177149,3.16045177121494,31.8310579578011,1.07022826384818,80.6893200642107
0.181901363574158,499.653953349021,0.601602596020598,811.547925689732,318550,3.58852184199037,93.6081628030097,1.086470758865,34.3472710076013
0.187654300313956,890.095767625977,1.07722698679822,635.300896367736,375886,3.57935429940256,29.1659581091202,1.08740025312282,154.415322878389
0.404800117577427,778.516747804199,0.812163165741892,199.047043725221,339580,3.69409617407201,47.1917544578496,0.948012992651998,44.819121268752
0.17080794657083,207.476654914608,0.638190822200776,860.504272447688,100006,3.71707450018006,61.5221325278303,0.925537542355433,13.2267605343518
0.112439093116355,391.956693987668,0.777589928229725,645.890148617766,247500,1.43712567485402,26.6482519655107,1.03817498871426,18.6290745448118
0.0514972875189003,702.283120085274,0.793041909787777,817.229214083254,396029,1.76684932182917,93.0184194008683,1.01264279132743,21.2614154549373
0.23867962923336,428.533266500797,0.913946543585434,785.401764357239,238376,3.5221640181694,46.5340746154176,0.965485301126386,74.0417734132639
0.246244728470723,553.876252509044,0.996650260361313,332.971262863834,268775,2.63268955492415,27.1378599190431,1.0368899013554,51.5634799150187
0.422045268097424,678.248060187683,1.04943336732504,120.82532610945,385797,4.05140658122305,99.5192497919889,0.912399375463184,44.4221284461529
0.118406961258571,520.605672078999,0.74754182553796,217.679188635106,330972,1.49963712905133,48.3544885613136,0.909441663299177,7.3459759106241
0.196685724097516,457.892962365314,0.793062342149098,138.219217597588,205263,1.76609197768216,90.757368061403,0.970862116840352,8.5701145307911
0.406118812057909,805.647908661621,0.785029024115841,281.24181047613,447811,3.23385856974589,59.0105840440661,0.938769324686432,62.1203002745111
0.413575569266997,160.33091979133,0.817642120872526,486.555659374693,82121,3.00299207707159,74.7344425791249,1.04371121014752,25.2234438095117
0.198459427229596,810.192227228697,1.1997937853738,911.470074732219,497763,2.06558861590676,43.0817612153016,1.08960436758164,260.739373702565
0.234970771410474,138.859780532817,1.06676598169646,878.417818124603,60307,2.63337297402063,62.7156495232766,1.03232548273693,37.2994737408138
0.158610086516149,17.4743996787775,1.18499427916122,732.669824340942,8460,1.13992511222661,44.323839431877,1.03095687342551,3.0301688926925
0.466951890425463,1068.99379393853,1.01586663572823,72.9067415704347,445120,1.1481524319775,96.3312910948828,0.901319114683917,39.5566286045944
0.0681354452133743,245.905951659667,0.843762420988371,374.319741254526,123232,1.37970801129949,29.5709059312185,1.00245539434493,4.7294129397513
0.46753721727072,891.413341294144,0.833846510176185,698.231005160294,365120,3.30716981280224,45.6005445628636,1.06342026403503,257.485685191212
0.345094561399318,970.373754912891,0.893148686985027,172.577451997115,405697,4.45486565845261,91.9831657412409,1.0308240730676,58.3326357193547
0.270470354816498,892.119830429863,0.850121870018662,811.033457515113,429635,2.0408931570383,61.0026968130463,0.945556476929767,141.384339840105
0.026002939784403,1206.73896999533,1.09699574765565,918.844995988214,495806,1.13575931889368,70.0063083928127,1.06969504968544,41.4020596019677
0.243042133992784,269.317608282835,0.879001207816016,386.399224305934,147726,3.83450840820925,73.8770028621732,1.09287534484304,25.5071213331246
0.209796571451339,663.071612331029,0.777368616126508,720.550908770642,355412,4.42140895602027,30.3195633830173,0.955798569500054,68.6297675943824
0.08899721786781,90.5402802993129,1.06491616121799,190.793926035278,58584,1.55269114105241,26.3304055681439,0.941418868433161,1.71076704560206
0.331640705715322,426.192806578012,1.11265224562884,706.275626657376,203998,2.5429907837616,95.338078878348,0.967705380930535,144.837418194788
0.48586394461046,942.402388757718,0.852257373684271,70.3826416726911,424138,1.63494736236082,45.3627133972661,0.912631656775534,23.1005471573945
0.285472517421617,419.375623351249,1.00068514314332,193.232931470546,184461,1.42542972243746,53.5234832826647,1.07468653461738,27.901029547793
0.360229105457533,488.274678569347,0.635282720332983,724.387374278237,295957,3.5926741538975,76.1569878042662,1.0858598961065,64.3910451219357
0.0435407217573482,490.672699147446,0.91767891118288,726.257711732491,252383,4.87014590471253,42.7227907804541,1.02666060792663,16.3694024476027
0.214656827950327,542.180182366326,0.626988682647305,659.104570552918,323330,3.71266250248305,79.9803527625639,1.05286696257069,37.5859842993052
0.067015657730603,1051.82090203387,0.617514504296681,503.495823164993,486475,4.93925865123047,59.3681636622452,1.03373013548703,15.9252981217549
0.31026995941289,47.768750882216,0.967754910313643,691.162686613348,28812,2.73758110428117,89.2457353965543,0.975470845857974,11.0218554548917
0.469856257524936,690.973471914764,0.782001229436992,785.110758374349,287407,4.59147915530944,45.8905476824112,1.02640847241085,192.197563294685
0.334271088911103,747.03190606904,1.04552229747328,968.157576084907,431652,1.82033689866522,40.2866860347474,1.06726403417502,304.214568651342
0.0476334936740666,432.104140651388,1.13764953637956,894.208979971175,241210,1.47161746804317,87.3766265406154,1.06198148204715,27.6403588580604
0.183786440442691,94.4711705556379,0.68363470423821,804.807492437818,40185,3.81008020364975,49.4744548744625,0.916211505283335,7.03981014750135
0.279825055926017,549.759484376396,1.03471370314735,710.019640878654,280709,2.48563332345054,55.8901484500379,0.992520192108624,131.315184274583
0.207571800505294,254.057744144601,0.908711998973006,595.447768160749,166705,2.27075041098841,84.5280874515995,0.97946429279145,29.2254307757402
0.418485565132834,156.208016849186,0.667271550097619,164.57838218432,78316,3.68512231199063,72.6682403030931,1.05040174915597,5.92673828258587
0.409188792307895,672.906433692541,0.990955563888435,207.278999993473,424669,2.33393616707795,58.1294417824202,1.00027518790916,62.7502107164998
0.309797199850579,649.365897409183,0.965680081863884,829.265582637354,261278,3.29023268899409,43.7417881678418,0.969940221713884,174.05913499648
0.192994393115026,974.532110489482,0.909385120440469,813.147266596859,466705,2.19782042504522,82.3150726638823,1.04126995211864,158.443047116924
0.13511482314399,708.239221018599,1.15588272273579,633.735979674695,403203,4.13503035284501,38.5323275867543,0.99471570406718,90.6577618376903
0.0618784159244334,715.682845243357,0.91264781766241,466.898126080346,346793,2.24955336198126,94.6209700439821,0.951324805550595,18.3990875674333
0.183899864908411,5.53007293155981,1.19430906927013,74.7310173324254,3507,3.13997657798488,36.2737051842248,1.07808338452205,0.124757145022754
0.212454533431783,493.289886504793,0.905537288308867,360.818095402117,214484,1.09270433478805,85.3700268960472,0.92260956963061,31.2793428973696
0.341153233300996,241.429281121908,0.669511222980821,449.607674687052,99545,4.16692313343357,56.81866500461,0.903617541377097,17.5588798730296
0.332498313905811,1081.53329993964,0.882282750645018,511.52547186475,455489,3.4813510992879,38.9504674700134,0.928782206529608,150.573938115364
0.0443529884242159,162.290154641742,0.709397257533043,932.858368633149,88117,1.76894826797158,55.1784203677578,0.932728650699469,3.426326117757
0.203677064561267,262.443212590016,0.958280091130456,153.273929810136,143744,1.8614935043641,41.616386214995,1.00760844000951,7.90081742115364
0.0990716449365073,397.437252719123,1.01587930511616,542.923573790782,258902,2.04997167401929,35.1995238126886,1.02497310012741,23.5738506829692
0.0868382256052348,284.884132698458,0.881061167224256,399.526182110366,132418,3.30612041838225,42.9366549197919,0.98972222681176,8.46883676876829
0.41537805337125,215.134203594114,0.658621780609889,990.593213255249,105722,3.19326533237209,90.0548854403689,0.940834249055795,42.8801374049001
0.0305384561909662,587.707903426007,0.881184839150132,868.77081546876,299951,2.09545487856756,32.9456790609868,0.926438179758785,11.9594437938761
0.215399609192039,109.246254507562,0.64887252884064,466.846561526975,45375,3.77624916790801,97.9404690825918,0.998430393824745,5.62361873719288
0.0924197913255939,50.0780640050125,1.00927557330392,999.710828887022,30025,4.55616466373492,25.3748840265758,1.01309661752396,5.57301000046846
0.440871805682452,281.930175304392,1.07422093491905,538.360084147921,186750,1.17406191061415,74.3678615793432,0.960792274340695,80.5946468632401
0.282949851504767,567.356792432174,1.17742819633622,208.761906761831,360612,2.66878655129073,89.2383988628565,0.944087989468195,50.0547250805462
0.123376511824656,478.837030628897,0.689281264277074,578.080957235379,277849,3.37408047417924,95.0468236095073,0.916118545369485,18.3124284646163
0.256189370711524,325.079535727092,0.919452201319982,264.895477513464,212015,3.345740814148,35.7989195092566,0.905248897398447,18.4820886370826
0.368428316254527,567.425651662307,0.940522420521251,654.497198072439,283310,1.07814138795804,77.3656372339255,0.921147286167236,120.452083449376
0.479477824370523,332.631625871629,1.15348592026859,940.568166139729,183360,1.84226426339442,33.0511912116735,1.04841588245679,223.432422904165
0.118018542080255,786.696273947991,0.976365984357908,796.888647993277,468137,1.24732288524849,51.4458620405825,0.968803730030778,71.8710856781769
0.444229068343379,63.8956374763172,0.687305787387193,309.505505898102,28397,3.27586029019974,79.8944768130245,0.90548378308038,4.49528752584123
0.46780901594207,574.439299320866,0.861810794377913,332.015693717707,337023,3.58155955067787,50.94799196223,1.00163305437087,73.4971458778937
0.459046066820712,975.124973767983,0.99285751710375,115.823792935796,445750,1.63896865369391,48.5031046210801,1.00721345337773,53.2425615589338
0.321353034862336,743.661539972664,1.02017065924158,321.574443863963,402139,2.33204447736829,33.7040964101806,0.985737755922479,78.2732002141086
0.318612120673007,186.770041988869,1.11784439915434,137.993559693926,92836,2.31921497350408,29.9828570746066,0.922136562407097,9.93151212691387
0.207573210260073,361.835711213576,0.708304271906638,524.476283359361,148667,4.27920932635913,33.6458493461318,1.05099347952119,23.4754624769864
0.378674962328856,551.612528033357,1.1709252880533,722.929725523345,358807,1.77863761811653,90.6606081208918,1.03781631764732,244.184359442055
0.270334068991957,86.1133873114122,0.635483647209355,763.622103424201,43051,3.19325648530263,25.8398894035694,0.978945827654318,7.85117746137978
0.341944654901864,956.175898225292,1.19025728074134,106.55277063577,406119,4.13174205000354,76.9649402151467,0.976163071349614,59.8242966067952
0.21994437288591,751.117416237507,1.11466025571985,372.958103326292,359735,4.31831277158819,82.6468172416223,0.931187022989189,88.892344090981
0.368433267381138,648.689227110538,0.996163669657303,323.763178220062,365074,3.66626437713893,67.5916228095572,1.05070986941755,94.6699153663363
0.413991043626229,96.8196915150996,1.04099730015865,149.085306837968,51020,2.19811100904753,79.8081520887361,1.01991478086795,7.35331027544659
0.0817537657353799,783.070744011041,0.643615203551278,394.347745385405,359163,4.29218629931542,73.9202251768825,0.917158689102589,11.6163451108582
0.418135560631372,813.423539990491,0.624887917736671,334.354103682274,340229,3.96866410840051,59.1668866821019,0.975612691687383,50.0604274573992
0.274745300577251,640.514957986678,0.661059477930819,652.774267872313,415631,3.81787653531708,53.70328209072,1.0807121885137,63.4881947538719
0.42388629545421,34.190398609047,0.652415888798483,889.137530547027,21756,1.26934159554003,95.599899130388,0.990474920331245,6.34067266239929
0.221337836107097,22.8715456938754,0.928428740081661,482.099634829555,12532,1.1730595226062,97.8953494427851,0.964985499860116,2.27322966806894
0.195729837837687,324.255062348785,0.729266392267073,759.331914128478,187130,3.78146119080632,73.8453552718772,1.02875681508972,30.6990044739008
0.458379758933439,132.802224533805,1.11612338232404,188.709848755141,75245,4.77917920493572,39.7974129923854,0.940594475536812,16.6664163580743
0.133072941098717,481.32561479575,0.867449173840843,900.218059711671,279634,4.09489571225208,58.5924371828341,1.00476067964144,50.5354915683885
0.42366403939021,777.973307762695,1.01730628587496,194.965001304338,458758,4.32590226597475,62.2403117561955,1.03390455071273,87.1285017825744
0.247170080529608,320.169754646852,0.991723855782096,232.49612156942,196348,3.17992912339916,81.8477539345496,1.07097568319502,23.3593398791087
0.261906766850117,1028.66446867475,0.791911823357826,151.140613408293,422631,2.2183445763523,75.0832848491739,1.03850086055557,29.7879761050397
0.161149457929847,1.84149219957489,0.745900544115437,344.19552644451,1120,3.71094758706754,63.6110822070921,0.976881959433713,0.0613657152651344
0.290790678303318,145.02430838725,0.805473771177981,574.78992437975,85088,3.84788350197077,76.0273418340368,1.05356003466966,21.139671282358
0.169353486175344,28.2563256797331,1.0779950243099,988.59440583601,16181,3.70143188677603,26.804263505033,1.07967998561417,6.73845426562058
0.0292420129784096,400.827035273871,0.951766109051771,803.699632924667,164745,4.78683622687728,83.2476491413273,0.995552724931988,10.4378447309255
0.143279316618734,1024.51603519788,0.752123197511505,411.414012747383,454187,2.46871613305823,40.8724175505208,0.900900157096656,33.3943796334697
0.0131257312692294,113.06306816955,1.09070786583626,597.053755008392,49379,1.15863015582313,74.2306854670862,1.07618360519037,1.23448641848332
0.48939384565786,487.203002837629,0.632855631666184,642.142629392247,303599,4.63377741102964,33.5479939102757,0.93308839832175,63.5327108265716
0.483216132811676,528.697579476546,1.01951002499418,831.59086018498,226296,1.64199647541633,33.5845626943526,0.925265100996075,205.497400246133
0.203626095761429,895.507380524587,0.863460483449586,749.62919614881,469296,3.78927335754973,27.6743232877526,0.961535713148006,105.661479924826
0.366901718626427,109.536534379759,1.03877423163953,590.826570622583,62137,4.49281775909074,93.2674607615134,0.975996749078152,28.6691217415101
0.179444988221108,221.694260420136,1.15647676814606,685.723875687674,106802,2.24056559205854,70.3419068268859,1.05987533963733,41.8263069154797
0.338835646972128,36.5534811204612,1.05002045876814,758.621730414755,15741,4.32166096341971,52.1471452171861,0.977836677022626,11.4279689584362
0.40466072109253,495.684317031929,0.865179213186829,176.486856176734,217534,2.32823250508578,84.0833305764482,0.909764233270837,27.1077390766219
0.473910559899198,333.734468472664,0.690585408908328,240.432688240111,139638,4.177031712945,71.9561650468499,1.02719233599812,22.0189200999474
0.206104015166339,1056.43903588816,1.08381058548326,704.155074462141,435083,1.2793194518949,71.5060388434705,1.034244204686,211.679451166767
0.393816011648463,526.418079285037,0.876423316152823,857.90428388825,302866,3.62097199468371,61.5282095772255,1.06284418416642,169.994729929224
0.140304940809738,591.453556262353,0.645187394074278,438.799168564779,307431,3.70855232231518,25.5945084001157,0.979773216132226,16.3808627937749
0.495262828858888,403.531879300632,1.03143323866612,980.895806347646,266423,2.96570332032383,44.3846879818705,0.917214215241535,213.67217980316
0.0226271033945321,111.430771268361,0.775111179549954,255.268146039704,46833,3.74836345545084,33.1807520950062,1.01061245553891,0.414403399378343
0.305729115185549,369.075482396568,0.629332937703111,445.864317941267,223064,4.69273468221536,74.6807389264582,0.924199476515501,23.4063957686945
0.33315793100915,1180.15648336751,1.14165060898445,409.596891290091,499754,3.93541929987291,43.6465616340248,0.903415064604862,218.379533208639
0.347142322966323,764.28143537956,0.889860655256346,933.781143690108,417780,4.84518411593864,58.7624998038405,1.05571669437027,250.487159740529
0.0689899136066536,834.749340812812,0.768576631903813,321.109591693913,446836,2.79444925540829,51.5072723717412,0.980682120067677,12.9580959839606
0.469879593901834,633.799271073908,1.02983193473095,497.251239140105,411790,3.11316292681583,35.7399053444023,1.00500103441249,178.11988615591
0.0987798067345406,95.7595055231288,1.13154142660954,227.872147634563,52417,2.05495478895083,96.8777674662039,1.03256984055371,3.23915135635799
0.315149167587522,273.458088226014,0.600184245020253,545.202926634322,114496,4.94240667120347,95.0064483720412,0.980205533342248,21.7937612072562
0.119111278770312,3.90082470466794,1.01271131102529,864.533960990412,2557,1.22054694064509,31.345613952748,0.910226318495479,0.394111869474449
0.160536044340423,290.621529593446,1.06020701641105,338.837488796036,152451,2.43448167046724,87.0524015145997,0.950548731541592,20.2931154783513
0.277764685446781,84.5256025675142,0.725956456367696,820.252468554687,55195,2.19078865907445,61.628026203728,0.938868238267589,10.2458350872118
0.214424775096642,443.26666157054,0.893774298846105,915.746003066845,236924,2.54604685251222,83.0301913435638,1.09547880416485,91.3962817132467
0.0885105444784881,566.836168832111,0.653571539350762,119.309995228835,338887,4.67087144207946,36.3367848185325,1.04790109080509,3.133203314346
0.0937588371862157,766.383528629327,1.04804992950921,768.603309503288,437379,2.47215149627406,34.9205603333158,0.990309999652639,65.851314292036
0.214890946199772,891.26652616329,1.10847361113801,292.576264342966,374860,4.6679066108,91.8068125671403,0.912673479291503,75.7903875253519
0.381068659354995,908.694381944988,0.664911994394796,216.561279409798,469355,2.69335544665281,92.3364618880796,0.923170104495654,35.8131649095308
0.450002676955416,49.4800949701563,1.0898761520597,621.066272423784,27895,4.41907507688083,59.9434122065207,1.06257991385428,20.6876456225553
0.0512225545070976,14.786247700756,1.06294210229072,720.322485417265,7077,3.08700039400268,90.2618348211173,1.0890898187674,0.764529132930857
0.202620914704107,543.550540560263,0.808147992222538,425.022936448453,331008,2.24541137371326,75.0594213627723,0.906270036895066,30.2550022321323
0.0591203262242095,255.792667628096,1.01417371796015,87.2150217280811,145387,2.79739919587155,38.8757306958244,1.08207942453766,1.71799580356367
0.018130315509973,260.890477125466,0.600028874336587,913.269297986953,127497,2.69752431591281,49.6715698511612,0.976112742677198,1.73382586680048
0.334242154495539,288.623427527466,1.1590785926796,744.20957100512,166112,2.0396562483422,35.2045487881502,0.942726532130735,96.3225573857959
0.305200226563628,295.550736768206,0.930229941185024,308.083466348864,135628,2.15855491996763,83.04615016982,0.920446471482638,25.5848813367315
0.0898793657692942,510.234012078005,0.9722033184372,522.020662957503,256207,1.74581568524422,98.8938043521812,1.05434978839064,27.6245705411573
0.124568288215601,501.278036526574,0.998795648123459,76.4031504687241,220634,2.34400222883043,65.9783744924509,0.993782097036363,5.17613192585981
0.021616799285814,628.469268809029,0.93682141033102,372.318642715645,256702,3.49762321299668,74.189831058617,1.06648475638705,5.64883415047851
0.419124130790258,544.015653365043,1.11405833252368,546.408473805862,336684,2.54623267483852,80.9569426100228,0.945231430684992,170.932073373973
0.48759839206379,356.251582308779,0.965821099290926,541.362434360438,194178,3.84929284370517,41.8194326822868,1.03571360736648,101.251889943971
0.0763751730293985,229.994640645956,1.14465599474428,247.775634108114,126402,4.94791267875181,50.2000935725076,0.923624340973226,6.26258152814749
0.123422854744996,138.590387151653,0.949398973340405,787.909997874696,83934,2.50840431793794,55.9240908493176,0.917950136826954,12.2076544426222
0.435520666733998,405.197136347505,0.70267345318834,333.919050600311,175387,2.85055685635847,69.5941234109104,0.92667997007235,31.5505607226176
0.463967260998531,838.781099548445,1.14813753350358,601.389522019074,371162,1.65644062779239,88.7869433611582,1.06178026011206,359.366033881766
0.215617417575337,751.29554555602,1.00897649901587,307.946114261076,378596,2.56886114311726,44.065265844243,1.03112394708653,58.6072225951414
0.0348050114118463,680.179356836952,1.01954339666133,453.909479337432,333786,3.90732980316272,60.3166600545842,0.933192778386732,12.0867813924574
0.0293019985094815,183.683108573934,1.19128905034296,247.138893987719,117780,1.86961919896985,81.3650433403534,0.976954442137037,2.09841265765577
0.291235434373815,605.25441742946,0.645117932525747,651.357402905436,294455,1.72821619462092,31.5538749628468,1.05273720195129,54.1803296005174
0.202518603357658,654.805832685188,0.857155564257103,454.305142134283,285774,2.50549949459677,63.4670093744634,0.957134877882778,49.6062406793046
0.0240396895130507,503.212186902549,0.743457235791969,65.3114392633761,242649,4.27459794287093,35.8284777524294,1.08425274246262,0.555026223856296
0.295793672233153,486.235986585968,0.978255878828194,76.7567443159278,275440,3.49462875884593,65.4361672545512,1.08292055827005,12.9651690759065
0.015538242928621,534.09256449627,1.08408701024884,497.577602547851,246404,4.83031751034643,82.5867070986578,1.01058016513894,6.27272605937762
0.395812259493144,527.104648294249,1.17978642533545,224.064573560087,283163,4.6181617397105,42.7710558283705,1.02639485383042,79.5366089788498
0.160152083124652,732.142340959096,0.872757664172832,605.789945737505,358038,1.60454878729297,88.7108834113529,1.03064367067757,63.7726332248463
0.0297264214745237,110.715340996089,1.07173093838556,437.78219268342,55704,1.17021109842886,50.1103082561313,0.951693691551015,1.70208456987739
0.298292588281745,705.559139387003,1.15023095522423,671.698843762737,375063,2.59637893677902,39.3088647668328,0.973064277744797,195.862260396301
0.204865363072197,152.674337196979,1.00999525952153,954.775415360754,68807,3.08831791527456,59.8992546303139,0.927188222097977,32.7662699757085
0.487162202545003,81.6406052071805,0.745639531469863,552.299328055491,34247,3.06228246087486,90.7056311578904,1.08497426833077,15.5885413997741
0.276657344626814,734.640042617922,0.964712490664675,798.009673410595,488064,1.53642907108422,30.1699795880577,1.04476988773911,159.171980947922
0.144867198708134,1164.58041549598,1.18197122869031,765.38894650014,478539,1.49926972861844,49.5678599662484,0.90927125326653,173.953928104181
0.357625043670648,62.672777094945,1.19253229731694,925.701549107672,31157,1.18744302311681,73.9872376726835,1.00987749001958,32.1754066560479
0.143031081245929,488.965211374751,0.985415894230067,253.316973876106,222183,4.4034397042216,51.8185651521689,0.968614746947592,19.9606978762707
0.453079212789707,221.277949248297,1.13219265472319,835.960622245694,93936,4.79097655227272,30.3117996049462,1.06305757541228,136.293360367812
0.193613765548614,478.37404562283,0.720209618309162,910.244359579453,243187,1.46274008087189,49.8999226585355,0.968760017566703,44.9708707879914
0.279435595760341,969.618998731431,0.74764716297133,423.124831900199,415259,1.85248947419645,86.5719539602398,1.02883002492018,82.8259387698159
0.0347808208738721,797.466646896947,1.17173256773092,348.12538486902,475356,1.35945153893964,97.6028141878769,0.933148066691315,14.4116892161845
0.218799406596593,526.772418857065,0.681141225296885,954.434114194373,317492,4.51000868456334,27.9834398048289,1.01175109792981,59.1661052545253
0.417858134433888,383.164757637484,0.714663862856087,646.251181031925,177599,4.83483493414496,67.6962863226302,0.95877714651071,61.5346525694732
0.404767914628038,715.925396256958,0.852329159472031,411.642660979395,302060,2.04718630688356,32.8977574770136,0.932977684472503,86.2870029954047
0.119916093838228,374.864472905767,0.95375057265201,802.236334885049,156688,2.2143353197415,76.0297396867005,1.02385182938729,38.607834152713
0.120778744795176,975.406196042564,0.962290331380963,339.250206534929,455002,2.45067873765176,25.5919169506038,1.02772824000308,40.5835983066371
0.410479602984486,881.756226587022,0.775185605199339,217.587206766369,435330,3.00985503752293,26.105621928053,1.09667075622676,57.5623106257202
0.465895225882969,511.980588810263,1.15236833877021,566.77115400782,279558,3.72984391457971,83.265986982293,1.03382121193222,231.263910660013
0.0567268514237717,404.423587773445,1.14905994456472,587.901442665073,163074,3.0175623330185,30.5826492022973,1.00314198770543,19.3762790995795
0.23052873331885,268.224963910292,0.835240831831424,834.459158153971,147401,4.80400632670496,47.8886255715298,1.08252416861695,46.5589001340606
0.175352596692472,39.6659894453184,0.860575061658178,484.175987269408,17675,1.39957383408599,96.8530318077873,1.06565616373769,3.02694593796267
0.436637343174145,829.241612632231,1.02149827009435,823.857212530074,408095,4.19442204910025,98.8935338085603,1.00974925568804,387.054361684429
0.0509272081932092,475.977684714014,0.99779753783934,345.756545380922,225741,2.33793236325388,37.105214641455,1.00226981554816,9.45987943174961
0.113451711853438,309.093658558638,0.829378208976577,596.599792068902,163241,2.51019075234619,67.0676441076888,1.08839383714318,18.0648938841406
0.378709485417382,581.90530275399,0.848546550912602,248.04913995568,236084,3.8353177748409,66.9361621367725,1.02342540879179,47.0062014550533
0.0351339860007956,848.459568336283,0.808823366052923,416.173653370767,409551,4.71750843949752,58.928551789946,1.0427558338339,10.0144822746848
0.251342336550002,154.024298067647,0.741231004171985,864.662712941209,63182,3.86480311421431,94.3525118697997,0.917335808429441,21.3921936965414
0.226632446993063,646.71299738754,0.874883017754484,255.188783763967,428971,4.10344230151759,81.552543184312,1.04366112424985,33.6480382515156
0.173856577704487,930.332699959417,1.01186047914152,819.727489754304,448857,4.0031169686352,82.3395201761458,0.952936368441337,156.608578673332
0.203340434506273,1049.63401109106,1.04518002318858,318.728074955036,473408,2.2839144239349,45.2177073827007,0.923107584641258,73.7252312573568
0.269670887595814,447.547751800503,1.06732418895358,82.765233695481,199346,4.02772173272899,57.5739829151229,1.06993322176106,14.5174336810055
0.0890700056103077,262.991436953472,0.824839208071873,154.437841554004,109353,4.13808304087921,61.556777385659,1.03823821733055,3.06661309559853
0.29027798035896,281.995568402933,1.05878159657098,758.585568054749,187447,3.13360128260205,47.4184030903312,0.981512862447626,74.217377985697
0.404661841356993,250.739677205921,0.603909789415125,298.967380177041,167123,3.14702495466727,32.1113331371544,0.986283345241613,12.3791950870807
0.382478855597178,175.334221664695,0.886229962630129,671.438312629209,88900,4.03888321224994,34.4769418729162,0.939423544441963,38.5446813654561
0.0854109532999491,464.945047957963,1.07634264007961,714.238957619371,304026,4.26812344889763,38.5503346135691,0.901910199093255,34.3656439289261
0.0831322401733222,591.004982453953,0.978026832384812,377.862541212951,238835,2.34878176812268,40.2740000773711,0.969871827913875,17.832968556077
0.141405440195008,745.628389598805,0.884437874492705,501.173037850583,432985,4.20624887030116,43.1696356907908,0.929682871936517,45.0789459890512
0.186926615907108,33.5786990232484,0.986785203963809,433.57873593302,17022,4.25683602670165,44.1595021722621,0.984345359137463,2.99122688093521
0.210143234890156,503.13904677664,1.1441676018892,949.981546536807,322290,1.93650256367432,59.1787259115652,1.06676501758599,153.231050396514
0.343051636248339,771.840145033563,0.939829080366124,353.951419234008,381712,3.86780298126686,63.2179893119531,0.922950872680544,82.4784593314946
0.0377734117612593,714.353248258013,1.07987171487606,224.156890113713,379984,1.74613568734463,48.1659406094767,0.918350720427229,6.90262280127563
0.0269896250707725,684.517636456971,1.18844563513512,397.313200731799,443151,1.37219645195252,93.0472314940546,1.08042044399311,12.3578187925711
0.202036175842515,669.431310999582,1.02334092124534,686.039922221912,364788,3.29817204820091,66.4854792504216,1.04902791248766,121.675040188649
0.35161020914761,877.58470179096,0.943995458333438,712.494555843392,463978,4.6346087951336,84.0607696025055,0.910613973123518,208.029543030194
0.104783318048676,415.804439435459,0.622491568275204,927.854449592007,166995,1.14183609410305,94.3178374315632,0.915914097051517,16.0911331605092
0.324337195815563,430.561444082618,0.824686738952752,887.666760632019,252102,4.30600655037969,37.2351335931854,1.03698484562979,102.794121323873
0.137315787590747,16.4093564133451,0.939265640109071,323.904494396412,8025,3.02588484281403,57.0905862786726,0.974068840429537,0.665172103520948
0.444182193318623,11.1207878204671,1.07832394302362,482.405086519217,4471,4.44358179488492,57.4907801285957,1.04483465910889,3.50673322778679
0.448888072690642,276.928636760951,0.862862873788546,759.905538774262,120823,4.37390774068419,51.5854187828766,0.980890813860096,77.8905094847986
0.15567073009785,127.914739530253,1.17603496545886,920.710416571924,51302,4.50114721926515,25.667939991373,1.09355733746423,32.4935955282074
0.122696939441988,322.96449298171,0.763076251574205,370.306762214047,130845,4.07549581922669,86.1979080833571,1.03888332245213,10.8163464574275
0.211538946312453,177.75342084886,1.04674031712619,472.219362468146,89344,4.37196941818798,33.3669491165427,0.909323152969135,20.3502145438623
0.127860476738273,33.4530005693786,0.851418850250476,904.504356930928,15231,1.70410082880481,99.6610448441319,0.966100354975473,3.05139310044035
0.339468083212935,732.3377388746,0.891593096739544,390.559679500502,454743,2.21541259549977,82.9718868933386,1.01272123722721,87.3342914290416
0.41477169542866,9.90568245421383,1.08150122031926,506.487336882149,5103,1.96994468322919,68.5007513204886,0.928374727640072,2.29789190523434
0.339815144146496,850.423074209536,0.777729156991023,909.278934157175,368305,3.96971321491224,36.5954813306198,0.900504060015059,168.678957782455
0.413931719152181,154.252398224883,0.658087233957086,812.131057090356,76921,1.61457247746854,63.6544728544935,0.915861626464343,22.5040148936348
0.204526159481662,1004.87790686832,0.912153350768056,281.259378759313,456203,1.72891116151115,44.5831555643357,1.00485269553923,52.8136690462881
0.0865953156473418,1002.74144334596,0.917276767082249,358.555312141337,446506,4.51585888288777,43.9241893407302,1.02645101817711,33.0653295615686
0.37159596422482,573.905189521375,1.07830066333522,385.310791086372,327297,3.82352877165135,87.2146937036864,0.918580675138843,109.693722005926
0.186632507519361,799.292175529662,1.18099152373926,917.101549759507,336445,4.50151991167635,53.5483317969576,1.03303130478112,237.420441893533
0.338922704362275,7.18078938685123,0.633180411797009,998.987050249312,3664,1.55742103304276,58.8042852543103,1.02342483145094,1.00481232015442
0.142615531571065,842.182364463533,0.955013684245865,785.304087047668,492451,2.59592161824521,88.2223553335089,1.08797939640225,110.679907207463
0.0498025210552696,1038.50982332452,1.00876711818888,510.109987368831,439039,2.13260468030527,31.5842969289132,1.06813509831245,29.1924991743814
0.496365079789004,858.526931103913,1.19148081044911,59.665127164105,447658,1.0387243411186,69.5963389818287,1.08864837274779,42.0490950373438
0.0865387388859936,742.519843105087,1.16555412856615,712.61365376806,329963,2.13809184175483,68.3661761029778,1.09322152463135,77.9225538258351
0.494326287042106,354.410075114874,1.02747045882719,419.893106272895,173049,2.51833300791152,56.8910926950006,0.988161707195924,85.1087984834753
0.488867166957559,841.066824097917,0.91307364674668,651.337146717175,446931,1.36887854897085,87.233098106807,0.997582136255602,239.203985238232
0.398970870914939,338.320668881454,0.696914353379557,626.359265289307,146467,3.26595023130728,95.716754600177,0.95632439365782,47.0677374950989
0.333117251420179,587.38903544793,0.83050593312265,506.790453745668,281793,2.53269064989053,59.9001896435208,1.00168648051897,81.8910545998762
0.293125454623032,95.9743851297083,0.951073395034293,947.168027840007,50765,1.18584664911018,59.21102882488,0.930142939639842,24.3462909530799
0.434389757235139,742.114755705232,1.03512023795745,71.9890280875746,461056,3.81591545947191,62.6547797253059,1.03428619215164,28.7872012210842
0.151825365593549,170.661105933995,0.981239734487467,726.525860248959,71244,3.91711933536441,79.2343023124796,0.904986506933006,19.2415484535699
0.23916379411759,173.85047286114,1.02847368109664,439.347874884569,113223,4.33788577187774,75.1045218024222,0.94712555125711,22.0519429539944
0.313501084989586,660.532132555007,0.857491502731138,728.100927967031,279509,2.94216239946793,41.7126211905165,0.941614339638263,104.108470799905
0.211483333176051,711.031671616907,1.03657637434261,691.45866516265,382283,4.87463518933804,29.7921511449508,1.08757781428441,130.480734312146
0.219468362504231,663.314819656192,0.686244753611831,59.7261024471956,310056,4.65625657812983,96.1940597362592,0.92898035034157,4.84054910844177
0.171839487076021,282.997704734342,0.697551787057868,321.071570415938,116835,3.20540650040053,44.5802319800278,1.07815509015662,8.70698358486447
0.286473590175423,2.42800872479073,0.697699287497678,229.636944478591,1470,2.77980772427767,72.8947513517944,0.924871644273633,0.0806527525648698
0.426781518727407,782.998045280543,1.13451897422147,208.637035295368,378818,1.01213771161169,87.1328502057792,1.03013959725609,102.847463139754
0.108748905223093,1115.50265222794,0.645620437985181,742.052849915076,492619,3.84397812695694,47.520756291039,0.963977193634668,39.7412847055131
0.467872188989186,914.653317074628,1.08090502364009,277.573781638468,405147,3.25981801619876,72.6575060242697,0.963200473709398,147.344072908369
0.347652950336633,467.197821678973,0.740142538828042,501.000734237936,230643,4.75017658194432,33.0925180861919,1.09965422002429,55.7362033699086
0.413403874213215,960.339741088521,0.88105796429715,284.639545521396,451980,3.37692850096498,97.7448583281746,0.945208571558585,103.08887786714
0.282533439388706,463.953402672217,1.14957395727941,601.222132263563,205514,4.97142437557092,29.3618706287969,0.940512013586889,115.614156611252
0.391963183697791,615.554489127209,0.951562337812504,734.54507965697,262942,4.41527708745316,57.8631005380732,1.01786694981959,195.990365857785
0.0179381946963389,540.772369705856,0.726070611739415,364.521001763268,239088,4.81439174325981,65.2614431545017,1.04815047940571,2.31523096107413
0.411006408141972,415.971965071916,0.770454036191284,622.869805872766,224364,2.31065108514016,84.2861333997523,1.09650090470469,77.8448403530523
0.0296680409518296,968.28043285821,1.15226797433747,833.612035693052,387820,1.59734397906907,34.0846387804316,1.04028275484749,34.5667903524496
0.446057554417803,510.434011759388,0.856286355065987,139.513070906267,263858,4.1874884551805,58.0605980391382,1.01237421325008,28.4139936214393
0.496061746146935,242.453915256186,0.952191289804074,725.137069089208,159042,4.14478841187653,47.4783677157589,0.981826343551618,88.7043012077287
0.154093056466621,241.806795271776,0.875959317975233,356.987697213611,129821,1.84579575762225,48.4008036770005,1.01902256179453,11.442682442524
0.113056092580039,32.2870749039722,0.82706285282907,166.517458698697,19835,4.05897861653965,83.4090937048938,1.02016699935054,0.505272054894215
0.38502804829044,473.483943989306,0.733967476159441,568.371497233631,292014,3.32789343216562,25.4095708773875,0.943542298772865,56.8736451066579
0.133982907050924,206.212680892373,1.01171490029076,264.949203304345,115750,1.43810057960669,81.1812731001975,1.03424171230676,8.22203536228209
0.43412556775438,116.375785272772,1.03094521576327,830.2937030357,74918,3.00713439028083,85.779882259233,0.940884758132881,50.311844338227
0.0603928701571636,716.214687291102,0.76493105496444,90.7511140545223,327261,4.72455200335471,92.6021682881552,0.997990964679072,2.8065462406057
0.0717180462258855,536.61058635765,1.0734065058329,143.720251457353,340924,3.02583018178092,72.0161352422863,0.951973902525982,7.06623261833813
0.489784261999302,640.992145238992,1.11272112018101,544.946319686526,376326,4.15479595821389,50.0091496204181,0.96256020474595,234.339885219671
0.340181060152302,401.864704471149,1.15240505774378,609.494694873109,252285,1.11563994656783,57.0426049411653,1.02277540399921,118.868352899592
0.424974739970187,698.945440189596,0.696727448351022,743.39233129661,447134,3.91232565145037,97.7302061715572,0.91289702294756,120.182431099486
0.168921394902244,827.723201113907,0.78235421016796,296.297691839584,468235,4.78734954454991,91.0890119826889,0.902406963064845,27.9035132285629
0.341477037265096,836.794411260735,1.11621200850222,849.672387802627,403878,2.99811113957174,59.7644431824582,0.926124001909529,322.159472365874
0.301178495381213,784.166821324684,0.719124121696736,955.485222785094,318161,2.35083965210235,95.7297255333192,0.9337413956149,129.198336186358
0.305543558860244,362.407796517613,0.602081075546097,524.08733841512,152557,3.58660201954759,86.7216156554844,0.939574593609127,23.3936946830281
0.344440905173484,1167.74776501712,1.12249638615098,772.504796721311,491490,4.66504486037288,92.5817396244846,1.0547862140429,525.582796527296
0.291925994833258,230.951981163773,0.795869665050822,548.605936816603,137794,1.70707860213337,76.2232925931941,0.989371593407576,25.471783835955
0.220240560958306,180.242912043158,0.84869851508337,115.9936779416,102126,2.61477684009084,89.3240532596496,0.993987226768855,3.94243178765677
0.145202120246468,349.383932767928,0.867800415432383,359.80593720049,221635,1.62516112392736,91.8824606000744,1.02886683257111,16.2017962248578
0.386604852147469,66.9026658649296,1.10896476040034,133.112355145664,29363,2.98661692887957,31.9012438405504,1.04582175368257,4.61043999588801
0.120873490701561,768.062452011539,0.802735286756076,989.435163292263,489269,3.16168805212224,97.3912732495494,0.900701669910687,66.395872895703
0.349253610015663,605.960132102606,1.13536793151389,267.574616469708,294628,4.77681445888664,50.0209824073047,1.07134506716103,91.7155119957711
0.12433308309817,487.515706757024,0.970163482828829,654.105398444933,278919,2.65006061507051,57.9924632187517,1.09768696945482,44.129937432624
0.316411783277682,572.272081804863,0.916372034420211,320.12784684769,328242,3.26782645415879,84.3927819394611,0.924361486447684,54.5592859814087
0.376068350893224,620.227899632482,0.795368704276477,670.58390458813,249015,4.54105029621661,74.8672229179373,1.03021611673138,123.17082481002
0.117169805564204,38.3629999388282,0.746227017768711,249.881606326958,16999,2.28562000070463,91.9794934327043,0.900482750880195,0.645652724645812
0.0393722174220411,716.372401708613,0.974435065666409,796.006562614571,306543,3.69665547587036,55.0430313082579,0.909805897234916,22.0640263182058
0.0741771340671453,742.538506929419,0.868136496033946,155.271022694804,358371,4.02864739528839,52.9966122757119,0.957000204017211,7.46287897989498
0.306938513962802,495.442403465223,1.1463096059592,900.392880085766,208958,2.32211293874804,27.376663715599,1.06928081688393,194.51713246023
0.42622873905061,812.907055875279,0.89498322966843,848.400607913755,378891,1.65736474212258,59.7044032502244,1.03050018028755,256.762769559609
0.0320484424053579,279.531607768193,0.907076950020715,694.866976456466,114273,3.01163816760909,79.3053077746831,0.989164186394465,5.73688341585773
0.369734116930407,198.471401241447,0.8500339686816,114.043895785705,111417,2.42720692053321,47.5884038219662,0.987719694720479,6.46122579754331
0.177246136515526,170.867022999958,1.07355779819477,248.140576912482,81547,2.06584972716886,59.7044885255381,0.993210714870625,9.60452867085977
0.244478901260566,408.733262808722,0.854903518865562,866.393515906522,186625,4.89368524277642,41.4548326363958,0.962206621560201,71.8441551412873
0.465141179424327,801.959925710776,0.761605199849853,165.875712587465,423659,3.00861207480613,82.9590854403596,1.0755429035251,46.3085939461652
0.172666037320564,985.503707337026,1.11721852457611,198.135491492619,414128,4.4259107753737,29.538367100586,1.01357382623996,49.2582086868805
0.238015097630348,476.194121607728,0.958096932819144,566.803157567745,192029,1.78126964217344,77.9037291250374,0.996789992705171,64.2417978352002
0.0167043832327337,588.102186870194,0.954906131861401,310.468567690627,294970,4.75777105959652,53.4205008808738,0.993015320631421,3.28760932791199
0.0499833728023708,681.931396500067,0.966493324298356,260.971914946733,360688,4.17772573827609,28.1197052040341,1.08716529337959,10.4934797624176
0.136709879656044,239.318330885469,1.0313038489234,597.022760255772,121362,4.23476862475657,89.0102190468839,1.04473238564394,26.961571622988
0.0236475980023265,199.752055186132,0.78784079358754,403.947842635128,84902,2.55905950078371,61.5791397385874,0.928962910943317,1.27975370832631
0.319373909763643,1042.86071040217,0.620306622499802,183.531901931185,486076,2.94254797231075,69.9489227212097,0.987394033988653,27.4617391004246
0.218935194832795,477.583371460067,1.08635589652621,558.111079168191,309161,3.37341730359472,79.9023018643343,0.957674442082905,80.0567700787693
0.278591149336731,1002.14791364329,0.677343032328982,417.661783114692,490727,4.15906214482026,74.1305824750892,1.09737373154603,72.8193946840223
0.0955771210892015,257.243062809504,1.03309184232633,747.790935560081,169540,4.39622700824175,79.8142653110959,0.983079141262636,23.8702869985156
0.155006694423942,801.618364478821,0.649389178972397,147.61767020456,351813,1.31218123740774,82.1711263433393,0.913574020605956,7.56206383117459
0.335273992677835,204.915411306366,0.825184705217095,639.582581748675,112079,4.6162495501327,69.1863647923458,0.982242400292561,35.8998535258338
0.482998334578896,259.001490693808,0.637815641898923,464.668660596085,131339,4.74998661001704,52.4228373180818,0.964270056121187,26.1985541109002
0.0347042190650825,589.470714800847,0.913328207776635,435.758781299784,256439,3.37154961742714,43.2356612287257,1.01991652941565,8.32686188152363
0.44628831721908,248.188024237375,0.991881463668945,270.673303607924,160489,1.74700245301962,92.717742748959,0.945215635045806,31.5750522512211
0.292671788642492,140.383931197081,0.702859884706913,78.9047267925756,84643,4.27365933081396,97.7443633478665,0.907194729939876,1.78348640658263
0.286320587710256,250.866708677386,0.822976571063041,855.304734646413,132177,3.1943504581984,51.8247066323657,0.919176075031778,42.044708360245
0.255136482251803,32.5883302308713,1.15814369462583,360.089581732705,18838,4.26878581486552,33.4233046804225,0.956629517906873,4.36838565708785
0.0440031020930499,647.874955797116,0.865433470264474,697.036487743355,352508,4.25923250635727,41.6902995337323,0.969664526306622,16.4343449268959
0.0540396573507187,615.964952423193,1.08152614138593,950.208029787872,246566,1.34691726274317,75.3000509490392,1.06689010800895,41.7741339127329
0.304446882772952,111.682679193357,1.15631084703613,586.740783178025,48027,3.42808571348266,37.9700027468748,0.954013936802877,28.7913687207354
0.177069700003424,206.624689811667,1.18460749498637,427.289557393873,86675,2.93257719707489,83.5091704795741,0.906298610695209,22.9717773062109
0.459461352623064,127.126517905325,1.13899321181482,304.859888031268,52164,4.78447787999807,94.2272679906035,1.05614669664057,31.5108315177772
0.209229363306141,564.585579518279,0.790443197495381,937.341603015119,306684,2.18656516770159,97.2738636309135,1.07378351401779,90.5173396155014
0.0802079147642941,86.2794618207665,1.17754373169672,697.972977148586,48011,1.8240004247637,25.6994129481168,0.998461247480106,7.18909445664666
0.360212228415998,654.412641884298,1.08743714504763,682.017323593732,377387,4.58834742407662,96.8615623715812,0.956985446151294,228.104929465196
0.153743176506095,26.1765333816354,1.10230535018369,454.850408888013,11234,1.59486227560042,80.5145814347213,1.05442797602368,2.63308648344785
0.267480450604388,273.398626501329,0.609103790503101,852.796277224059,125438,3.74607783489785,31.3037674197852,0.901779681336398,22.6852969826278
0.351938064897533,773.36565639312,1.17254331799098,727.988577659013,445443,2.20007925536724,56.1430351584045,1.08480564582158,326.879506218038
0.451129414489015,674.867500311131,1.06685413430924,319.024108191965,359547,3.27138302198991,77.5034105934632,1.07310632897546,138.959275115051
0.398173685452821,75.0730938004899,1.06078049790474,619.599727023796,37411,3.46487773136504,96.7514119495787,1.00896664199097,26.0760110412581
0.341416923257635,833.042303404736,0.648914838557152,458.684256871202,410742,2.66947712783187,37.3106045208544,0.955516237581958,58.2102909227701
0.34302025937362,590.075467145487,0.739541124643999,56.2606546882274,247025,4.89985992094838,34.5799961445216,0.9065689765498,6.62614894682573
0.473503075575722,796.504382779129,1.17735699908274,817.242259926708,423545,1.52733267233992,60.4260289946409,1.09996475003937,486.156071395905
0.154953807773303,724.409364129609,0.900406244883286,166.688831473716,300769,2.56559635614703,97.6074170303867,1.05241474460774,18.995436949612
0.0105449261561318,662.462559445724,0.838714810942354,534.456780702483,341235,2.72158130749726,97.8534411443508,0.967741975161632,2.99706430612686
0.143257734105117,1115.9035971845,1.10396449028815,369.414883430575,496758,3.52418779598473,42.0936055789682,0.903854394327757,73.093879531608
0.116766776017105,284.181788907453,0.652404248468367,374.984589140644,116935,2.62903903277808,48.9510360978593,1.02785834569215,5.96738642078049
0.334298946705859,752.003863557222,0.850165209762636,503.496639243118,312349,1.38814404548865,93.1023989233491,1.09738080115034,110.143104951071
0.320518683885109,359.189026485114,0.82542046465325,997.171948818758,230700,4.7897199927233,80.1131118139048,1.04141454172653,99.3681865440535
0.300796077525315,35.2841990458853,0.809910832218236,437.960696599902,20686,2.66431632655474,97.9237321493214,0.916742881713961,3.32574174247137
0.0179592871726323,16.2501625978753,0.784615346191844,223.212768325744,8220,2.37069490886829,91.9861272261666,0.980455674434711,0.0460461558543721
0.367101246680817,116.849376770713,0.726044974074047,632.9260211469,60495,2.78688849669602,41.1322037735307,0.921836692545512,13.5978587987976
0.168529902117891,695.569279230614,0.703746481794313,274.473322637545,324897,1.86638272851569,81.9795144559513,1.08243210992019,18.9284088438658
0.335877434613249,694.331596361129,0.984243670151804,150.271679877303,284014,1.4008867386746,28.6423923670087,0.966082894190516,33.5531094840373
0.282723429966055,446.895702182508,1.15163690472521,97.6654634626327,277161,1.59431391643545,86.3374584056105,1.04667530586813,19.9755640715464
0.177938153459675,32.9786040061081,0.905310987149929,71.7372103186997,16896,1.66661930801424,70.1167571833456,0.916938071601821,0.322770135981465
0.0759423708810128,398.024612712373,0.778784731407987,459.606415895511,235182,1.79069375286358,96.7075721977346,0.925682939159088,8.91660218488281
0.0562652598536357,1107.00423010043,0.695496118633336,455.389490879724,462387,2.67984084890477,97.0024341601809,1.03589753241014,17.242167966465
0.41744398322499,491.432359888478,1.09808601903156,226.268130074055,199398,3.49559707617661,28.8111331768266,1.06869598967243,63.0884896865972
0.460014795619963,619.00911935585,1.18289523388393,794.818101082649,312836,3.51555135210693,37.0391114166826,0.940289991266256,325.300689272055
0.328396142914507,625.77253745268,0.809493240880711,172.807096523885,390130,1.00039027824771,61.3155285489019,0.983667449199413,25.2364659481721
0.0606827162816369,896.244577100631,0.774570255331277,919.551333007337,392179,4.6838306675936,90.9620143709612,1.02388340694063,36.7561732676144
0.206993336275238,571.522605231433,0.960895771784965,608.197178761109,260121,4.29138872212929,86.0833856722042,1.05925526785205,87.3797485828249
0.367180208051527,795.872635773363,1.06519738857206,76.2355572996831,429118,4.85575215774416,97.3277519763834,1.02563932207586,33.1942724897421
0.392112233164933,468.64331232516,0.873241682129799,964.823994455581,196298,2.43994537892077,71.3563087833506,0.919085184128515,136.003359512672
0.0679271249226334,1100.40329006904,0.97804388991657,342.544196568561,444458,3.65919710675759,44.2422639671215,1.00856386566682,25.9394099537797
0.0100150522342374,248.738968305914,1.02992944081398,477.476211598961,120873,1.67208299702439,26.8829979628883,1.07692133629531,1.39981203541755
0.358947152481496,290.912330298794,1.17635537271371,320.055258344825,140828,4.26813210888134,41.7194868040412,1.0736047442048,59.203428501034
0.184732126233241,49.4442039851647,0.69902239831205,742.000233132089,27507,1.64547089181748,75.6454898465219,1.01700312155019,3.5438098225371
0.134695852492948,829.625064297215,1.19842949629522,511.396209683562,397996,2.303942803231,94.470611750726,1.09913924135417,107.235910525088
0.0163197601968675,405.598605644951,0.835293993144737,175.754311432377,209110,2.96333942378793,49.0677750481199,0.921024744476871,0.839977716542787
0.274746709313135,207.844888944585,1.03392008563593,148.993754741481,115329,3.378126675411,90.6778247716972,0.995719071478331,10.79866506144
0.427063860358731,182.832526582068,0.943448626783798,739.106642658346,116663,3.23853209714693,54.6173686255867,1.05502472787055,62.7371606392092
0.479239506673568,790.118950449014,0.892001170205304,275.227334684708,450799,1.40838404683999,48.1203437026413,0.928207623622832,77.0650066894164
0.287215025800512,708.217620746796,1.01884522123895,180.903705906549,417125,2.6867040114554,63.1633182104364,1.09454995229657,46.9368544357335
0.262086050592548,566.078542622169,0.837452310134157,524.456217147951,277212,4.69163705682329,58.1705119307211,0.970809309036729,64.1501148541828
0.0516776288897281,648.236999842741,0.675665988802084,812.627023159489,308439,4.48947411100741,93.5349901387764,0.970027950795718,15.1082056686597
0.278947672755874,501.182196006848,0.893336029872744,314.843608579474,237688,3.36313409301856,60.1192710556095,0.942638860228241,37.7125912729552
0.196189748693043,370.916164026414,0.913149522409391,312.610031115767,196441,3.28929830181441,45.8001540417307,0.957603492813319,20.8228326061494
0.307496287632953,879.583160365095,0.721141292039963,842.187197247358,457823,1.44670073059732,88.1924183126428,1.01551778001462,134.864613083882
0.200475910459508,148.644303199516,1.16137161379719,190.442104840344,63680,1.80103780924121,99.9062133744675,0.985870857810191,8.74156740737978
0.12774657049068,414.623525439968,0.736485387987775,635.89121219722,209805,2.01055897041638,73.6128564385993,0.938675635665346,19.7492539453195
0.0565329848619045,430.225568966465,0.845536556450459,957.262808833456,172936,2.95278291409522,43.7846026702269,1.06182798806329,21.8310183000556
0.164310037848559,484.083849413923,0.692957812106834,849.237992098442,249577,3.92542419238287,42.9111307759884,0.912447861424812,35.1199212792221
0.0573559688009986,493.023586295658,0.921477987712166,108.724472090743,229358,2.84290142241703,29.3280022161445,1.06693054890005,2.92647405691383
0.0966795059037521,402.979652876357,0.784582564860054,353.915332733544,259926,1.50424416734959,30.7969778885564,0.954987744929582,8.35231174961358
0.493794717703977,152.497380107416,0.89356351198565,185.255742312986,70819,2.75739550804552,93.6237321387072,0.999180666619194,13.1778741490119
0.227610742884243,604.452966095533,0.734770149874921,951.778605802783,257058,1.65053301499555,32.2365330287163,0.976212907717678,75.7464755590444
0.270617165587458,297.899255192391,0.632265076769229,986.644487910977,121967,4.00458940677154,61.3257886207584,1.01412042267794,39.0587228504642
0.438073079081236,232.203367790878,1.06753599064935,273.243369513036,92981,1.66600344161832,77.3591334769884,1.05919799902804,38.6410225844238
0.497828761240437,59.4392221896932,0.984651770375795,686.214092587315,33352,2.93013595817783,88.7766087080202,1.09786395869494,25.4008036025625
0.295530080178894,791.88650341516,0.804443613426608,849.550145444763,381564,3.77365441064437,37.8453212690295,0.96121182913078,140.46080335429
0.408112172311644,418.02520927364,0.628496534809393,271.996270193753,214293,1.91279225578083,57.8334009344018,1.01076088247271,19.8774656442098
0.170201101924971,647.409224569028,1.11934503761827,228.296602604929,313695,1.30412043054931,43.8610146260333,0.993201509755,34.3437617650671
0.159814539149173,603.42724067115,0.701877002961408,60.6504720849163,364069,3.25319790429899,44.1867317474951,1.09978563186262,3.72342471587847
0.207324823287335,801.041375541596,1.15844533096886,441.36433409445,339979,1.21681065401757,47.7879480615007,1.06178272609989,111.54534697843
0.339528558710088,568.128165461787,0.887157227157575,904.465589274981,235780,3.35107457187267,69.0337160813851,0.979416771716039,155.121704190676
0.344273927734998,379.328122836913,0.80423202594509,907.830666603531,194561,4.01399415034481,26.2433103764191,0.995375811121529,84.2906670026595
0.164467322978231,335.796193612223,1.04505568613458,171.355971133565,188604,2.31726396668923,55.6574714736646,0.949191318885319,10.8134671092068
0.075272862826948,525.696776885183,1.12610364364511,244.134856501975,320384,2.95339763632277,39.0122601424594,1.05104946394977,13.7762759855331
0.319874165668099,541.359667592067,0.822428138187426,437.644964387807,247902,4.71504735289979,97.5338881384476,1.06904235727569,69.3921430958755
0.0728796724724946,769.6856702282,0.844406251302112,791.593317905517,424717,2.88443545670221,68.7046869437733,1.09299736472458,38.1197206132843
0.293461329032372,1054.11770495,0.859894931608318,631.258909355142,437477,4.98621624557356,90.1071601622742,1.01316577936356,188.898476863905
0.349776842747591,186.943713196417,1.1533938368872,538.157256344206,86109,1.62800964543069,39.6767490077209,1.03413660044749,51.5230034283887
0.353299633233281,148.009373730519,1.0155383949086,612.335290011473,68980,3.83573560993316,85.7511774492841,0.989211766333892,40.108465736215
0.379201334223202,649.885525714008,0.748587670227393,141.389709112182,315570,3.61047439278902,56.1086845978925,1.02182570206753,22.7881351163239
0.437701116567176,233.8929636953,0.710999818501188,503.780460142162,151311,4.48921925410531,38.3271016637052,0.969749806048026,28.9489236977093
0.254979906062746,24.9661157247482,0.73822059805489,992.460125062172,10266,1.36977284796216,82.0933901791174,1.04753782330413,3.87810548336247
0.36782210286949,945.725643959559,0.75813833351131,134.023839592133,444433,2.12082636600727,82.1508323211461,0.904540073150875,27.5639840029594
0.31339464032926,284.879241927969,0.738110094800401,543.284343753142,114223,1.52871690304134,99.6915930148046,0.905691369938397,28.5918166683847
0.101453570500864,946.781932218413,0.995103868315438,330.866798574506,464711,4.73238048908769,83.5702946348623,1.04322417803732,38.803410567121
0.02258792598601,793.42981019433,0.669560106394504,562.917632018861,359000,2.70654129858103,35.8950435945346,1.08613656062503,4.99628322761816
0.149425278981698,593.793543737667,0.832415093824776,595.127822032059,381564,4.64026338214028,49.1908556339296,1.02644978688729,43.374573575352
0.227086516105434,216.433042296704,0.97503214378222,598.599253213502,101529,2.17762797743529,58.879518796836,1.04530565980074,33.2232790856225
0.312381912770042,266.918397170874,0.774515984365759,859.598346045342,117863,1.50547240544661,34.4989604282346,1.06478685824363,49.9162771461554
0.426480071946571,594.949703071836,0.639164630820995,420.260043939978,261113,2.18614909194407,84.102923083586,0.972334852892716,51.169008833375
0.106160401186021,197.22049001081,0.649094353707581,540.536454533171,86877,3.3886974373122,64.502390343444,0.921622731511882,5.11141413996564
0.0715193970502538,264.829017853122,0.675580065782812,60.3819790193611,153410,4.38093036713836,95.8337176821815,1.08661845745002,0.680053151470774
0.48210517426242,399.55406827026,1.10150581492089,800.073071500778,161410,2.54156277289999,69.1981108394365,1.08771411300049,233.486274039809
0.0629418340944395,201.248913939004,0.994718103362982,296.51332200706,80655,4.65923463701394,64.217431280369,0.988368111114416,4.17017978268053
0.244460624352523,162.894555149457,0.638713446658587,825.727272838491,103386,1.97692823871171,30.3568864699648,0.943433931398923,13.0899223228982
0.296926227108718,961.148876442164,0.834641327490852,302.356733061301,394488,3.77416274921507,36.2009428708433,1.078470876554,71.0477879420517
0.275273466244645,151.083195475118,0.767151103708239,60.2490714493676,84430,3.94285340192909,88.7144557573113,1.04168533941705,1.86896920365675
0.0521557569461422,33.2771180426147,0.94682406697728,197.089752283774,15200,2.09585167732246,99.3006983369356,0.901645670109392,0.315653954427083
0.0379431878617735,579.093169356077,0.913683569803388,986.39875744356,315048,1.10787951320211,56.1384351923702,0.921543940291817,17.5891564022632
0.0616868794559075,1204.30359387526,0.888674414021829,353.811183650589,488016,2.46094936820302,85.7564562793697,1.09663992855435,26.6792644275927
0.29693796509758,266.291655543279,0.788707422223568,153.38270691211,166276,1.18078458922454,72.0689324747989,0.907625635761629,7.61389268720171
0.276728994940817,120.282338102126,0.682679863226394,162.820863444463,60209,4.60301510160871,96.9294455253785,0.956511002072724,3.05966018132337
0.124532988098005,550.694794477871,1.04542582972358,344.825578354363,285623,4.81410105173623,42.860292658307,1.00969926894123,29.1867738115355
0.32250932950434,827.683476237495,1.12791406130559,85.7627890609249,453271,3.941519663784,65.8626807255957,0.936871123241109,32.5387995580552
0.411833076007268,841.579271320766,1.16649054553969,535.914158715856,392247,3.90673834125534,55.6596863756947,0.946410817272592,288.2124945456
0.0303736903248309,508.295687656955,0.635171382368148,253.053869714854,311636,1.96357067764692,65.6286981957261,0.970593497312401,1.67156126529925
0.254083672338541,350.704811160187,1.04394522695333,543.345109327029,158213,1.29570230623234,45.1643562564141,0.953910853664591,55.2009206250092
0.347762101930318,673.227741216372,1.03590207564418,183.726007764259,271398,4.20841854344367,62.3309622036808,1.060671245584,59.2364189911005
0.133632844264147,107.23342154294,1.16826576848735,458.364367566618,46531,3.23664772621347,71.8603110043574,1.00005489467852,10.7911201449589
0.160807743593643,801.919532538146,0.751748756698659,618.021015481182,339794,3.7265101231487,31.0911912999619,0.955724029515522,49.5593855521437
0.310682572464798,674.718982070435,1.04530742297709,108.899941421203,362823,4.11856427234492,80.7240441105717,0.96261920669894,28.4730083793171
0.449988293787431,880.600856844119,0.632775773259891,428.811843788506,482551,2.63773707580908,77.9892222370313,0.907972991917606,70.6163655541564
0.406862965948421,264.108277466417,0.978747432456971,337.397629940203,130938,1.57818635991327,91.0343201088614,0.909878415236175,32.9274236420461
0.295733807358796,15.780323010108,0.810508694431308,278.341825664202,10209,4.18014719745158,56.9392413857444,1.04358151327178,1.02551774273657
0.367808641701052,668.216118463458,1.06134566372849,624.307894780272,273259,2.81506255691363,29.6251849461038,0.922582167414223,173.505590391148
0.188763010401821,581.388734058924,1.11798257186124,609.114886477137,353689,4.30769692342373,59.6095846766265,0.995159354936356,103.507161763886
0.324073108768391,950.184997869612,0.81889262533051,649.164816343809,395414,2.75079658704005,35.3206879046471,1.06847312857116,166.431673623358
0.238428979652503,154.676393533885,0.91535165561958,200.938536910895,97675,1.86806563382922,73.5585110141363,0.97369070114544,6.55846521753546
0.103068706864205,305.689957231486,0.67044243741816,321.423782619211,131614,1.68402006661513,28.5348643098479,0.969150445402141,4.49925388554824
0.353851754199856,424.195893282586,0.850144179134086,249.194839095325,256783,3.97568702623667,53.0497304670771,1.07460965515739,34.0482945901186
0.282667672300923,255.283703990762,0.816480235955501,563.47842474795,165970,3.29955649117599,31.2132173865622,1.07297007932993,31.0067576468176
0.18572457515726,955.259381433848,0.709874075870711,488.012404749135,430396,2.61841160185875,25.2524825553702,1.07602736029206,49.2464454529545
0.456556203138529,422.64566385321,1.13668717486007,363.779050713113,237406,2.96846702476533,97.0417917926194,1.01438279202635,115.082236695564
0.0202577177350993,885.776316152212,0.688852702824096,796.714068425011,399990,3.19855442114616,99.709551101971,1.09046085471465,9.12499760802049
0.164728844112253,597.472879784712,0.981443614518112,139.275057187964,290729,1.95766576730318,66.662721364886,1.06379278956348,15.9754577959446
0.0378718849110468,622.241651934063,1.13408558608793,976.15185431786,386772,2.51266231879076,42.9216887459113,0.983126885390474,31.5884911713763
0.385598384948597,406.175450761588,1.14718114791794,160.716873924553,167004,2.16964586043894,93.3324277606493,1.02591102838801,39.4724928290243
0.354032652515758,811.922562058111,1.07594381990434,784.417271939951,415877,2.55369538698251,94.227744780708,0.924357816551662,284.203377008549
0.172362587180795,308.378303256275,0.705684680324506,399.81867970279,138011,3.00224885407162,89.0881668378029,1.01026643719017,12.442569467294
0.341074822081466,547.285129507989,1.09045884552832,871.999117675215,273503,1.69343015621746,65.8277488425537,0.952629816710854,209.036734238539
0.204009240836015,226.827019024593,0.765938887449375,120.461451344954,107789,2.57406025059555,30.6026620672021,0.956709445302274,3.29526451909393
0.380564357796993,429.579313775492,1.15343881645951,405.985624682721,238288,2.54197777322769,31.6329195652598,0.925143646585585,93.3103049321492
0.232549994740986,271.664865410327,1.02545200885431,368.671236175224,159769,2.14401526736905,92.2464840784491,0.971639844714785,28.5273072496265
0.212017066637516,273.878025723971,1.07116053660533,993.499186314259,134085,4.99398529920981,90.6870135592922,0.996278066059832,82.9668463887905
0.468017658589267,938.146319124777,0.651019472101162,986.271545145144,483526,1.29451003597717,57.5797936885913,1.02007088823737,205.455415181007
0.132930758946443,152.866686362896,0.949659068066127,230.313760733069,80877,3.57180455714294,49.6115964607319,0.960973867253862,4.4856754687176
0.0690191965983171,855.72207653509,1.09268527613921,648.449612663422,393876,1.69775442614574,73.3092940108077,1.05844964686202,53.698806027611
0.296426125497134,1077.94612310605,1.1169542116635,558.743448915393,492099,4.35809595714073,85.5240961191644,1.00419199232074,280.066232978485
0.484967688019248,16.8969062130775,0.617179022840185,196.654816678702,10930,4.6567861440372,79.8763706538866,1.02761042179115,0.792671391068185
0.195141214726321,643.22040525385,1.16349553953307,209.390720799202,349815,2.60591193043584,71.170220353803,0.955628721795707,40.6074678843384
0.0403980141781029,243.182186082446,0.626003239981488,989.789142055577,127203,4.29391379768284,42.3633283333624,1.06282717580245,4.57782160104926
0.176259580981688,33.8589044931639,0.96871120780491,480.093493939886,21203,1.99963779740024,44.6878651915536,1.02485489011319,2.94451086926111
0.257906510616584,350.724882909456,1.01603251656919,169.51122740007,202042,1.56027402931705,79.3050611048276,1.07246974988983,19.3032149749152
0.0893422732497847,725.662525874356,0.664407174700746,254.050536802292,467674,2.26351306561044,85.1964889338273,0.931990315787659,7.79186778696984
0.332470086847681,17.1491832174989,0.628807119365516,304.930663886122,6870,2.36669605556419,33.7101391074692,0.9761326533862,0.753746844103005
0.498897200614998,658.341795480189,1.07094729267044,535.371400152688,294355,2.58943017914232,39.047278578348,0.922603236811452,199.978895422324
0.231352343230907,398.762716963022,0.83080237487846,368.770723030994,251197,2.49183576783128,76.0352696633029,0.943105462180879,26.1275373941737
0.183816992797804,664.073813830528,0.664267509189074,482.261196595425,436819,2.64457781140202,54.1739940603551,0.978909500896974,28.8638463160901
0.206345041748889,95.2429552313353,1.05760068983259,208.174573546295,42916,3.84013346322052,67.2469650453273,1.07891638153187,5.93619151161602
0.0664216274136486,661.423542255375,1.10949784208617,360.392256058131,341082,1.98232053146294,71.1111214491727,1.01140813381438,22.6903316739587
0.44280406469885,778.368429847855,0.952431714455284,116.800763081866,340375,1.07430238306049,83.2152600450499,0.966075666142852,37.4223532190297
0.213264571205462,811.55184426028,0.696742085060787,895.224759802056,334871,2.95872220552509,85.4287713037681,1.04937983257592,92.2205851586501
0.199764461598172,989.24282581424,0.609133482894894,238.814853310149,471225,2.79316497681946,46.0072183946092,0.90393654123886,16.6341381788546
0.333248233735932,694.617966991914,1.02048148878117,769.055128657302,411721,1.24025995937372,65.5972546691629,0.974018442248534,186.709666844419
0.226596376256251,50.0804659270034,0.93008380489519,382.074198793179,21944,1.53520560600565,34.264295396641,1.02016633931868,3.95507720397621
0.327634399715845,579.743478211175,0.990478285032048,500.677452992804,236070,3.03968357873958,88.1511376523162,1.01664746077244,114.832671506183
0.0401086821640859,415.168399808852,1.08791080211976,326.697987488165,199578,1.93900304007832,88.4085953749897,1.0215115764885,7.55308839954532
0.408724438423891,339.874468380789,0.860536666195783,711.619207552001,155763,4.51039317656579,47.4629289249592,0.942300152962893,85.9026235928541
0.470846936910907,415.668013087111,0.674709281300172,852.319098310972,226217,1.69316994583798,37.0465155566532,0.967415830598696,79.8386463718594
0.327895039218099,362.594846621073,1.1639899712345,321.956675502609,192713,1.08049052739407,30.25688336502,1.08631309042293,52.75688398911
0.477737305140817,484.327842592184,0.927157276348114,280.106761480413,216735,2.79025507756424,68.1232331433689,1.09479510625734,67.2882322509998
0.084201834041282,1188.7629738771,0.969176471453124,697.368252190702,489652,4.94465244243302,31.857107529991,0.962407670266379,71.2527797398816
0.243933932845373,96.2877577889958,1.16004685773105,235.395407539335,45227,3.53549010522591,76.044613346545,1.02890074068175,9.20620075249411
0.304885299633269,1056.06411630599,1.15895019378616,657.847777329284,461194,2.4161188850477,75.859480077561,0.948259355827381,294.96461797405
0.295050957236381,402.258907320801,0.943256764036904,139.706675708954,240638,1.06747204587143,71.0490555348719,0.973705733394743,15.5336729813073
0.206716271753631,534.555802014872,0.778566854832856,639.130301962653,312248,2.93979375896891,90.7420376397321,1.05846693936319,51.0747420837837
0.175661360589468,843.826788123807,1.19826818040764,537.736397309911,415262,1.82586400855372,53.3710519546849,1.00023574600128,120.481875950063
0.0721437710497052,303.240033305155,1.00849025397212,158.210429797493,180871,3.59101634178658,92.6702186968433,1.06991799196831,4.54057313829455
0.201953800775516,460.689236252271,0.845062006135234,666.64845312137,215780,3.33203397492521,27.7694026634598,1.02574804913181,49.9533575927565
0.0897037994016877,367.915981620801,0.935902081712154,474.229299182372,205350,2.06085510154874,33.4567740941056,1.02578423702923,15.4020787539495
0.369839181481187,430.787508515808,0.849500430160818,256.259298276231,187991,1.27553093687469,55.9154171888833,0.906776005629565,29.1885487831176
0.112327158392349,1068.28579282698,1.13298309137799,385.714947917068,462840,4.02007679216134,69.549476401643,1.04993407184838,80.1388697742664
0.0386969995894216,814.256975504577,0.889499624919448,517.497000356983,414636,3.34185637837177,27.4281727479524,1.0955733055901,14.7738107980442
0.280659407530445,93.1017818853696,1.09411702558875,136.976515901163,55391,4.36850499803451,67.5575853568198,0.994605712050677,5.19678297548275
0.301662569032507,117.971724436335,1.1041057786938,959.729008971937,54953,2.03920006254687,48.0548737362273,0.931716002991834,41.6298668783933
0.437237400027448,534.720264926667,1.09459940264115,682.284048401515,214507,3.61144825912165,91.5360105858872,1.09539553427611,243.149484413407
0.292720990084664,106.617740803653,1.0333131674854,147.408232223311,50230,1.47472200211474,64.9963443751548,0.958025174963573,5.10165970051951
0.179285618324488,475.979578343611,1.11292663008455,831.719075112037,309928,2.16723963166737,69.0920431163075,0.981839591147434,95.1203318078165
0.403475821947897,110.310306626218,0.832337747773781,356.427184398838,72702,3.62615644750948,95.9216358336163,0.915473282820306,12.1962614253308
0.274736657661836,476.323194646899,0.668797923685176,616.959559877525,261664,4.30232522057917,82.3128269990945,0.922167373138484,39.8357010639216
0.048847339469284,7.80399707917158,1.10547252262351,313.285699500595,4602,2.28370200697339,57.8704949610074,0.943313134111881,0.15519788400398
0.287266774553491,367.73119396285,0.898901049412407,746.735647668877,158981,4.195414226226,60.7659711217015,1.00969321301804,77.943492399244
0.454929087256615,794.696847060507,0.676425619516711,736.858526250097,338918,3.71100984109313,73.5942901419549,1.01155784037288,141.49829556885
0.204193186494128,426.526603699786,0.669187513309205,574.441284028797,242535,2.3946990860304,40.0149412487885,1.02124876456858,25.1712457147556
0.155199642930902,893.026922158479,0.695545436405936,278.879312847999,489157,4.50558775097776,31.6488130370592,1.01676339140152,22.7353570468153
0.0803000339388298,759.048976851758,1.05058395580026,291.018617136538,437178,3.03691626414172,48.3427386959214,0.999047396616683,22.3788382753349
0.0842083057483251,433.932733855165,1.02651400407977,413.719656860196,180176,3.59298729018433,83.3787098452173,1.06041973092042,20.529162988976
0.222058027327491,47.4567812825442,0.72229120811093,187.761559026471,23697,2.98252536761392,44.2992849077463,1.08677993947477,1.22662096661517
0.301883113839149,911.976973261284,1.10815405086588,370.772927531377,422968,2.81087984196307,34.806940025194,0.953952266655846,129.396107892097
0.0495015485331049,872.89667980153,0.768776877316947,700.136871185897,455706,4.39191086895543,41.4266948846695,0.926038736461287,19.1728946273984
0.470388608622331,874.766409334255,1.07579134998897,839.30301605645,410493,2.1788176601545,75.922968400428,0.985017458781192,479.935013929654
0.380015472548146,122.292063614274,0.893283544640965,365.953175968693,64847,1.1465168894549,71.0461042520139,0.905284475018795,13.5710337447477
0.297445719958995,917.925953289374,1.03892920952314,271.910745341646,498960,4.51913057417984,76.6236247972327,1.07666377474234,104.376076204039
0.415934948760106,277.552847354967,0.82883259784414,841.010449418378,130033,4.30009581220473,49.1468592010287,0.947941252049265,74.9178591826121
0.0492915108379355,757.754893719237,0.808284358256866,896.168826016625,362378,2.46624189827845,92.5642095199954,1.00985932594966,26.0259990557121
0.243651050089231,814.458979267208,1.1048157593756,439.520447146461,454110,1.74180455482084,58.8827767996109,0.923018997979295,110.114095557522
0.318745632162215,195.625920995492,0.621181352708442,75.5589461571521,118608,3.70213457219388,63.5284773945208,1.01065146784866,2.0849104170172
0.416039923997962,848.746774451853,1.1848421683545,710.213539849444,454221,1.31504361454256,96.1605982001595,0.907798690580373,366.703362624025
0.393900084424141,297.681084249466,0.988907734959224,794.831574373973,155431,2.69501902215523,98.4457950958732,1.05376133911781,111.979556472805
0.145763932359566,1039.28968079223,0.859490032919665,67.1230405062182,488231,1.34344928616012,74.6157044437414,1.09108429252878,8.30241818582219
0.47103128308401,341.291226211307,0.976832718690255,615.279310674438,141349,3.39163870131505,95.8609894431843,0.961395212988719,113.884980716024
0.0709294623011265,732.399144995785,0.67364456787539,608.950320331966,476765,1.10883353523852,65.6130539755332,0.951642922090859,14.2297000207801
0.438815473124365,48.3307959456349,0.908431473176128,409.772513310518,27718,3.51695350253725,48.0462209175079,0.989598994317368,8.13872347229433
0.485760722306263,601.145518245458,1.19105731400388,762.278959558296,354927,3.69282229315759,48.6319641974906,1.02399473205008,360.859498210564
0.0968052263790865,533.657512688293,0.741161662708024,456.770086208643,266523,2.9485778985006,66.9205442411759,0.937792492398362,14.6043080298925
0.363812371459855,462.088084955362,1.03336685942181,692.937154201796,239461,1.70002931719045,70.3777090491399,1.06066159945258,149.02542837529
0.0297399042012192,250.818000545119,0.86098282549902,541.261439403394,112523,1.40557575450883,57.9712802439812,0.939706962670082,2.92113076927167
0.208657184318186,615.234861808204,0.991474889092772,286.041374467702,353093,2.25316939254801,91.2828612633883,0.901094843996742,38.9344917821461
0.26297881660686,201.520065762247,0.722932337215065,626.175819859625,96214,2.86082671840005,57.0022089035163,1.00485011671711,18.7125836995119
0.294516160695721,660.013792858394,0.882278989570561,750.06307010355,276868,3.56883326737938,45.5067735248251,0.923029942233182,120.219031997966
0.468609251641794,307.045613055655,1.18805562831556,975.210389765153,127369,1.005000510074,25.5986408757655,1.03964774507741,197.881887442345
0.339402836774155,1174.94497607548,0.717172290609606,411.103499462293,477856,3.84425567694145,97.7926958618228,0.933493999173701,95.9233229047735
0.245826196097426,34.7490699706947,0.981867016709254,111.248917433034,15286,3.85084772850111,86.8234962357208,1.06347607910401,1.25668186850831
0.406740767770286,242.196366595647,0.945358649260077,988.572660160284,100664,2.77815122597,71.1669688513997,0.9940736265752,93.4691245546468
0.47576108226766,211.461862196341,0.939030951774242,642.616326454259,121913,2.37362578299181,87.2906690427596,1.01325558092333,67.0860186694005
0.0208124128543225,352.451755666046,0.96907397379097,949.127935252731,207620,4.36923425868143,85.7716922688208,0.937317033060542,7.29074685260516
0.491435423405459,176.457962229381,0.901342784212937,148.635731710563,117132,4.13834992812491,94.8888085169369,0.929337615506093,12.3461771447256
0.0522047481412034,543.287564444968,0.610158450154595,374.932147876935,246183,4.9331043540709,53.9550762520281,1.02625849330404,4.86820595438027
0.409049521841693,1063.61561954159,1.14005808687787,177.239863929088,436361,2.48772322135581,66.6139181564455,0.951092123068337,103.710173065157
0.147364028750192,601.08880214525,1.09618729649042,843.734646852957,356320,4.62733041942839,32.3971017790184,0.977185113663552,99.4734056849629
0.0747680322993971,620.570551247541,0.704500608552673,886.32560435785,290401,1.34960754357181,97.398656928923,0.995889830787397,22.1985730714743
0.225529263459779,102.016230585779,0.847963906427321,526.246114881269,45412,2.64586426500341,98.8845301961875,0.945926721116188,10.2935883722348
0.325538723929331,843.11527909539,1.06232938841614,227.275906778929,347302,2.86149647499464,84.1813185948401,1.05908476211194,92.0461761236433
0.196666404061503,180.422133226407,1.18803738923237,170.763020587723,84040,2.76349726481383,59.0590737361253,1.08788488178178,10.8241213302281
0.0367370500585225,971.808613875894,1.17068222786507,608.755904576196,393398,3.50039275372449,62.2425063185768,0.986378632412046,32.9678528458647
0.303735958432771,232.019298330276,1.1396155198057,531.057508356036,125778,1.68083135535268,57.6525199740893,1.08350967689775,54.6854309312032
0.452177605294231,386.833005911338,0.695024338379484,710.049647249284,209107,4.46580868690501,46.9982977391673,1.07653656346847,77.1714980659902
0.197775529314153,359.333212311363,1.1486850636054,339.946899488992,175884,3.20705607415856,64.5843554161575,0.933209445744025,35.0949021954011
0.116003061039105,809.056349531457,1.12706694777065,432.249595273144,429549,4.61683819205306,29.0083802125425,0.934676389164583,56.3554624643522
0.22686289950708,96.3089533410038,0.826169946699834,70.2930201585995,64145,1.01052657608594,99.3915296452876,0.995481012294077,1.14667446773422
0.0336977284139026,632.165048510065,0.836713556721757,629.635892821752,283257,3.51995245437199,56.8037601373106,1.00517143584639,11.268533950376
0.412038916395335,161.871434677805,0.875945353173096,451.986345279154,71888,2.64983138741933,94.552493802783,0.968225945130478,25.2475716751872
0.414906997365592,792.492214250791,0.99370537857985,923.776402122775,352693,3.02039624699783,79.3203595495003,0.962584195967723,346.395934341742
0.298120227080518,835.119084410562,0.756501369589809,659.696982819565,452634,3.97521804312114,46.7457187647951,0.986273457960309,110.773353662042
0.183020415579811,440.594185260832,0.613769057663967,428.759766877209,217869,1.90860699334676,41.6539463630952,1.03809585627984,15.139124279638
0.401893848578434,454.87140365825,0.684737714758345,300.409721829683,244558,1.81959774085755,99.6756575321767,0.916878726602376,26.5723660101748
0.2817966421463,703.113425751813,0.864069544546064,910.020695477257,463784,3.81203127094857,82.9094766290527,1.04211640070247,170.807072043021
0.414706831189508,538.247612448309,0.769201541655721,65.4518204115711,260975,3.08546303577672,43.7246105612006,1.08524805232643,10.5050706101028
0.31941480836568,396.704215852317,1.05870993662168,360.566843889773,244312,1.93455639224676,30.0583786132945,1.05270134176821,55.029010120765
0.394358681874271,457.557846878344,0.664014042329563,946.330304598633,289586,2.93607453867766,77.2687408976034,0.938335371269232,82.3468380845121
0.303295866676702,777.980271769308,1.15047913533288,671.331356632495,344926,2.83823362310864,47.7262342608307,0.917496237755428,215.597079386603
0.212929123425676,82.0175100021854,1.13719630796635,556.083117719134,54334,3.76577770966125,41.5998109470788,0.998076081797908,13.807205346226
0.479393471363807,1009.99837407719,1.14525409015997,243.357982024406,410734,1.01064441447712,80.1203061362002,1.0912812178358,180.447595465687
0.275145774190634,439.964505326965,1.043765999162,841.706035541668,218317,3.34704106308593,75.9445991990761,1.06381185747776,132.87975232737
0.306493864084864,92.1223925956288,0.66419998289016,243.989109463137,37101,3.4227126020491,61.1059506070143,1.0125467278026,3.75500148607931
0.118038943313227,612.768235241379,0.86288254282174,285.840854945187,393305,3.98204054875168,95.699194957778,0.928596284683519,17.8736341543454
0.316568886819365,393.991270631446,0.678843223083278,232.258585728262,189098,4.5569218641418,75.9728774543118,1.04276735642232,17.7633787590077
0.290087748246642,94.4691729787575,1.19261951565665,200.241987541046,51083,2.76075918844676,92.0064670464932,1.06259964772151,9.51755540233419
0.100570814994042,743.483881740289,0.799823054039204,955.646871179863,317256,2.37008089723554,39.2914706762289,1.08701382728517,54.2131220885603
0.0391976777030404,819.28419093184,0.951198325134037,621.930016334243,440186,1.40928151004515,47.2484432560667,1.02242324683198,18.7361609591673
0.306136066660238,781.637119738093,1.06763583254653,655.945275409589,443989,2.34734337957293,32.8390100270296,1.00289316292908,194.61850363709
0.384209211981657,1128.97325373997,1.15236965053539,956.609192394844,478875,1.27393865777763,47.8434998404027,1.02383640871354,598.411210008761
0.266466671751784,813.57132198114,1.05332863550482,269.046302369284,433985,4.21128082136582,97.8833746904785,1.08865050093171,93.1824731140907
0.121118586406626,3.13681130547164,1.00470226725974,55.6216616678075,2068,4.22802459138335,97.2142184569226,1.02562541723466,0.0263115301692645
0.336595768579587,360.553743094095,0.879589069222891,618.939467091777,190740,2.66895062917911,82.0289765913243,0.951518369878742,60.995803886599
0.0492518060387051,882.175606613337,0.963240080250314,532.452610562951,409453,2.03856493550596,64.0786197087218,1.02723028158847,25.1051410476884
0.226498515352958,322.381108851061,0.656498285311698,503.767858528379,183760,1.47208030180909,83.5584849094184,1.07594891456031,19.4776654539543
0.0900497116152259,581.862499173462,1.13035352517676,108.786200683889,301173,4.40494866408739,66.511521341029,1.0134004057192,8.85024360046059
0.100384935019343,472.543993655846,0.926266385303931,481.713123246045,303552,4.50998111354162,25.2631378503583,1.00053976560194,21.0619009108076
0.10912403508752,382.427930487407,0.624081030260966,323.181586836164,183147,2.06515845835926,62.6160305457712,1.0466738499005,6.05488625005264
0.199486457951549,1020.59665179454,1.15194127539594,310.836443363097,452333,3.48704219387105,69.9192584508289,1.03219773902896,101.85752172208
0.0350636007539948,482.367143167395,0.893581184302121,261.262501170138,252111,2.03461465916155,44.9311268127253,0.911337519790738,3.60534161666045
0.204918786055258,447.274026460546,1.1211534849366,365.901941766842,232927,1.90050650857432,40.2470173181246,1.04506222817949,47.7385834277388
0.260736649086203,792.171778994213,1.11413277252321,385.476421386242,498760,1.08483220252566,45.5356821104238,0.981509886017217,97.1837017130201
0.246814199633499,420.816792336639,1.08945095247427,343.336987543898,247257,3.30863767034425,71.7720812138399,1.08817965600615,54.9939611261547
0.19756420919749,148.953870787575,0.636841811577214,979.815079933534,90020,1.59976617274223,35.9548086201664,1.09416059768371,13.1292741482014
0.421181837954669,509.337353676926,0.748239987254525,936.094531234013,257022,1.04948473146773,79.0246225997125,0.98974776362491,117.625677009303
0.081210079286047,826.302709997441,1.12532872347926,595.784594548619,407195,1.41940465734727,56.7006115721207,1.09375896933158,58.4015274115845
0.257791404452873,951.790377784153,1.13939463363126,982.002096489794,388654,2.25507676635126,51.5010894403994,0.962164102991199,315.218329642787
0.0404002943087116,620.644548131882,0.874841317421284,991.638109803231,394503,3.67665276044685,85.5423468760265,1.0365288842904,24.3359848650899
0.0448662826501758,743.991622360726,0.864024880592521,388.142724516437,354304,1.8104922133285,62.9547437077395,0.915010942221884,9.58854190945036
0.291194266341777,259.095942713025,0.70508438033169,472.928168452757,127854,4.55036225012669,53.3800420893196,0.92899786970309,19.7627407283359
0.287349028195032,869.359387167971,1.18104647321469,961.108688135432,431180,2.1539536415318,90.8616036670453,1.07290518047556,416.726742240329
0.440236421293784,1060.39639122198,0.727883085215426,628.194889333752,446829,2.3249051576946,52.6188724149607,1.07875680785939,189.698988509918
0.283358101073436,166.941516588616,0.714562070610459,252.282628695409,97882,1.87190871980791,89.4250212207528,1.00652223839395,7.20498037698608
0.480297599998377,101.840491114142,0.996437382089504,704.911634919675,66097,2.01522134828735,62.8149023846919,0.967954685389383,38.154677479824
0.0338604757159656,1059.69269275467,0.745706581800269,245.458872943783,487827,1.29654045821257,40.6005323091255,0.99020478635279,4.94075105041234
0.0580237655425631,801.340815729471,1.16326296660863,372.389856488253,434294,2.17908231486476,70.9613641083313,1.07392489782893,27.6533112940129
0.0315922721694869,677.94535532004,0.606544197190677,266.182154940584,446725,4.43846983840249,46.3992644702471,0.942198684524184,2.33657073897992
0.100785656663435,776.387600179855,0.603451957393981,282.73120513715,443302,3.75369816558245,36.0366349132146,0.958974046260319,8.68719140974366
0.275222354361422,490.87397249857,0.90292608086136,54.4228024884431,271302,4.50107281546247,31.4897028548335,1.05708858685055,6.99880893187863
0.32633036889944,684.913641000425,0.892837475948083,886.673390589479,323555,1.41943605751743,43.1273001848081,1.08705388918328,170.550866705453
0.0323367273948477,456.843393443442,0.698018413140546,331.190970512004,273136,2.82246652336864,80.2415981501644,0.918585468003101,2.52793741751759
0.473525736024344,50.7954190468586,0.896711737782171,132.055660546655,26552,1.91701949192046,87.8499416781807,1.06075446027046,3.12387273908304
0.422661034558687,739.475235620518,0.846996663101992,132.638035397034,373006,3.88486236222459,89.6290634486441,1.02901366138636,38.1734125922821
0.155340116256976,496.002497235125,1.13419771520542,578.217362637905,253161,4.88095129890356,45.2611205282458,0.94615430889281,65.816380393534
0.0478218898109693,802.068914138737,0.605552352130178,993.27452300724,324207,4.26143791620115,74.5729699709006,1.05116343933295,17.8220708121547
0.0932446658773381,389.184240647639,1.18576188301977,187.771343906682,251817,1.14111266700403,42.2765544936197,1.04558321299987,10.2838977084887
0.0722027627399366,603.952874696482,0.974635658577505,144.640691902176,246414,2.26663877857694,71.707158547618,0.928405962309882,6.26202139640208
0.070409051856484,180.549759071991,0.691106067387165,466.388686381986,86722,1.11431876180209,91.5408244781273,1.00045021148228,3.20454719339648
0.26409522744621,321.580946857545,0.6280560082867,585.164691148756,140078,1.16066786772394,28.0670261951561,1.05165821657013,19.8954573607171
0.130465246821766,154.946824270296,0.922863395135539,329.661340934043,80267,1.31806121665766,98.8919250794055,0.938308825361563,6.02433743919411
0.185488461099281,192.720707093545,0.740934099583092,337.395987888173,98637,2.10530771588225,87.0315908093834,0.992553204478234,7.39345369607348
0.494857613358318,1157.58041099518,0.780699322200756,453.252676756502,486516,2.21681107055252,82.1246587220274,0.924148224939062,158.835408212221
0.345313981973419,185.452517816482,0.747079298900708,348.438334393076,77403,2.60181405293955,76.8522170283843,0.961366984808179,13.6159275514665
0.475000526853031,235.359359123829,0.990103388143506,919.565004390091,135366,2.61972437786518,82.7705416685409,0.943588980180307,112.048293522732
0.0798527119662266,502.472620464986,0.93211737726968,89.8568427260975,295704,4.08563604737272,99.594651703041,1.00101422534497,3.92643118115702
0.197248342667959,609.807924678619,0.646784654113087,272.841651876761,305479,1.5656129743156,82.7643472834405,0.92824306696415,13.5113606219741
0.281818583608354,186.82076185243,0.915915919905105,818.12515641605,77833,1.63096246321703,51.3700588501245,0.976630151078503,37.8345909738732
0.0476114503254816,723.593425163323,1.07471385933798,842.260218431709,397065,3.50635620668894,71.0441389700127,0.955032580997132,36.5020874680542
0.0120518473776994,845.347925153671,0.648716754492195,155.977325015991,392817,3.28696860876999,50.2692262119877,1.0492097828414,0.784731937280437
0.33851282356049,263.69968270167,1.13384338573825,975.075277512081,119421,1.61601882192845,97.7549082442503,1.03993395462707,130.443420626618
0.324491563232703,330.508088094908,0.946983989668637,708.687107404153,145044,4.40905770741568,92.5104799619275,0.918986105933125,81.3695560784312
0.21128651689981,968.096150534575,1.17037468156219,308.963403184416,469056,2.31623765640483,67.5715170597121,1.09069677757558,102.100144884903
0.249925597255696,785.733013180997,0.688884730633425,483.235971573732,413010,2.46786939417794,83.5955315870087,1.04893658361602,53.7214597712694
0.213567070290124,861.48445030459,1.19613899961199,332.281688589569,349201,2.68184032333835,93.2265207228823,1.02319173914955,104.006215765876
0.0217624719739955,88.7476768843321,0.986563719581806,192.521137361698,42034,2.29080748295574,43.2700197742419,0.995540298956937,0.395727927437103
0.174332087046557,467.36132479246,0.940496519688638,326.619161511469,209714,3.22982020909051,68.4611392696604,0.935584484153088,26.1831545423428
0.096770305144672,516.76493521665,0.909167774467251,601.087340615137,280092,2.55459089263279,61.1287239439411,1.09240319539736,31.0466822049536
0.0582278526596707,205.099256690049,0.614192623858988,834.671210093695,94518,2.03773890378115,82.8693516132206,0.901571675340482,3.95519934914455
0.478793012605781,394.915611770103,1.16378351492975,395.352621145098,224665,4.6178994708431,53.4311891000372,1.03849622684598,123.060040502292
0.303686265270661,525.120603647377,0.986396683712519,380.50646352045,300912,2.23340296056062,78.1734729781144,1.00148886490766,69.3020555934252
0.367041579275935,364.013955811599,0.654975890699575,494.600666027257,164361,3.79395570187529,55.2244816758803,1.08051637800491,35.1975115655437
0.164528234200398,789.742752300039,0.612571302176715,662.327819966129,390692,2.38890708142758,33.3306148483378,0.976139455870955,31.2428089120256
0.202642093452067,917.816737872416,0.630470183542051,764.035449310694,420385,2.74087994750989,33.0341073706238,1.00372888379359,62.4922940054393
0.126092757009395,287.500135415241,0.965637458059344,360.4595295595,162481,1.94377409360533,33.9292243414891,1.04846787838268,13.548590830849
0.0575131787730581,880.393454339888,0.968409248936751,607.034844433882,419490,4.00931847754902,27.4389906949121,0.909513308664505,28.3346092742766
0.097725502346376,102.414200400959,0.899800375068865,419.892799216838,52684,3.94881300570501,64.9729878697579,0.910895048205004,3.76928664375051
0.400781882195278,878.682978116021,0.784059492391771,730.579857845217,419027,1.0889597832324,75.3927011487801,0.942334549767586,161.168967414921
0.34199744454005,138.295314683363,0.919045638968785,206.44117449117,77222,1.24077616120517,34.5046301369267,0.929284916705846,7.83807098541841
0.277995149232884,93.8908118394499,0.909781092525755,294.078621798731,42380,4.68950581897976,70.8893500166209,0.901288693666779,6.9899205812722
0.242794037704716,740.770585161264,0.611649335925939,454.757398850612,321246,4.5553073889514,69.8305058693434,1.02459796442124,37.5192914019388
0.461992798991501,416.21496631793,0.769481538196499,894.944050425299,236497,3.02434877111412,36.0320538547647,1.0591875934912,123.345086439347
0.0456401244115475,817.550157755736,0.63191120488029,594.659499883156,454038,2.97342956623335,55.3061949970947,1.09142299526712,11.0488552134659
0.147494398486579,393.82930372518,1.14009285086859,967.126313032341,182231,4.24969669753517,81.6351782328238,0.988180063534384,89.0700642365927
0.18146954824965,316.798789215084,1.03513389767108,148.11380101703,144289,1.55380058753952,26.2567019164009,0.955944131648314,9.20682898587338
0.393388647984266,552.935875525735,1.19766910211575,487.166642968388,250867,3.61479648538384,36.0210912923791,1.0727804897557,188.838959155656
0.496332163879366,498.78371421586,0.781302757983173,448.124603543115,228517,2.90393197794904,99.6871280743558,1.06887912256788,88.0672481979473
0.127928552231005,327.207777221868,1.12709150865415,620.19586758567,172869,3.97332411726249,80.0158672861795,1.02496864218674,39.8305756243379
0.43841059372717,657.849614118446,0.961832560759489,821.366378272199,347177,1.12041116524796,59.8097709414442,0.954629807728387,228.875467259649
0.417005152611578,666.869302972585,0.871875244142163,849.375624303907,380022,3.37090219889575,72.2351059068719,1.08170351898119,228.679143795375
0.120082124844466,706.869872890084,0.733543866773181,686.684878270233,426639,3.22691286086223,88.4665727948856,0.935680267338356,36.6778017611598
0.205672964297619,1066.5924216719,1.04303529917169,659.459546033276,486456,4.36339331835674,88.1728439165228,0.908729300728737,185.669422837537
0.210739705953334,213.584481836234,1.14248444934258,951.578064942567,134061,3.70734519022011,49.3526076595905,1.05932365694547,66.6472681890748
0.489328127578014,873.536547916594,0.741185038845222,414.503031556503,358331,4.52064143358255,61.8468566908918,1.01273181208689,109.71522133266
0.0986370316756602,460.067316256474,0.705234200984168,841.144148479064,197735,4.54909328657024,72.8541322373983,0.949293563423705,22.0262767251183
0.401587405841343,798.873825064876,1.01773314900292,925.428540737679,338864,2.63265600359887,30.3922687385953,1.03417913246404,344.06488445821
0.173754429944824,574.026612317942,1.18618389763531,516.962282051937,238515,1.54973653500725,95.9347449543064,1.05334330476255,84.5877586831395
0.368126469430319,948.372449717583,1.04997306066245,742.647449673135,496893,3.52113462328875,57.455636924678,1.06890919026846,361.870332961265
0.215805392104875,855.893381221805,0.770748443428589,408.168863837361,364722,4.49498439363404,52.8146745443445,0.956425203193726,52.1657712568141
0.293396283927105,789.724648961111,0.851973254488671,200.935063485634,476294,1.29981337677904,93.0325271087369,0.90511749025039,33.5343266527103
0.417979768929804,635.51369551813,0.830590581275023,607.178687398804,417650,3.23169309233866,33.8714986564828,1.00200776400537,125.647259149668
0.404041126842103,1031.73813947767,1.11125701082823,236.648068307055,451548,1.4599981066393,27.9445598040331,1.07121571962608,128.153665289256
0.434547359934453,641.564280410713,1.06282246732333,484.719174263676,407395,1.10798396702081,76.3751809225205,0.941564267452388,152.570640323063
0.0392124894188829,572.659296445041,0.953385260856912,879.235347661917,230120,3.71854141576333,53.8752226078828,0.984225094623708,20.7191917702589
0.349104770989475,275.4205694376,0.764975466238142,131.717278185496,126642,3.72739844748866,82.3356856622579,0.951284147016978,8.74890290330922
0.0785938145936638,418.668421665881,1.16279311663323,78.9071088814172,185790,3.40263217998545,30.1408458645067,0.902672530284782,3.54723393028019
0.213751098329021,19.3731853931155,0.991989134861488,626.153955012793,11097,4.43689121560719,53.781785765154,1.07970481928867,3.15496550833297
0.278808323376797,570.580971538282,1.18228598786507,364.50826026515,262473,1.32350575917391,42.6493909034584,0.927010645341798,74.5738378348593
0.207342347525947,390.471681403998,0.948070219825218,447.040821579619,253024,1.42104104679504,80.4704899709948,1.0533534231507,37.9816876297495
0.264609721143474,615.081946911899,1.09271565501817,435.425059225415,263100,4.45814175191779,42.0377582820529,0.969320646358332,90.6845243482054
0.498297891311323,813.177057518283,1.08786322763672,132.289217559085,487042,3.01310687954505,59.3459001080766,0.955536381781333,71.2884037091564
0.0762564837192988,1001.5909645919,0.802397266100155,53.3881110456148,455816,2.09221123535295,86.4158163352534,1.08820577730107,3.17062865059023
0.340973462214849,140.879710067707,1.17841243377434,903.502080721051,81694,3.95262791194115,93.6542901598352,1.03143989734813,75.9208351645897
0.204040473528951,290.276764972017,0.613164880558538,256.908632858559,185072,4.57761489041761,79.1954345249333,1.0373845323843,7.27890309226006
0.0751748014645911,421.174407350388,1.06122654526045,454.775042271074,212554,3.75841314481185,57.1921308649715,1.05193058369077,20.0331094891014
0.0877810140534117,301.983891155609,1.17933425145843,973.329506837525,180906,4.1677303867138,67.898940605705,0.968186667204533,41.0408948768033
0.475143822060352,890.55140113704,0.803344921970234,835.42445288447,399450,2.12998896078077,76.726746036437,1.01273289613915,258.094458069529
0.441004733388763,456.102346058948,0.988866352674583,152.534312499567,262495,2.15510143764217,90.6199469930589,0.954044668809377,33.0693534500969
0.454450560603361,527.827852965328,0.937333949906526,533.093080031956,286478,4.45649552141853,91.6430488570219,1.06690830309537,149.953315804105
0.495851060155419,882.081226308992,1.05690438580591,743.575075170265,426654,3.45945139462086,94.822711861626,1.01986147585973,470.238469824252
0.112074541104174,719.624240851514,1.11970675298703,713.473145749252,403158,1.93665100669495,85.8033324180537,0.948681365208224,75.0741018954724
0.18416527530839,125.77449810693,0.961826741579729,772.799759784247,66973,3.09664726184885,36.009845195625,1.07995168126436,18.5008975239599
0.337917324663185,827.241983973552,1.08954275182887,484.581922143634,357244,3.743441885889,81.0729650039682,1.01616800009677,197.255919033715
0.247063244531717,366.542963591729,0.787371345533553,217.126782863768,218283,1.87419632500315,86.0944280172413,0.999006100651483,13.3020036218287
0.215010871355383,234.213301291011,0.73715223522289,491.628821723404,148030,3.61962563283094,90.8403570757288,0.906897517286393,14.5935981611364
0.185327512174441,47.462339744268,0.858400613719704,665.492886714627,25959,1.16857939927107,94.3612670963369,1.08196040103212,5.0066481345503
0.300952509652292,469.813495145234,1.00664195974847,628.16248227491,244138,2.21476649201664,63.1869860138836,1.09045478320628,115.051563060975
0.29204078003364,364.334837539725,0.712348169363234,116.995951099177,178363,3.69588724690446,74.1319521343233,1.01251972556756,7.45924963794373
0.0891143386914776,236.870959684619,1.00821131529113,111.704812378082,126505,1.59739626195961,25.7164582462727,0.988502670722912,2.45494637979465
0.241152520384035,796.067193377156,0.83645618914324,966.994939597451,347641,1.88879612257,67.9587675769326,0.971913013200938,142.873499212185
0.281201170342826,592.596441126195,1.07734516433558,194.215182287783,384973,4.51637316143356,60.4898785805455,0.953609596507207,46.1432745204029
0.289440599978381,237.897172329152,0.622101490261982,329.739340811136,123150,3.69728439772643,97.17295335211,1.01490586756084,10.9872435125897
0.112952524527052,48.3250383528885,1.00078958269764,779.252758048357,25674,2.9956748410267,92.6281973952045,0.925619010602913,4.8815241339509
0.373712982203621,911.707201545254,0.989893401989981,439.193222032016,424528,1.84357356850981,84.8202947075039,1.08383472164903,180.567096419971
0.0223475564623241,14.7212029475756,1.16456128567519,222.391610597031,5969,2.36563862632903,29.27456383902,0.935191747611564,0.0964919823543334
0.18386760921615,942.102123054417,1.02802053213844,493.870763194292,468620,3.29732199314944,55.15216317125,1.0491026524687,114.632493792438
0.39230419778246,781.331941525844,1.07778113785397,590.502472225197,314182,1.62125037561867,77.203166664592,0.96137755447373,222.987056454807
0.286307531317147,291.245304467368,1.1427546095119,480.128278814172,161601,2.92697631959276,27.2245557673211,0.945214215535736,51.9125538852649
0.137969591930322,189.815401490205,1.00503115097519,922.998771698504,123992,2.63589757655209,42.6860343814601,1.01157383587096,28.1991712585335
0.350527028478093,9.14948777894793,0.774092180975985,320.464330344529,5493,2.90674936571047,91.5630392588597,1.0530249962319,0.770589005483785
0.288021562636476,224.572298845786,1.12186427975011,678.265552664687,118500,1.4222432851212,34.7335575474568,1.04534733378806,61.9767668387754
0.40015936863363,126.645698152081,1.04854687168559,156.679985339403,69726,1.42598834818011,28.8530128253983,0.946751270179441,8.66705683760135
0.370162341233013,489.450776576607,0.854662562400536,422.671184780825,306471,4.85644381098528,68.5439317213502,0.96610047005392,65.888962201566
0.308952881797755,162.548311017435,1.02631750358998,753.943589005725,84106,4.91747093489907,95.9848461570835,1.07376643660008,53.478661021163
0.249207060902299,486.707322714649,1.12061332630869,263.576093559992,264786,2.70465863164727,87.5968554931479,1.04464874890328,50.046458937953
0.0752592415770865,479.432055830118,1.18539127883476,610.282493371692,295468,4.15598181460335,98.1079378540717,1.04253878107051,40.4487581629897
0.138053178763838,268.920045146607,1.17141090237543,195.765177748607,149723,3.62316570769231,81.5142365272187,0.953781015266378,11.067686170424
0.215358741729372,44.1419077159087,0.795196696058485,147.566606793303,18497,1.46766741847356,57.8027330563429,1.05840086153489,0.965007976109436
0.30365665063313,35.3003352260707,0.853016228230909,547.07111147879,19589,2.18671462933879,95.9962329692406,0.971683559086488,4.59993396171558
0.261716849055499,31.3208273726053,0.665721962986423,691.260446281727,14147,2.25460563457808,56.9974958839984,0.980278104031862,2.73442749773334
0.151210417720169,781.08358714027,0.748526572210828,157.698712922759,369823,3.3830977394369,51.2570962258183,0.957512217800145,11.1515743713513
0.0131675353169582,307.745778281506,1.12945272509217,921.887439754269,159687,3.31990684925788,58.6146938325575,0.924278049407848,4.85000221781939
0.253157218731399,692.747818523289,0.816509955767615,264.483649562594,398354,4.69403477481102,86.0480465786848,0.98407871259916,38.224089745466
0.149956734395499,404.52019645294,0.972331595156929,163.976542751335,216435,4.1601452559051,93.8270162386666,0.903387900384474,10.1012208617599
0.369958067348162,475.004574389746,0.99957937098422,242.5639629327,227046,4.42739065841189,51.8261582469757,0.991182047885452,49.5196579458583
0.0217336699825369,475.510321959122,1.06909756508599,211.09383370525,256928,4.56491445444404,59.6685592399197,1.04500128762063,3.22729374138402
0.296565627539838,611.880192188587,0.709680018147379,136.140918082302,356803,4.20510669021992,92.3745492478287,1.0921490065529,17.1801660937441
0.471322376377972,222.228065792124,0.782887880768661,807.947273039772,137478,2.33152504422843,28.5282748396502,0.915722628913207,50.0070921403254
0.0954605408846348,146.764986594759,0.869001804874908,520.760886006905,61672,1.860051885338,83.7901520585389,0.956258140835099,6.05626777594755
0.241108250467792,540.32477529656,0.818904636742964,419.093468359749,278473,3.28706935208419,59.0663318675754,0.99882621032234,41.1859979581689
0.0547967759903977,348.878448513963,1.18974313971581,953.096530634926,164162,3.75827326581327,53.2388763287253,0.934077589740383,28.3626154275673
0.316584137008063,441.478989331227,1.10096448192823,402.457967711551,221803,2.54627187585266,58.5190968877629,0.923365704415261,69.0461733686933
0.279760523492151,768.301097940304,0.887812052772292,208.62408974483,323827,4.39335459985804,56.4018006626185,0.99046362109011,43.0712427852038
0.209609106864288,506.757614485751,1.12756117565188,310.340747330266,247569,4.84226637127193,81.7463963640855,1.01614610577844,52.5570631242424
0.265474740522133,615.070265120141,0.808591768549978,277.018206909167,310519,3.27758290454941,94.5960641683117,1.06404154530927,37.2476315471452
0.449321582649815,660.83954754538,1.07149699433416,523.80421558514,272556,2.82636824886487,61.8591869084934,1.09956068435884,225.12193580127
0.106184208132423,821.638081182552,0.734205358863872,326.929867756845,370159,4.37154846777007,87.4550339336884,1.05485415599744,20.6823832918135
0.0210566107356201,569.300954919073,1.06339322713582,540.258113577044,353263,1.09707818795755,79.8958401784179,0.944268090393264,7.54237232014484
0.432215793502559,448.888283342281,0.873872041917437,685.828753699449,267561,1.51605046333699,49.8010589167358,1.04959561375225,114.647646804907
0.292787370370074,777.102596509523,0.664499592595345,788.433846427595,339773,4.38263063602507,69.0485360894911,1.00743072486382,96.0741828264243
0.446422643176303,1020.54979318277,0.763957472733349,724.649892203869,436907,3.92811434259197,75.0111756261771,0.990161915140688,234.239413879875
0.302503159472455,443.198988236355,0.841364774414139,245.311180633543,216703,2.6645467928173,26.7624528917847,1.08714569878145,27.2344336670775
0.406978934080254,425.20854405633,1.04957574699866,160.104733280616,206969,4.55540743089762,54.696666341818,1.04041851738393,37.4120182593037
0.220539948044022,815.163755742916,0.64378962883857,565.327651146188,382359,2.40583315058155,99.4478631885593,1.03633861470879,53.8614253304448
0.377431366331252,565.6284366636,0.995728197055584,238.966201647738,291694,3.53538143146767,72.794232030257,0.90235119294552,55.3050828857425
0.457390318776029,79.4290144667656,1.02960818455971,130.687035682938,36432,3.53733788130366,50.0683051968832,1.07301429827596,6.5037511072949
0.290340252223881,717.646431800862,0.992352821955451,550.739625830446,446164,1.73732757045694,43.7518029550546,1.05866009548206,127.231483879828
0.098584723775566,40.2665284051304,1.05640178290053,360.454475852406,16360,2.13940694465623,40.7111201575567,0.959788375586089,1.67007468708236
0.141710831364797,842.570473770008,0.706901169613703,768.341561341579,374450,4.66402769078434,55.1231056723906,0.958422682501322,53.2387677083359
0.107335842679729,809.076843635775,0.952262013037822,348.482049020997,379639,1.73365941517367,39.4949267955707,0.91069569201038,25.7325509005859
0.130959943521909,865.66454133689,1.16468696832233,979.781280203023,476603,1.6942984873905,35.1389636540146,0.910171284745735,147.716364106644
0.160143570182008,46.5283460701254,0.966470561882723,770.597031697673,28013,2.9184618949355,52.3047463320219,1.03371890269234,6.11742526929264
0.282015555509062,570.572776566931,0.966801808171772,104.808560414419,298832,1.36878947295136,70.5249769484345,0.937247522581556,15.4683953538886
0.298115898437278,463.640918239211,1.04186378526796,533.429103338462,214492,4.57850475593749,35.9799386564596,1.08470956996771,96.6156328101653
0.218984876148512,354.165945471828,0.799922539275515,584.489476153405,165986,1.40059655324988,28.3257455397145,1.06848088560499,31.7570754931962
0.311556182112209,86.7313953727158,1.02028554079292,710.537575147518,46069,3.46622990736318,27.5974613547769,0.969777032006437,20.5225371269747
0.0499717135495693,595.448027471998,1.14974029998793,522.90695718207,281764,2.35912742578127,45.0538189326976,0.976013710362487,21.6886664336302
0.0530162361584984,555.39445461633,0.606537283815206,509.271418493845,240041,4.21709154188414,39.2599217887226,0.965455312170956,6.53118428742253
0.0941964355752526,81.1556139147353,1.12206782466532,399.541681093732,53172,3.35924298307015,65.4441520217614,0.918478982638352,3.98633907389066
0.263857974039769,598.122833168956,0.731170998755315,307.888314704215,306632,2.55322456431775,59.1790140288175,0.906286031530044,25.4425334816725
0.114857392562174,833.94667400385,0.873553964220225,948.890201377898,369239,4.93549193817924,49.3574960754264,0.99042663166798,80.5682558163185
0.148809357711363,785.457570165717,1.11140868057158,351.716836152653,383872,1.26492395386212,87.5157125613221,1.0886080228983,61.2399777185767
0.206153289724767,974.1496460447,1.09434727647398,110.250258351314,452782,3.31114521292271,62.8710244747395,1.08344986416383,32.5239052448458
0.407814400765086,414.076096988084,1.13515648687563,208.920502328742,205326,4.95827324617618,31.8647494063074,1.06196774822427,55.5563893705643
0.0167924465973015,1187.58753800287,1.16425007557952,864.412804239225,476584,3.76381057285207,47.1823265555271,1.0257189854886,27.3535196875726
0.328195621915945,672.91793206928,0.868294174063055,607.301786167215,432850,3.95907852656877,98.0004449647444,1.07124448133829,137.372977806006
0.337749500209936,296.574090382283,0.993818286480604,789.841521908212,148954,1.12836457831794,98.2732990568511,1.00301370354631,84.786840634897
0.401341332374752,128.080386705835,0.834287064315664,818.34246883271,80482,1.08545265238785,44.1003726660339,0.936032026604126,28.3161162203504
0.467048940139553,362.263137001346,0.810430030495299,832.07461725052,218259,1.14444044792877,37.5427096596185,1.03683406955785,93.7776436486916
0.019867545985152,379.520730411749,0.858957246358602,573.083022357378,201547,4.96689560870493,62.1766109662933,1.0841292070357,4.01968587936089
0.0853540157014759,477.265719738127,1.04584568086961,218.26456591415,288284,4.91807904296341,61.1098688625135,0.903921019481149,10.3536134604425
0.444223934087437,719.667658047597,0.900864448284932,190.821114624335,292110,2.33803570305705,55.7603265451763,0.950288810441586,51.6719839433206
0.234674095471638,918.143182977456,1.08843580466901,595.285199356357,375244,2.16392726506332,64.7017920620465,0.953087638254254,160.523929057106
0.286649413077397,469.00666748236,1.04713108631769,398.188636001393,255435,1.58383498207138,42.4146533888651,0.919807907723252,58.558397297208
0.334883329824342,114.061391537881,0.61228707667464,580.145829183479,53306,2.31656119665903,33.6197006157765,0.94509884427971,8.72481037389721
0.342742636202862,873.065895491065,0.978142894263697,523.553952025972,429288,2.48059972218908,67.7846093857326,0.976796415582284,166.258718844767
0.466552797625089,360.240497732799,0.861942673985155,622.088175712671,155572,3.99313126703613,94.9448497586781,1.08796708496966,102.637017418009
0.498505214531718,1033.25352888467,0.873977393490685,80.5062011997371,485678,4.46517421167894,35.3311957465223,1.07205315382536,40.3283133617086
0.362877155856161,89.7330998079895,1.09102383232194,81.1948465986172,59812,3.98694047896555,77.8611043173597,1.08920124485252,4.28839014441568
0.150738392510524,1084.44074400385,0.928564791650806,735.515412306083,479168,3.58590040438229,57.8422515535289,0.924114355344468,115.130069534514
0.441078677124228,104.285208701838,1.13137309407537,233.470881631584,46414,4.06360031235519,47.0482442296603,0.905609692323851,13.4390220624606
0.0341182481249732,233.704624262209,1.02768335543501,669.588539082454,116287,3.95398991660722,88.9831913794319,0.921976632882221,6.47660350298157
0.123229617908503,58.2539646680889,0.931704005258432,569.247115251882,24243,2.90299877492158,59.2368770902887,1.08285912697053,4.42959212659299
0.44971900155722,849.82506057027,1.05272278569066,982.704747834392,352852,2.34340560984543,68.7484010550993,0.93149772770711,438.843528343217
0.135533842075284,860.767612190704,0.623009430555244,843.635584938909,425299,2.1311228675104,58.2292215204947,1.01452734131451,43.4271704679833
0.118119019214657,458.700347096598,0.616250192896925,442.477795264782,217601,3.71742183805113,31.0937186252165,0.945516473972152,9.93772055734662
0.0776813936387211,1159.217583223,0.650009596152511,635.592179088507,464333,4.8372164977809,69.6178515175139,0.90412708498336,26.9295879911222
0.430964761246989,531.657509780628,0.862539195088285,161.424984364198,295559,3.32421887574252,56.4130731278591,0.916924268428516,30.6283113828668
0.255028547003632,575.43683817674,0.741270087376166,417.066740814262,315374,4.65010600988906,31.5067454550722,1.04195940459328,41.4948429923738
0.340697669496536,711.5861863498,1.19055677664947,747.193354035381,422865,1.05691748389179,69.6858800814231,0.936473290402668,265.974946832588
0.127142528196765,357.230948229256,0.92537408340682,641.538004922221,149103,4.17788258694402,25.7403199029421,0.945827841086696,27.7136955498932
0.381439806295496,399.020656988401,0.997449447648695,510.24775815849,177778,4.41441063184032,40.6390291190944,0.975451300164737,88.0191094733654
0.382402717031428,727.46860553764,0.767292081748018,217.702648850036,453070,3.52397535177478,83.5802152678909,1.03144831202723,41.7710229195405
0.163173032205067,1118.23721487013,0.793078145152565,812.988629849667,450581,4.73624399744692,27.8445568644051,0.993874478591933,101.89748506224
0.211234490175039,1089.30051843529,0.801277148484693,309.508274190998,488265,3.3596519715252,73.5011573541354,1.08892204319875,61.2360701628974
0.112748235940798,1060.12778082982,1.01924142309018,829.455127578814,451018,1.962147610107,96.2280209655493,0.986836438147933,115.146654564785
0.488514901428223,99.9455186474435,0.884223724613585,631.028609655244,64558,1.86286891779278,37.8394343629755,0.939826184039494,23.5113911710008
0.326345262758622,826.122092080012,0.910610191518045,404.094856551348,412039,3.22334506677086,56.2833895157181,1.0072285678818,103.603725563712
0.467926501550603,451.831735306987,0.955201789295607,88.5749608619919,205509,4.62593572198484,68.1623273028249,0.990177923018973,20.1759489328243
0.158658916378275,1012.09616746274,1.06128699374293,270.797902127158,495410,1.28947178302031,58.7811879050383,1.05742766770701,55.6948882012343
0.393126547368476,512.776122412117,0.654221849107487,894.617379213756,236668,3.41756204884364,71.5283264636325,1.0870242461079,100.45334880377
0.385270735503524,642.894821773708,1.06612434733129,827.075626700932,277364,4.0792138919281,55.3073143875249,1.0672590456073,282.095845980497
0.348911269414605,497.370334352992,0.937941041325108,596.110647287393,265358,1.46160827849428,36.137809676644,0.977807944985189,94.9845546381378
0.483163097880732,379.420378540176,1.00145726691315,493.006340764021,161547,1.46707876284805,31.6783269868342,0.943223224458272,89.4921504041604
0.202842114692095,63.9158434027587,0.796531058904457,664.785545363604,38436,2.46451198667835,80.8332367132858,1.08289778740279,6.80501520233178
0.0740514885589811,793.232990627964,0.845632102089869,492.935721451136,447930,2.09552469419887,42.8967962141429,0.977187930287434,21.1526511738868
0.33913734102959,619.708826843139,0.738699491792352,662.089598683183,401536,1.79325663557476,88.5587734575043,1.05404132468974,91.4317249072607
0.367361802233831,131.673279123741,1.18757999845044,342.03389467715,70624,1.79477669444538,80.727043286638,1.09790546824258,28.3579130440152
0.291779680994819,730.547888395012,0.89820178350619,846.572357015901,388608,1.52267612969934,28.7089888256771,1.01548853630306,149.357705462621
0.111340767635364,722.236667563837,1.19764614947796,716.821998792003,313298,3.44341605232781,40.0908337797801,0.995976093673777,93.6301980156555
0.257183411417984,441.742747708637,0.89387158683676,363.476847006307,205163,3.75250241433635,46.8994492419654,1.03997415649624,40.1080575075032
0.162972970918873,247.427927139735,0.73185075863044,839.132809082269,127756,3.81174490751618,69.586168661953,0.938786196158128,20.2153886434099
0.219458598801678,925.419771378105,0.904471438042114,512.97540431052,430005,3.12941590455442,85.7370250236354,0.99764794775973,104.104238700797
0.326157102163885,544.085969320595,0.623757343079447,215.906921500588,350394,4.81162507866227,29.5249941368817,0.962466151422065,16.5761050379121
0.375155223918509,460.935448303633,1.14286188085317,123.82683890335,274322,4.52213111036026,43.7206713909858,0.932845574135136,29.5041806627496
0.123790098541658,649.091311723403,1.09113015071666,714.625460255359,305175,4.83052457066512,53.2157321784791,1.02202730980619,80.689252058834
0.208609426717007,99.4493578184615,1.03549231241657,871.86476399761,46442,2.55518191250871,38.7532865941125,1.01514121709163,20.5680313175443
0.141889169785898,540.075143557792,0.965896029265476,817.069889164816,237486,4.5111326398201,65.8969073129762,1.05224071994851,72.5950469974715
0.107329490792316,185.839344470139,0.947900540202218,672.868478711044,97656,4.05149879762754,60.8501859518733,1.07459402484827,15.3916357544171
0.393859737797961,233.330396725054,1.19803692844768,184.30630282453,104983,2.35989161213605,48.737173153837,0.944075197204178,24.0236739998872
0.455533820274126,722.87783425443,0.766798460411963,139.341872177821,330991,1.42637303401688,63.7665165190268,1.05594053041076,31.6422203251091
0.191413770985443,1122.61024021057,1.06781061921935,377.778141861139,455717,3.73048499958723,51.6866173263335,0.973477032150586,109.230662648812
0.378126672943146,347.269277465111,0.948842862128194,862.16534587883,202474,1.54580929648752,50.7395550600468,1.02576112035868,110.890009397686
0.449527691788561,214.743144899298,1.18552832625533,963.649456791331,104667,2.17510322800445,44.9046644017744,1.07004800551916,150.25528502478
0.424600863159813,682.495458464322,1.09668190997895,279.292812104718,324725,3.00145830577515,65.5328450735791,0.951237023057164,103.915766310429
0.0995785603842207,1088.71835236719,1.19911506779376,773.990887052634,435723,3.71953014059389,58.3086545839245,1.02019225679317,143.876698217033
0.478583021941547,636.942055852758,0.952994996677468,595.175756061845,374411,4.70491062878922,39.7243588095418,0.996063775440036,195.509862466475
0.194571455810437,879.108461855988,0.722726374526961,80.2169987240456,434510,3.37296017939599,25.9724695673649,1.05811545869014,8.25425605855973
0.17622792397518,496.145685780271,0.90221222141684,565.770532436293,268741,3.68565239868838,36.319715545969,1.03944825978822,46.5915692180646
0.0405913503661124,762.11257227786,1.02666668043034,815.643382839887,376186,2.24005540060391,28.2125951123904,1.05392636718065,29.9633887769419
0.248225090511393,122.794060860293,1.06461623170895,312.316644176825,70892,3.74917046571416,57.3699125228824,0.957588625920642,12.0964007023199
0.0634166716640551,270.505620012962,0.600305993409566,902.493542771938,174789,2.7511604829203,41.8822640434269,1.04087125881782,6.60717343779764
0.131784512254439,404.9482012098,0.903016253101376,274.447386530905,195385,4.4277247315351,56.5341499393543,1.02116117485192,14.9870355330203
0.165301884665968,470.230216901646,0.741140747982388,122.649476011852,256137,2.5698020556059,49.7087405027507,0.991336091209151,5.79022053716516
0.406324898510925,781.44679466634,1.12494709995287,201.942343967586,464610,2.87308808662623,65.3511108014925,0.97566873807363,88.6985598358392
0.438989438693989,797.559600721206,0.691743266430137,845.152725284872,437274,2.73035102764103,79.2900121591451,0.966320006159086,161.339638241032
0.15820849555612,105.549361564232,0.9998737497449,446.440623087552,68128,4.24449133722954,60.9485453600392,0.901934872260566,7.96297304998686
0.430762079409841,213.732472541807,0.759637314194955,807.098285440575,87222,4.81479678804762,29.6476045704348,0.933911710261358,48.5165915679328
0.430043159311198,373.486967116931,0.813925285928563,554.671407940115,179462,2.3091052039331,26.3132861061181,0.911795642444681,59.1108384578541
0.384678965688588,338.143723739855,1.16433555645411,506.53116855471,146081,2.90011160304831,40.9923374708154,1.06967150852593,102.630189067233
0.0818806058674389,591.880010777463,0.744268875244848,816.567493917842,307771,3.82370506677294,56.872563341564,1.07201777408302,26.9368992590448
0.348258194981357,1085.06292600079,0.657001657093758,452.313231126757,451486,4.58152648813892,28.367877147045,1.06923866733785,90.2311140713573
0.473061791644479,954.3409951194,0.641570940866535,811.93109451305,481184,2.97480278738408,49.5800353629917,1.06358395287076,172.635384101792
0.344444834595907,678.487064267305,0.902769066059677,145.629056715273,327148,1.43557403290691,91.5269280921364,0.944266090705595,30.1152968155264
0.172492256062839,835.043691789428,0.985026889370573,654.495274762294,419242,2.47468553400529,31.7514266389127,0.998357234902135,100.14678060887
0.255283865541107,587.521920963678,0.796376186142532,717.457703724386,263076,3.20144754176045,96.138738232718,1.08156875439368,87.6231348877597
0.326405271242016,216.905888624724,1.01415584507585,904.142526334655,104955,2.67009842386413,89.250383163184,1.05195635880941,80.7340999514696
0.260179500276967,465.6116290954,0.636620231143943,263.107722780385,262820,1.74622290715228,87.3835867010154,0.900364057190872,13.2592726967337
0.0687769414481752,457.436952154257,1.11440078695373,624.008886088209,277986,1.14795798137287,89.7743883157218,0.991885315280759,25.4126813344002
0.16291138187949,782.397830852971,1.08994032584354,461.593735504762,371487,3.74963466431958,31.0037698939737,0.902134039851931,72.9979665018
0.40317405497128,220.243994522449,1.19129776283525,413.633072766828,110721,4.97094876310857,36.3376070484023,0.956132209396135,58.8958921149407
0.432094842586804,294.915561065385,1.16190298854111,151.37787745136,184787,4.67682653558647,35.0779319920812,0.987152488245377,30.156484427172
0.0772770160306294,346.23453012714,0.813718298351357,177.521664065195,182650,3.73308364344325,33.3431358063532,1.07857985853006,3.83095867378967
0.476669508675375,966.61115099536,0.839565230409346,845.139038375264,479761,4.36611923406572,49.5783414649172,1.03087685682947,337.182161331464
0.171123082745819,517.798897536741,1.04757890848696,762.265760709284,222528,2.02291047386877,87.2662662212896,0.972496913097982,80.7530705703759
0.334533731978053,595.438370085398,0.68044966317299,413.224073776545,377792,3.48973774431379,43.8971607723422,0.998130980490584,44.0214059807324
0.378394321518774,694.396520045352,0.788408826146901,837.062252320149,375655,1.24241686159586,43.3166259244195,1.06347789771939,151.8102506638
0.407853654972563,310.088528318573,0.671124562185389,126.7278755824,133506,3.82873570924983,75.691656806546,0.959931119822743,8.44728974954627
0.473417354090706,615.229122373905,0.872931869443699,643.53522118151,286363,4.87948935609707,32.2693826602538,1.02300695509373,167.289352984714
0.163330578534123,800.573179093318,0.931202567931191,874.767250078574,447258,4.44318922887144,52.0209994271443,0.95244937677757,109.692024666327
0.430668162730262,558.48058059652,0.726696281977651,846.921019479687,238124,3.13776349908655,47.1569730133166,0.995992687444733,124.452998343613
0.0745265826837414,942.058452284056,0.615979012148463,404.143621944767,472614,4.15496087725111,88.5475648097066,0.904931700712413,11.9055846540106
0.35547004411326,215.849981188008,1.03161349905031,757.97216040414,108014,4.77559523979266,63.5875958219095,1.07045506389834,81.5767880665183
0.373569087461853,94.1227018263106,0.612003098655701,456.094738243884,38005,1.86407031175686,73.4855173091456,0.909669766302436,6.07689406303555
0.342084388188647,1091.01263333689,1.18404156535701,848.131256170452,445836,4.17303405190951,34.6775753654676,0.944872099967686,482.785845636945
0.133634220706225,788.00484802003,0.732964354045437,554.223852647272,423993,2.07938783187541,94.6688695416933,0.966702375791762,33.0349108593305
0.43779114203745,814.224343292874,0.998340055269775,776.614196649789,496303,4.50778968775867,49.1839115593828,1.02503222335344,328.14819387058
0.0927406470514935,620.759550975733,0.860851035743993,124.643003177088,340018,1.39341802276058,78.0129128382371,1.04400669311501,5.61577308238537
0.0362810478452071,716.890602995937,0.635804316202264,610.52467302842,468408,1.71287367547937,96.5969634936658,0.916090208457089,6.69030047174278
0.361557845399837,629.06259480198,0.88331016398068,572.769968595872,413648,3.88246585388721,63.1486646212002,0.908693097176958,112.106954419895
0.24298310046404,800.609789166376,0.91005638057808,629.477885648402,422369,1.699110015453,63.0651444050392,1.05979797732587,116.172280399182
0.426058029779751,695.695531508357,1.11280992485572,710.859527519811,285002,1.63221720761218,33.7937067668839,1.04243330678083,287.801219695541
0.197864599118547,454.826338048337,1.03940944178874,922.203521532435,191800,3.22186750959549,54.2706667317347,1.06631007085093,106.093597412897
0.0924565083687793,940.037751217232,0.647581484852032,796.39797768723,467345,4.33994895083628,88.9348704161152,1.0353076530367,38.5428680842032
0.419856674310236,447.381730047512,0.725497610059359,258.656091863159,216626,2.07386970109852,35.1329880324211,1.05020245407133,28.3094970153275
0.278965719503635,406.407778700355,0.787132610528969,834.601455827491,269871,4.36455273082194,93.8128097920493,0.975807676609429,70.676215794556
0.102705938271274,383.604928957144,0.669844611878892,165.975693734341,223611,4.2318135861839,75.0482060789992,1.01803686407899,3.72510038690294
0.362988159307358,431.273213158629,0.874139442548694,641.088656391316,282844,3.31642160383734,56.5719876294279,1.06107846857403,93.2239547102566
0.260445682859855,531.579840097984,1.19058551451752,888.616117833646,235782,3.58625101474908,65.9873813894243,0.934423506881303,190.167652073269
0.306113361297757,41.0341779239207,0.908767674742657,146.065951504159,24935,1.16176474644763,36.2872455802526,0.984564592165238,1.50195572207907
0.235840185721225,1045.08617688083,1.0451293009939,857.208020644748,441142,2.46854223321485,41.3112469853298,1.04809795369597,254.825379702066
0.416067402070823,477.429777519909,1.00976267861961,808.689697518733,222752,2.05357972447341,46.4806320300005,1.00652731435304,182.278958703268
0.416485730684694,509.976167586983,1.10994686105528,528.586662147117,294883,1.60001544290989,53.8634588630811,1.03633149058523,162.578742021736
0.357600522693949,116.793027219783,0.729434094279366,343.452722180634,70454,2.55863731662793,93.6641496244739,0.958573839175163,8.02347050782254
0.0616466749242665,5.72331044548301,1.05229575701582,435.166316667967,2690,2.41961678538973,52.5676768723868,0.906468490263537,0.1718238487856
0.421038392332994,296.263283366839,1.12881314418345,970.225228915201,123400,3.91556671251891,64.2876430289666,0.905829155950875,157.607528937542
0.338796360461126,782.169411226803,0.702905893788146,241.612678344254,352589,3.39238536190701,37.1519621063382,1.08855623530607,38.1629250850487
0.351541841342107,93.3479088126674,0.808081331872802,600.624073438401,50498,4.65240027520808,80.1979900789053,1.08890800879901,17.3372743875072
0.187861591797897,948.788902475435,1.18206105859894,129.07871048475,454535,1.58163033222336,67.0210636800026,0.942256467990924,33.6150754925821
0.440846982516933,196.098248562052,1.06847270758788,256.998410979714,108296,1.2389944212941,57.9930593487529,0.929493131594189,23.3209544368877
0.36543208411508,257.642327138345,0.769554499522519,775.150568670795,103092,3.13843114996451,96.0389849168645,0.903627966778604,47.2598061485957
0.0651693285993053,205.930702165829,0.938365061786692,337.469088342501,91572,1.00410855444314,91.7988133106378,0.946251371263052,4.03706810759447
0.20981123685902,16.8643079586999,0.842595673709687,986.477767034598,7976,4.15087577253986,74.4633454258373,0.966870288230915,2.9804348944521
0.444326377360469,742.629976055312,0.893979105796278,525.776190939148,386131,3.02389155474004,94.1359304617395,0.948248526727576,158.240543625423
0.0331263838317157,926.994522766063,0.813099714834425,540.712359042356,437643,2.95226230423157,67.3586346199804,1.05947682806124,13.1790047643838
0.481094143624604,566.236165878644,0.767598611118204,84.4990023689485,307467,2.4499839148967,87.020286378645,1.04988609985509,16.7646297832421
0.342789658476586,145.106090777801,1.00485782483485,958.700412098403,94911,2.49989534459505,55.709512313889,0.916202828937175,48.0290196999304
0.319374229045255,271.668520033913,1.06712508905167,215.521768840197,143354,2.72453471300262,31.5058143510961,1.03946432162042,23.3186464347228
0.142574035679116,579.638079219144,1.12437427364841,561.42356886992,238487,1.06412937770412,99.5611442146832,1.00411702397758,64.0813083680764
0.131907976482197,1014.71128214689,0.693197980390913,425.890879460795,477219,1.33418314886482,37.4223640619929,0.926433221274972,26.0268248098081
0.471608527549412,197.088440221706,1.09371331418714,444.805465707375,124428,3.02019208004495,43.8632529444242,1.0479070860986,56.861459728724
0.15615350257472,873.127081915012,0.752880494686238,661.135157734303,366092,1.60048906087922,37.232754206863,0.917209113034841,48.542722505854
0.38999759539231,389.656596187196,0.85640183394603,678.984243237854,220285,4.11505043338799,50.3109638484059,0.935430133160274,77.9262772704514
0.202629681121469,260.913254171996,1.14086621150955,196.574184115192,149626,2.0979406960181,46.6960100294754,0.929845296310633,13.1229448341994
0.0782344946845049,410.638880548241,0.872702160589561,524.607320465798,228502,1.3915985493973,70.0826686411926,1.0878066808333,15.7651811007157
0.0152504958707259,75.8843520901535,0.71823812042659,800.953576684764,36532,1.9408397036138,99.7345010814463,1.03963120064093,0.588449136266855
0.276686095137473,816.944904291078,0.695921193142271,471.122159374618,399545,2.42839292062315,28.9381791614176,0.982257185832952,52.4303967917637
0.488131621088977,243.762983462123,0.88379025999128,207.514247285251,122407,1.14126643437953,83.3832334969992,1.06444083016976,22.7644575637953
0.19087673496651,804.923748254677,1.05760345438593,347.556095998856,362981,1.56670209754532,34.5993943304865,0.943191881904453,59.0437469236881
0.185024243656592,63.7695570585137,1.19832308638458,251.760585899817,35105,2.29538701791008,26.4876268474162,1.08621865580902,4.62289658651527
0.178604892746227,1089.90260518039,1.07244517705854,169.526594519095,477595,2.24192189523906,72.8932615086771,1.03939946417582,43.8856099080438
0.265066480279381,163.032253809735,1.12620717536571,408.702071063586,97314,4.20154678623936,90.4986421652026,1.01191612820163,29.6416222390988
0.225925792877904,1007.75196954882,1.04869941656093,563.889431038171,441489,4.37302190125061,38.2223879986296,1.05892968974067,179.470978341966
0.441158167096237,876.185134488681,1.13726106045366,119.1139490128,404927,1.7736743965742,50.6210338481461,1.02895619628503,67.3867095527064
0.25770518794451,1056.59204311358,0.645776125988348,623.632203616774,483963,1.49575953565139,37.6562653167308,1.0774218550021,79.6491204433569
0.258801340712399,474.516647349874,1.15795895938899,993.373218161127,239467,3.53664993728567,92.9880676977188,1.06583053201488,215.564674401577
0.0778020814130727,788.725714851387,0.837843692235394,965.918685419079,363971,4.21849422278173,45.2770324313592,0.939566101008156,45.5030850411466
0.491542375046089,293.816973907314,1.15296853396827,837.714807899201,185984,4.85489238889653,58.3534668554577,0.947932760108874,193.003193725791
0.132486716525727,218.691902334474,0.645439702475685,303.024057162283,92999,1.02718513898606,92.1055957212309,0.913019482755129,3.79204532950798
0.0459483930552053,345.479262821439,1.02914577427268,71.2872166553989,222095,2.65471245370722,66.4651902822004,0.944039783434561,1.20208384166876
0.334941661997852,138.012854308323,1.04141324920212,841.864617738708,83708,3.93595133637754,94.9637350576529,0.968697772987627,51.157911411045
0.301729521376868,1019.78889525019,1.19814653357866,102.934220379778,491041,4.31423719549742,94.4837810985279,0.905765471034499,51.6393049520762
0.213421370456445,109.791625426675,1.06131316241389,245.346677397232,49027,1.24914379473239,59.6200764920291,0.962992509242123,6.23854454700709
0.216874194601532,465.021007758739,0.829544223489364,567.230554674445,295017,3.72245807785651,68.6786959550028,1.05430916832546,48.9165273260208
0.394681321312751,759.166370297644,0.934349130971127,219.459137186461,313606,2.15575486959588,42.2735705284703,1.06806551960272,67.1080536947316
0.105899193648828,666.642208567086,0.819930562899954,842.09891473371,269502,1.2983878373325,99.2901864100872,0.901774657997485,43.0414528265094
0.411924126282996,697.977171790119,0.717611187182915,788.301711446838,331431,2.95641032701867,45.8737495308846,0.901429407653847,119.062359962218
0.327886085808559,116.841851537394,0.749101396501364,767.981030450387,58974,1.63261337281658,83.7480240985713,0.9292614216502,16.2989342909958
0.215295189151967,623.004698125046,0.733206320564593,825.321235102698,277954,3.94803007224674,48.4726795116419,1.07451541214676,73.4064320659306
0.234434022126096,263.86670473051,0.929289198097928,258.716691251381,144319,3.96504719879781,48.4781696567339,0.993855610226471,15.2748455643468
0.135757131521187,937.129287165648,1.14369638071914,742.447757342262,470148,4.36827105995004,32.789719502571,1.0965804152336,157.821770181054
0.378536023021518,921.215566597634,1.14763597565304,387.517427462176,381274,2.51027474059101,66.9921858097435,1.07746629315336,222.727510129898
0.261308623729581,1194.14839846358,0.632858266515495,683.50252158998,486285,1.05323918892257,43.3624253596157,1.07802562269461,99.7849595847428
0.167218725947423,47.9103443508504,0.647939640571136,165.920642199616,19740,2.03894375349792,36.1296068318214,0.925695286385754,0.585219154406795
0.302064556722866,252.525321482646,0.747071434303406,720.307251061289,143281,2.87124679810111,42.000002088755,0.995045869842542,33.0567512048981
0.497909881505148,170.675919965995,0.753035671481685,973.502341505741,98516,3.7760451176642,43.8319867798022,1.0987181194636,56.3903800290563
0.223278517031711,11.8034651459319,0.656933505143551,91.4203470527804,6566,2.52816234274697,62.8062592089614,0.929808846052084,0.116119226330115
0.461138786381524,236.684650822401,0.833078004704064,139.137456108731,121920,3.14419358426855,53.9442277416672,1.01484669072364,12.4475645528017
0.179058251563037,616.288997632145,0.952635235614772,167.454928971113,339709,3.09705434982287,30.661771076647,0.968855998390617,17.7071544607267
0.0368190263932431,217.995312910797,0.946897320359678,459.035709694236,116313,1.65992939743327,65.2021437171896,0.977571628004071,3.48681522802287
0.11007863212053,540.747578332129,0.926057808755156,326.241175686401,254993,3.49219800032005,84.0810588691573,1.0781585008081,21.5883366544561
0.215160620230565,1004.61117619462,0.803203154932498,816.574145863659,444022,2.75700691282159,68.0676370670496,1.01758051383846,132.812658289916
0.117621115011339,776.152273065647,1.02387341118995,500.097877240913,347185,4.23167480660997,98.0905189188828,1.05175527787776,62.222318659919
0.0101112487269452,458.070712396306,1.09589036458864,510.310475554125,197920,3.7624448325156,32.4362656108354,1.03464687949905,3.27906955943118
0.458350753496288,286.307041953636,0.807764559886445,731.186196259086,186862,1.44587674479022,86.5864252568582,1.00580313811399,70.9845136809872
0.423500911503155,353.520970368104,0.651321215579677,393.870533408958,228412,2.95503364014627,62.9269502423,1.05834223975408,28.7813508282089
0.373723193428604,204.540341856804,0.777798150655114,385.54688504944,89343,3.80997743397675,64.1196383158921,1.09414658118208,24.4716546304294
0.092229151866554,645.232126604702,0.682421192744942,769.080068246106,317367,1.34804690322937,63.9324950987161,1.09336391079116,25.1330689901191
0.0689781523428932,379.701238784425,0.880415236336308,791.039658544927,182712,4.16998813022653,49.3989120930729,1.05789040019867,19.9569004113496
0.0431263272414677,661.915908702056,0.693561090789647,63.6788339061785,426331,1.8880180585776,49.3416260680189,0.997465951149846,0.931559975577112
0.364774302498731,664.421380019349,0.877706854594786,186.600952048696,378520,3.01233918189476,72.3883379981857,0.93263179183824,35.8672186400562
0.465115900737064,653.579439871027,0.732601735394789,252.443272091056,305646,4.76224514989054,28.3573814037337,0.908894101794379,43.6995540323281
0.220962552247388,431.109821053155,1.04323866327744,384.020445319983,182737,3.28533693928914,69.1589533976353,0.946288993673189,43.232166102255
0.0683789292780636,255.610496152316,0.616540944501507,326.875679260355,105756,2.69621780681579,79.3443038658187,0.968051599919509,2.39077855162545
0.261072482158732,776.762890232762,0.932847782299155,685.094045968863,388300,1.02717970959657,51.7244720106563,0.925969923183611,115.01232659958
0.180927634654729,498.518889054488,0.701692964952034,836.72847211281,243718,1.53365449109631,41.3017704594725,0.944953065922491,35.1705316344985
0.193664212931499,263.984565755456,0.600595118681776,232.482633238223,113150,3.31465554039195,41.0040184542178,0.916709092912177,4.52836766427921
0.314452005836297,200.485959716734,1.12152005283888,584.831057571851,98392,2.97530016261495,31.1379740008424,1.0047353944126,52.0070527804137
0.362171875498479,168.47827693076,1.00291667268844,399.425438526984,83535,2.45531670258733,31.7289489404806,0.925263638234709,24.083360258591
0.0641957634478488,935.10629421761,0.659365693230314,530.488981293759,388804,4.69286354157647,37.5015901145944,1.04855372598459,17.5848132499383
0.0274392130951734,263.946805159785,0.998443420610313,639.719949694224,115264,2.32993014970376,26.4379678789815,0.966529955628817,4.67665802702457
0.497221848316,635.501287091478,0.966988399642559,898.919827747911,263795,3.14860302577643,44.9676555643138,1.03441254284225,293.362392459109
0.12403689096862,388.87710993218,0.884014012225922,232.678034435917,226322,3.27485363809652,47.980137193597,1.07650388701608,10.5680136547922
0.0363769572051449,587.526399990038,0.851554859055368,132.656257703257,290226,3.10987356025569,99.6415940017098,0.917203308507402,2.30179507616507
0.103038911257001,1027.64486528603,1.13224185774944,645.851323093085,438701,2.9103415661604,99.3765803242094,1.09780015748254,115.946377867843
0.0290893447107475,699.24782400769,0.747088811938471,424.424306333995,434006,2.34825494404763,39.0286635127814,1.02904866847335,5.08027227934661
0.201987338362414,518.793282477859,0.83898603420803,204.757558628339,226087,4.63505453215848,40.9774118572693,0.910673187087331,15.2216762462554
0.403176874381149,14.5863303140567,0.797469247736896,161.232808987102,8667,2.80321304703658,61.8929777920324,0.962800446385233,0.658309465068027
0.177209780381283,493.464249222087,1.06272061742198,580.964297530328,213795,3.1137954693843,36.1588250303283,1.07724902978829,68.8982371578031
0.2276498693704,640.973276540071,1.14987918373952,335.447064801786,303491,3.62591193532097,62.8029556118644,1.01924672087458,78.6406421949815
0.341037519048045,472.96314332151,1.10986901924414,997.555060606679,279325,1.27062416972614,54.9542278603806,0.957444473448983,200.156791754611
0.259358094334241,643.347009483542,1.07862235817986,435.605778364178,326017,4.12515256585298,49.3467168287404,1.0880989168797,109.696860740256
0.432108386150449,169.933320079464,1.19207396734205,251.672278326924,77883,3.05002924034414,86.6953878107331,1.05745051408156,34.1120606894221
0.434357480772421,690.559609636833,1.01828673024623,647.406592861414,323621,3.62870774337987,87.1088274994793,1.04710769922999,257.674154794206
0.0148562407906653,177.582338402378,1.05063227472812,282.042145205982,92143,4.08804826165477,99.0917100237795,1.07768542400134,1.09609221151991
0.391242690176768,900.990924008155,1.18968152382301,519.381741069603,375512,4.49639756305686,41.7316085561187,1.05395598894172,314.560751923695
0.23575946411842,343.688729462904,0.604194471239504,508.447374534957,170205,2.56888166781172,91.620812285781,0.957347670639773,16.9917848843621
0.494531865238795,712.560287394734,0.980429025861819,480.87974822995,355238,4.24571957072902,65.3384447255448,1.01677721510512,201.494360344032
0.246783717178963,38.8750436801031,1.04338291917197,806.281411456096,24884,2.03534758226361,69.3594573499264,1.06845723355239,9.68087469936503
0.493579013240266,495.376906362192,1.15069623225432,255.782351392875,204522,3.64134260382947,92.2219910749395,0.936169621344567,94.3026264979334
0.379738986990811,591.706850828554,1.13030658251061,909.091939816947,352812,1.41082920271856,95.697309728374,0.932604655900241,273.133372366397
0.13181639346052,231.653190748002,1.10517640874028,801.773478052858,114208,1.0801218696963,79.5108443275478,0.931795249514176,29.4729497168509
0.273813539850609,916.472066649512,1.16747476316502,366.466246031158,397849,1.38305250445056,51.0881823951343,0.938851054932504,120.815997637406
0.496146463344506,541.669811278237,0.922427512748224,221.572380966132,315759,2.2775299462499,61.7250992251379,0.920646163122644,50.9273223633364
0.430189997798443,596.439030296392,0.604152057350896,315.558273281404,294193,1.12437845529866,71.1290398040582,1.06752580399283,33.4849957800644
0.0577097779576983,308.834057279314,0.606632639218206,366.004434563624,177421,3.52196508874905,87.1480029239573,1.0636636440795,3.04020238184392
0.356122278436898,546.265447853144,0.926783433370715,579.086510366694,241743,2.26617815352906,74.3460779033167,0.930273798371819,101.994384585763
0.179333997076698,617.396963463998,0.861163343318365,94.0497603729676,299077,3.94550427085719,52.4085712515717,1.04110743534207,9.26340271504712
0.0134213083213706,557.798488731294,0.870747032019269,918.64117335945,236759,1.18366054507842,56.3410338520221,1.02539511184199,5.68074568269769
0.20770567482323,836.799845127527,0.840242842326022,143.741113828055,349459,1.86680626618999,28.7828276529456,0.955238853122472,16.8985371531524
0.125029666645236,467.166890085866,1.15063548545474,315.309724395033,217415,2.63201370131879,94.3200895327852,0.945473686738664,25.917631070818
0.411245942555031,226.843031285966,0.815502210701874,153.823066055318,101934,2.53060624917619,31.608925999712,0.950117171055084,9.71943955306623
0.175291998334425,220.809613423109,1.11373616505785,293.839185199377,107753,1.52399469134536,68.4948093014159,1.04612612162137,16.5207927540947
0.41548661003737,7.34173434403052,1.14171887627498,845.790127678368,3896,4.97654725432663,90.3738910929116,0.96386341326809,4.25224527773173
0.0102929900290497,324.748171366444,0.899701061999373,634.41702081408,151178,2.13775832333534,56.5648937136255,0.955591855523495,1.76242420171032
0.160831383512798,902.409830106937,0.868162822419053,265.957063835007,374710,3.88412833860585,85.0094115633529,0.90449621997373,32.1851084666634
0.128170955010803,761.472198300465,1.05661236252927,878.170603309371,397287,1.88010678884687,85.2862059727221,1.0816472987553,115.876845151781
0.124448006923619,185.126069400945,1.02478290458393,810.676456257561,102031,4.51140484290434,29.4884528939685,1.05054082889579,24.0582826713175
0.0434114436850767,905.624483563088,0.797121069957724,765.966818205502,479563,2.55103324059877,55.9107794298041,0.994556735161344,20.425410011151
0.101690892501146,487.137648126629,0.661528875554788,855.251063466427,251699,4.60360995595642,76.8269115015283,1.08858538407011,25.705481553776
0.282219289243954,721.592601741398,0.758911440109488,638.667197442399,458573,2.36733967853588,56.6765131801662,0.958706442355085,80.0802118881206
0.152766925690495,706.800916357687,0.678617103487379,526.365492200671,353676,1.03457528598765,65.8875436134517,1.03494100863663,29.2952604918859
0.214523443341283,720.934629098856,0.776839365466015,405.23827486282,361495,3.06808172431385,69.584342845498,0.961030075535745,43.8851827952193
0.194664771370122,90.7136460973938,0.757092939348479,262.575819387313,43436,3.09915174460439,36.3422032548432,0.96291448510379,2.93362493514358
0.439193413249948,206.353888875462,0.982626854332028,579.54107476455,110775,1.47933673115454,55.8985904611397,1.06894183334305,59.076184912545
0.453596509515153,11.4065548029683,1.17269761707287,895.017728428384,5398,1.93985429367717,27.1347416262674,1.05740439069117,7.37767751542789
0.251548916111371,852.22905835414,1.01144623939829,614.282699542709,358348,4.1339823639254,36.2219562396508,0.95882148613147,140.576323716463
0.171776415654646,424.489547481852,1.15598964483874,923.626518634605,172875,1.14702329851464,63.4190547532374,0.916277903133319,79.7424130676424
0.0623323449611582,819.984751540149,1.07047935516507,389.071501113505,393540,2.95810674674672,68.0189498454108,0.97151682791824,25.4930021314531
0.477167410897227,262.439456408015,1.0367265732427,710.381073901123,170129,3.12163249365425,35.9675804943747,1.05201150709706,116.247900344754
0.0395112030011458,1012.01143500793,0.848437164128005,666.232198839509,409848,3.7548482427045,81.6714452659315,0.920108872237001,21.6448724545094
0.155848636008457,146.067773948428,0.794876701718021,686.912151859605,66218,1.14982506960054,52.9740915903244,1.03442017294465,10.6082396358709
0.156052438573302,160.670686775876,1.10776642348375,662.789911628753,87513,3.34258530836186,94.0487446620754,1.07795265198278,26.9579453865766
0.166996630208705,281.82374116179,1.1432359397574,260.571941190261,171097,1.01239214631273,54.0747042479055,0.935845431121009,14.9319330981064
0.0905005532034805,336.629651437417,0.871129496190559,186.411353368992,204835,2.06071346915676,36.2358232324453,1.07244086485724,4.88986488806068
0.393749101152612,291.860274307649,0.605437858911987,979.696843420456,175003,2.99873702126592,81.8477844010568,0.910272776491378,42.5618911658475
0.0700239523633347,590.501437607776,1.07551863534388,93.0303724003761,382060,4.64512534970247,67.5850600329497,1.03337605161811,5.48016885196097
0.32110426298505,118.613569527303,0.771041304283375,494.349662676857,49378,1.50635926402214,54.0016126183117,1.05820778407517,12.3189894513836
0.0706845530858505,359.699686413448,0.605932719010152,453.826301284769,176257,1.6771565160131,51.6967872574196,0.988953223531867,4.58526772224499
0.0445624624205487,921.305602734539,1.08299313538567,392.018010304322,418783,3.67700025753531,36.3076730167953,0.940745738962703,20.0312560174453
0.455620456806079,79.9262932316903,0.910448513290139,792.884660897874,34331,2.4994467752896,50.5625970599509,1.0849458997807,26.8091958644952
0.103163095496166,1079.84286841439,1.01112644780308,758.08277389689,471230,3.49368560769149,27.2008105733751,0.903993773720634,85.561288968725
0.412412575734255,1175.03676327122,1.14881389268669,909.963677353443,493173,4.98981666853707,62.6801435556828,1.01101424584591,742.163210875457
0.276869126842497,111.507572665015,0.924704298082863,425.713149877576,45195,4.94748664539542,92.2542806360302,0.974569881741006,14.2593371342039
0.0481496946082971,283.773289114409,0.901916443547379,585.970551532987,146345,2.41485431797769,84.6498097161495,0.992211439096209,7.73186812823069
0.478169613804653,457.791274566722,0.774397272808958,897.691694975015,186828,3.01570141529933,27.1390897903161,1.00731301125578,122.380656569154
0.131010971826027,863.570281735317,0.783116300663972,994.155659712615,388420,4.61876063451757,91.0945244701174,1.0069497244533,84.6951394955355
0.431226219222777,468.637126605841,1.07792523961779,970.829644247087,298368,1.36867064963423,58.9243621661915,0.940724732751286,226.426158592237
0.0927169028344364,703.710146132709,0.869417547351562,731.951677705297,322539,2.80921561534739,39.3168599061621,1.03594046458001,41.5136739560902
0.428432012249508,828.761240556918,0.698115725164872,186.066179919671,378998,2.51030939326584,81.430896641154,0.903829658238429,32.3008212218817
0.0164821183235941,144.041277814822,0.656717258400297,72.0267112033753,59871,2.17953109064399,49.2155162632785,0.904236818842571,0.0768072090045545
0.260772423719046,780.585670713825,0.883752070117068,833.957438582795,416772,4.97681684768939,43.998881735264,0.995697468255662,162.373255171842
0.387026863916563,736.19059039198,0.878973014170638,848.894923267234,353104,3.93419717588951,37.0988805086161,1.00838057605406,211.74686785035
0.468049803571464,437.164347872189,0.992074966923238,759.042862850296,289094,2.55498796957169,61.4966430175167,0.954977896340052,164.890416383151
0.455509046741179,815.233177115367,0.882640486647084,315.927311699259,444978,4.31608756666168,32.0045499662084,1.01033510672537,105.93997009752
0.411616186078346,547.493000563523,0.686085422480529,657.8269666186,350453,2.95866440284823,83.920984683534,1.00322184659712,82.6071966579205
0.445213761334039,205.519343935606,0.904681730879108,350.436019724511,101648,4.49129764947143,60.3005932499808,0.969844110954529,31.1717635485793
0.107617646060167,499.27787416817,1.14407364233162,478.115833795878,215443,2.06551938252231,58.523231261419,1.03035492730902,37.0840116431909
0.149250304898747,422.390640254632,0.695664846972127,413.313330731485,247527,1.89440090954826,25.1390467361141,1.09158744330935,14.4961737984937
0.151594577211319,57.8895241738113,1.01385278458665,917.958082450553,28553,1.98914672498979,86.3397895231421,0.998160538885027,9.13708692642778
0.194756426190832,813.434082767962,0.956315558979316,272.449464206682,477365,3.15392230450021,61.962779427869,1.057210151855,47.6648417587414
0.202727128488742,105.604060564861,1.04915143602708,598.730359345063,65160,2.16525356462054,57.9920889851011,0.949519312714598,14.871976791256
0.276832109080791,701.904243279219,0.690360164056556,392.932452582166,349033,1.58847873658554,82.1038663963293,1.0523901187015,40.5141151188275
0.0883410840495563,400.48630261044,1.1649632021436,679.917556318514,253609,4.97851167402293,29.7173911825571,1.0297811909004,37.9387424194143
0.348710865255135,28.7846203633929,0.972579856660295,586.334984118601,13790,4.60173290976564,52.5010342071403,1.02793955598566,6.5783655364241
0.0921076042592082,708.165477352491,1.10824268261468,927.778797297643,462449,3.54004974997232,68.1800468165317,1.07860706808845,92.9588130078958
0.162051156231228,684.568227919043,0.747964058208141,146.531544116153,426067,4.56617149569578,59.5433172054391,0.94667005099045,10.5984213774414
0.256639113997015,538.339589676408,1.04364773363878,259.608797768925,262605,4.74185095003128,38.6229167408481,0.973690023418188,46.8019226298825
0.400255875146504,241.017973077297,1.06861842260035,778.030565639503,115242,3.70443316746334,47.4457380760234,0.916613491402197,87.3748242707282
0.372339924286976,94.3216747305539,0.838461163432245,400.347497900101,61689,3.07471911476523,47.5150418235725,1.04522399535384,11.2144865372032
0.326311834641156,378.045009886688,0.830372071730053,207.494596917288,182333,4.52800716885871,99.397810207392,1.06877345705992,23.7756545363335
0.0863288976842834,300.399357398024,0.99467775901545,528.155196283118,128458,3.27118798765164,49.4647839104987,0.981166700726361,14.2091857882711
0.278052219351633,564.11051612812,0.65604460905613,669.534958530817,253839,1.5072021714155,40.3886546906724,0.971365363693652,43.1934006511133
0.0528487858819439,788.252258433583,1.04137449013051,92.5853784458237,483239,2.46742400183002,86.697786482811,1.03173037117131,5.02387688410205
0.194907956630359,602.42763598286,0.625732055903647,327.040794899072,287902,2.78368380694151,56.5878441252706,0.915118092157867,15.8820996372185
0.21262309984208,966.817453723031,0.714354180672496,818.951410811241,445076,4.74147606454238,58.2897770865288,0.958768379227263,101.829884465526
0.0295076053284194,500.813015987677,0.99848625434482,544.232338279685,325789,3.63674188922329,66.1666797621803,0.973242559707037,8.91731775231946
0.144254168740286,560.921336601667,0.658994200255178,83.610254414654,238148,4.50111025118356,69.6766897946884,1.00371805680615,3.47020430655909
0.47826823896058,1028.55899897154,1.18310525488607,317.853455010966,427450,4.03036680335974,69.2916700307755,0.995313843893802,260.138140395002
0.477279977836548,555.207382847719,1.12103772567714,657.18362318045,236213,2.23944354609073,27.5874791808283,0.941736084554925,212.978347415537
0.182640256583744,1009.926842742,0.975781399444042,239.391496099124,434446,3.87483597225673,86.4131824673465,1.00815757477267,52.8825637316737
0.0311190533846788,328.880666678925,1.09143447340161,836.021835908444,146497,1.7811989436955,39.6139614306128,1.08517373817735,11.6505108118181
0.0977565202708089,139.264042705993,1.13254802915374,692.747111729481,65277,2.63258324686987,46.9256595837896,0.905417578059426,11.6791741844613
0.202186718782435,932.020989987984,0.755685389743091,497.810107900403,427802,4.22436742862373,38.0072140015507,1.03606131448093,62.6431077867541
0.474412052004923,678.356983675685,1.10964695276959,919.842592013446,294120,3.44771664766091,82.5307493151908,1.02494180545246,465.988684823704
0.0791875411332206,961.570076999563,0.716876270182561,422.210732378429,444657,4.30165002381046,68.7743494469065,1.08488539094233,21.6492498281319
0.384122763397424,857.160077236931,0.848005358489289,273.319740035881,468976,2.01881432940021,81.6472114564039,1.02906898808142,77.2992555970225
0.0632544442935991,52.0766801959992,0.93495577874916,678.332842900366,27760,3.99899532970918,74.0048804071975,1.02496854249621,2.38704807789679
0.490816212921726,601.623071641951,1.02833457784442,594.630428096641,250984,1.80929744576735,32.8118975814551,1.05396113201965,208.81607207721
0.196992084563476,285.381284193047,0.618084790633517,368.485505884664,188107,3.18121668959203,47.6124831888254,0.953561189763932,8.09817435452916
0.389864924060537,688.897084565577,0.774305647666913,376.481333257778,313303,2.73413837781773,63.0448869692591,1.01914645248645,71.7935516428026
0.177869630577455,974.551597867915,0.965111458926234,428.299793202397,397002,3.22590343108323,47.8708773573523,1.00388422187237,81.8702868650606
0.317557749807816,311.109059158454,0.814421207489471,326.581639105401,141014,1.54213369611309,40.5477928304587,0.987694501330995,20.9560923263539
0.104087881522618,695.407406622527,1.0650150333777,724.729336042876,278842,2.44491150205205,90.235897679995,0.915897433473892,61.538626101501
0.0815502994555116,775.825926015056,0.99099129669043,668.790484798645,354656,3.66761532346469,81.0837756411532,0.958525771602568,47.603898024328
0.469651428388384,104.460969392113,0.740640872234241,468.738769919073,68081,3.23412317632411,50.8915045415633,0.955996342798034,13.8218148172651
0.459647166173172,947.60496400426,0.6875573877554,427.961941990275,407220,3.19587903564728,82.3759271971674,1.0448501914328,110.231246394126
0.444859780704312,541.544162148074,0.97742819615223,396.79870589172,303449,3.04332044852502,72.0653963833921,1.08413122704209,117.54911984567
0.316462390581631,924.02689188999,0.870280396622855,319.294905322641,474820,4.77553964015551,25.2839300224298,0.94615744457537,78.2323972719591
0.406051423495976,308.825764768464,0.701374224660791,131.411829999206,170425,4.73827879175894,53.5196519508726,0.914924787778265,8.89167556202621
0.0438280990865737,97.2068078937088,0.795824523191026,304.794451246376,54964,2.44057989119318,46.7865624395748,1.09999139087375,0.996526596258207
0.174046630526433,490.082608871986,0.781828048991152,355.141281258412,253744,2.40758004633682,41.3431466279423,1.03824106602681,20.2144295423875
0.163714531131007,82.3250097192219,0.664879183403625,570.299805952076,43819,3.21959382629224,43.8692045553134,1.07729416939805,4.02444859387984
0.32146620775678,1034.2297444458,0.928145411559137,785.099083624147,484794,1.38242513655683,95.6773634931642,0.928775883172759,234.443164965869
0.184419309000614,46.9639088336494,1.05818918034753,425.91703759233,20303,2.21202680307006,61.4737800993653,1.06015360822347,4.92351536625103
0.0827683230054036,677.500625162937,0.945280133311792,947.519060559487,376999,1.92347026320469,88.578153866809,1.06266474919762,58.3791043275591
0.302268866952636,450.753219942164,1.09577481896241,835.982465269104,263026,1.89355867334571,41.0662864114737,0.930297785198122,136.769101697834
0.40904812112785,400.749945185303,0.676541128329259,985.561755489558,184942,3.55402210358107,38.0802849734461,0.932280836018819,77.3852934453047
0.197240512285387,73.4761858287011,0.861367114693334,882.392888989408,33855,2.5374013373766,91.6592191235432,0.95909024322436,10.4328788028705
0.074811670398256,747.85873691931,0.965649062194859,635.88965184391,311461,1.68465749903323,62.1778514336851,0.943357489527148,33.7458757322652
0.106377216683283,444.209984772981,1.00560093656514,618.555323425883,293025,4.55028737995104,92.136409398431,1.09508198161132,39.7625337297556
0.126366819532998,332.157572905029,1.01747178385406,173.049820416506,141161,4.49659475175118,29.7271639653456,0.972588766727287,8.4834818094657
0.156949820567323,919.962210128265,1.03737925625873,736.279286446989,455201,4.44985169412894,93.7326641632231,1.05226128235344,145.48469514045
0.324969584548091,324.031015423127,0.99085788731761,620.196514713038,152751,2.56297976903117,56.1583987256667,1.06101016069653,74.0207609209409
0.304463287423482,358.71581053127,0.656536853364521,531.585498226185,225413,1.22792981404181,36.6527865566386,0.977188177430935,25.507788166446
0.351079132167849,526.324485588507,1.01718340656138,708.622528929424,272338,1.42696807157774,76.2537017076396,1.03651711085647,147.091825248411
0.187625972420441,88.1183323052733,1.03486959406463,471.845450696094,51015,2.1041923190852,84.7677012470693,0.921560028179145,8.83569007279959
0.413758849421189,817.730243547932,1.19608796060018,547.666679287872,466149,1.87988001643462,28.553104568605,0.979392410296387,276.058664176302
0.110002953966323,376.555443381823,1.01601746202068,428.434689563094,187893,4.49594248059534,99.0396980814015,1.09346213201898,25.933700495177
0.239829966283895,95.5229303992518,1.01209823745093,731.502348702155,41308,4.94543272155704,77.2770165487135,0.933706130782721,18.7194194995103
0.402459973555301,435.87239592808,0.908887974109183,882.780422020494,194258,4.26669464932721,49.1051493743383,0.977142260940126,143.053971175947
0.0982777373889834,628.347578705288,1.12075374515107,848.802692175972,300501,3.91939561099675,36.3470346771543,1.05810430197841,80.5421509905053
0.0638329257329836,524.768813431973,1.19810085717669,796.724008446995,257313,3.35449655970926,54.4398561008661,1.03308465098209,43.967789311392
0.443005144167115,669.887252589314,1.06742692211846,63.0983193173234,347577,4.07963319671949,41.5424245418969,1.02630372031488,25.3372475429787
0.178035534752006,70.9321583015819,0.967500226714685,916.286440683586,28686,4.78813324876956,62.0614917698572,1.07065149186848,13.5455319239741
0.345096361205426,294.578692559736,0.647372896158941,311.131934687224,142986,3.40537867962832,83.6419531367746,0.90581876860474,14.1380382472147
0.0224208160893299,718.768414162755,1.03604347903778,893.575245815207,409796,1.61845297607934,74.5097791712915,1.0542328736364,18.1644101273473
0.34812297532063,70.7036203983003,1.02513694114917,237.119697934908,40867,1.65543326907488,57.6951178586297,1.07650980784316,7.1722695439445
0.164889642658016,903.422625632314,1.06534088868566,467.6634638535,427888,3.33545121251434,33.9207943435037,0.903234895499239,80.9232529121261
0.0373130182578465,94.7816066196809,0.674733233039694,761.928854610568,46856,2.33387415913923,96.7867691776005,1.01179259022146,1.41809620673851
0.308808253158577,629.302509068676,0.992239500075686,658.264998013314,417393,4.64098950097988,45.2777894087865,0.969717697042126,146.182713480938
0.127993869875855,421.818724524719,0.777434342971005,445.125841127958,181033,3.44656933534389,45.8375909406263,0.910152541762709,15.1564834708232
0.199535548605421,675.545868593407,1.0561627460417,694.692663903264,306492,3.70597045369344,73.4126666378899,0.983549623863629,119.773403405805
0.0494845980203917,167.087785799221,0.74422437241888,571.502034544308,77290,1.02328284040361,82.7882216610327,1.02880602823438,2.81688910354368
0.0821099930365232,53.366780413559,1.01038720609225,311.949491303756,34018,2.99539420825049,98.8114573988012,1.08380272631788,1.63224192495676
0.156008845392963,202.504159873809,0.776995768190388,664.012973222283,108753,2.72465888555565,97.6873195470855,1.02410609729921,16.2441720132706
0.053982155274477,157.810335113224,0.605396575690459,244.034732027297,64799,3.82348742707013,93.532039317406,1.0713486163112,0.981856836573526
0.456304869696294,370.666626074047,0.980014747183857,709.288870046207,156890,2.53055464133346,57.6485175537512,0.924314301334913,116.938743538325
0.0129630511601494,460.093347601408,0.667961449895353,52.9553337420807,257677,4.90630012754865,37.5002244817336,0.942104233504627,0.155042420200451
0.247091507243513,488.486045502469,0.995574883672928,571.333888073681,294791,3.68081272622561,68.8353402464971,1.09405857284291,86.9074684574714
0.0703912544849502,770.17041174742,1.15536566901416,431.014246178334,395144,3.63967333257036,26.2942379160076,1.07748013805129,36.2173258721807
0.160762753844195,609.573469498695,1.18154756052665,337.94858511185,328464,4.67736457903193,39.7186629246545,0.947045390604005,48.5693913958249
0.46376918431095,665.079315055062,0.741553852396567,539.922568872906,304771,4.98081933559338,25.1897047596073,1.02419477635952,104.993682682478
0.0892303311042535,509.2669931514,1.08555193659039,663.046050909094,206479,1.79128275704845,38.5401934428654,0.972526551705707,36.7715999161442
0.483257836661983,442.33243426936,0.812131966123464,967.046652902792,237430,4.24213257285891,60.6067842547192,0.993719701745767,160.793861986478
0.110839244724817,324.702045389078,1.14027424364879,841.411265393693,207846,1.64927798128811,54.4993233320062,1.07217562981846,47.5480795233243
0.373367393148747,1009.97332248815,1.07249374117762,731.29238892962,421241,2.82817381221684,52.6972423694979,1.04714252202661,369.748741717583
0.277871859799683,178.04844026987,0.644353029987458,505.018566095189,115770,1.40074161732988,87.3214647950397,0.947688512344019,10.9254475083721
0.443394576522412,9.45295976762895,0.844282196326366,422.536913681137,3854,3.49348391386866,75.6247228484258,0.963198614939377,1.49031695521384
0.281456695196534,705.672374745799,0.802390695605804,80.9031718566974,326009,2.8740726536203,95.2323822153329,0.9579420919638,11.7770622725194
0.271934017386591,249.120666558915,1.07110861243397,391.142057906096,102028,3.51479579330286,58.4005818008254,1.05613255566815,37.1135350327568
0.105774420180516,756.634103386152,0.846171426391895,855.958281738986,445168,3.71184301046165,45.4172256606964,0.998017684227366,55.5649595008676
0.0914523874053128,661.983236827932,1.01075303859185,414.823352877475,429664,3.47772900012495,34.2013403525017,1.09014486140488,32.0695101846351
0.459079684046602,78.1108054165485,0.961461153354264,488.505749109039,39287,2.17611649042949,75.4020546763859,1.06333743544581,19.2036269247907
0.170640717436517,105.503368623854,1.18538323145858,308.242702823659,54087,4.34783662897468,88.1305816353743,0.942238886170916,9.14739698895794
0.192320304931819,454.376749564077,1.16267097408097,310.426120872698,248091,3.2067447975005,38.7804523196317,1.05718855907091,42.8396110389655
0.38231359262991,749.590140001501,0.856619708843231,108.778172847161,305002,2.95940469286721,90.9064558384402,1.00121586944279,27.264961286112
0.176023506387176,320.932297526335,1.03414692698469,633.113729338811,138179,4.9482552169395,64.47071512715,0.950742025236141,45.23704290805
0.476510598853111,775.320562591041,1.09767605638873,475.665932893079,358682,2.13403162682591,35.8060474105714,0.972666348563578,217.851351613079
0.371584606809412,495.303959322118,1.13933145231729,625.662767116255,297863,3.11212121958069,73.2147493676316,1.09442522334867,186.089532040396
0.302740328860976,364.389101676135,0.64088055826589,569.54255502741,163087,3.72929831443197,64.003955615291,0.996792288516825,30.4550187850273
0.441638628666929,30.4209901311982,0.781247279564098,808.902357932316,13660,1.50090373173293,27.1137660484549,1.04392116992213,7.40626566881658
0.0343068950912465,722.526212262428,0.792138024581113,763.461316695899,375325,2.41695889658614,54.9432403544968,0.995417059032555,13.2733687340882
0.135960719172712,262.269693566487,0.860667570731927,782.881160480985,108162,4.20675486398931,83.8590994707183,0.974311454769224,23.6996248175373
0.237867803768246,695.801568976036,0.701558850429251,524.277056594592,417403,1.94703293839932,66.656781506658,1.05928400365187,51.2325633176524
0.121219484341045,372.422207839198,0.897723527970005,386.187283786234,210725,2.97316145961443,46.1530844696898,1.06966487035501,16.3789883562279
0.374513541778054,451.712431518542,0.997928596379074,936.764761006305,288962,3.52252242393188,94.6481322536912,0.914377833133174,179.658692700474
0.460411935216325,1002.19847924225,0.898418352130031,101.556285030726,436602,3.6846494132304,42.8334278532895,0.955795517826333,40.3804583139719
0.217647358766152,916.489723305135,0.999475857118569,194.990242457719,431948,3.9132417681913,43.9552005199462,1.00157420952618,46.2704967667405
0.177644974054829,338.283093695317,0.63986497909074,448.619137567808,186388,4.46390926817178,51.5979509710197,0.963299549488887,12.8212104377187
0.481159858747407,175.091430888348,1.12559239902445,633.259769939611,105235,2.57143777213455,92.0903395942096,1.05671660099215,85.1961113476676
0.227977692085495,597.266224921605,1.16344151526064,57.7903560663856,387798,3.82652770385542,63.0719046569137,0.922946672149774,11.7566321521494
0.249633716220149,361.862130167671,0.970744454471189,733.356678345585,217107,3.92869859108101,76.1634294419372,1.05955965725731,81.9189925094839
0.182308437447534,189.134599020229,1.12883459918214,580.790215650419,96829,2.20109652050796,98.219812938271,1.02357728343897,30.3095591765817
0.455678751775948,790.263867676218,0.678867609988927,510.467620743079,452309,4.87263180084656,83.7472222669273,0.957873543707497,93.9711608355237
0.288788186808107,175.641406345292,1.07846935204579,452.320286886475,99854,4.46087669408825,37.945008898832,0.968890937688236,29.7869139777613
0.383465547719006,32.9658732402479,0.671488916083556,543.512680153593,13877,2.15944531479826,84.1265446779983,0.93657983101864,3.34752734502082
0.407785291991934,22.406315791214,0.844806138898522,203.69644775766,11119,3.70027470674795,81.1252861919514,0.950514680059628,1.53528392470492
0.177506030539457,694.490013448561,0.794291120734965,153.276152313133,311535,3.87120253783718,42.4462745857919,1.0434537737965,13.7353126171982
0.222510222346986,508.590609255344,0.951355095132272,325.155604814246,331176,2.72593454510152,49.4012373165712,0.975176828108239,34.4250232364556
0.42575116945907,291.357167790465,0.78090872114372,724.029552386058,156210,4.45497314376387,78.2596179897308,1.03749682773741,69.7778031940499
0.187995122321147,318.022826586237,0.98238817780028,608.873489643722,160685,3.76091741403616,42.8794820550894,1.00282150822035,41.7450247085341
0.399028215391407,287.377237045802,0.820432373491175,506.116866738062,170407,3.63261874061087,40.6140151751964,0.929059549928785,42.99820994467
0.471086238061474,551.51158051652,1.11647422861828,592.944917601162,340399,1.88336148913887,77.7604579097748,0.999814129559939,202.858973900075
0.315373082803323,71.1280757852233,0.980330304131767,581.295112387376,30008,2.63136924539833,91.0446619614823,1.05129396916853,15.6901100764289
0.373397370851426,1133.43067746775,0.729178978392868,341.689829215429,464629,2.7356899565294,30.626251196659,0.959535100944865,85.1462826013485
0.404497682900156,176.886344835611,0.801677653216852,142.58314988249,112038,3.93464438631608,58.4430801443585,1.02961633293739,7.39022511286959
0.424069427959355,924.207966221077,1.10845253257599,901.943250229898,499837,3.47357818103021,70.5381415246756,0.939806530908342,479.562108423895
0.20357613554983,212.860494255402,0.831887849992475,619.915699492719,86589,1.34344236250507,75.7207589374051,0.92713979158335,18.8838669219975
0.0351190949962391,611.103595312598,0.921479439339387,712.860599696809,386002,2.23079180754896,99.7146934281122,0.972045226124791,14.8006733520399
0.206919372906002,241.123212545518,0.9893651615714,490.797363148607,112483,2.89219001784618,76.2018970237541,0.977840718739934,27.5793878239088
0.340140552594204,102.206575918518,0.80868578975155,768.656550977734,41342,3.94693178342797,71.5115584747866,1.05220192607342,21.9956607984548
0.230671689032588,1084.45085158186,0.776387178454841,605.272400779734,437592,3.9742765203187,99.2300614231751,0.992015750253565,110.60071859681
0.376991943921595,846.673931419783,0.885152941564817,101.111065992331,429517,2.96217323428655,29.5501105283638,0.916246979066164,24.4615634546316
0.184921390439645,336.510489931214,0.728928583255673,895.592183624007,202382,1.46772952904271,30.5827672114824,1.02679989967108,30.9052170644477
0.321024629140974,598.27582837731,0.770526352151438,340.259339448493,351496,2.17161361349136,67.0511894818063,0.99385065197321,43.8808390890114
0.101345704378448,666.641438806223,0.637247090419222,180.996238550269,278976,2.01876952898828,51.8998460762193,0.966328640113063,5.02660178839842
0.377191023956029,1028.88426172217,0.782382165582603,133.6389573191,426625,4.12410564123296,32.2523135310292,1.0604437617222,38.9530733885829
0.277391024718383,333.493962096167,0.792422456018142,734.418298150005,158213,1.71994525602261,47.9836672069593,0.930876958045517,41.6588878886532
0.109991550387834,594.447529874151,1.17709989977479,718.769948464142,262313,2.85968488958077,75.5765865555733,1.08264246879559,80.8027106836722
0.153036475013926,544.753520288855,0.953837295279528,715.154018572607,243201,3.68287521405756,91.0461222764973,0.966812298063422,66.912478470949
0.376818267205098,383.937353981267,1.07242945524948,919.965134047488,177599,4.85914461180015,32.0743357492416,0.992188288968526,171.576150626937
0.246474605474145,1037.58384845229,0.627226351668193,381.495870897769,445836,4.99696232089776,65.5108796863078,1.08584659911204,50.4626973966223
0.115855405792605,183.078069031957,0.663922016165023,583.076403540977,83773,4.81168857422176,47.2086673597316,1.05224796634754,7.33827642377173
0.483962883281446,153.778710323734,1.08872217651756,638.520803844632,75604,3.87296938101414,75.0494622470355,0.914860486760964,62.0606460252886
0.360411259710275,501.768480111742,0.974129729650581,980.507737138139,288878,3.98576333208837,66.208862084313,1.01565937175107,201.133872542243
0.4789960679445,738.441149347996,0.714589218324122,346.728836532662,329090,4.03684039043607,94.5033254516635,0.962072574334639,72.0983164033569
0.219281472226568,193.623856402952,0.842877243517043,958.514639908743,98115,4.45041950618516,27.8262915212416,1.00169764996814,34.177170385017
0.242799166938943,351.721736731584,0.923203499988974,191.297616428262,195968,4.80714185140883,60.2527956205106,1.04859380832683,17.9612898861965
0.449998055930659,1089.59404237451,1.10616589748247,775.80138322645,473336,2.78282457808131,39.4569666513032,0.99923458278373,499.363560892016
0.267274176720238,272.528682686997,0.636247195016696,651.241605019392,124062,2.66604351216851,65.2586281498184,0.914204375389009,20.6407347711851
0.356566666833777,815.31933193997,0.958033373620417,826.051235408388,334512,2.84185784951452,89.0184508050132,1.00599610372194,259.868212071305
0.13356470997281,616.771329756391,1.03022155295201,77.2512949578548,370335,3.63926868582638,93.3487395839544,0.904825933312029,7.68752726254205
0.228895969664294,482.742300357911,1.18673511474628,124.224490792103,224616,4.10178158511106,54.8673747412901,0.969681871471988,21.8891954060572
0.070490434247074,817.744812865907,1.08429604697531,116.210990590689,468826,4.48217756360532,85.8835392449369,0.995606104584686,9.77024630967482
0.110930217579711,885.941459718303,0.765736388139164,613.311482722423,368592,2.82484301713042,46.0381056044129,1.02893471267533,39.1762097908787
0.0104622734811392,367.09151356955,1.02574751632696,622.789264196761,229504,2.45349050472052,25.4728709739385,1.00124135752434,2.6541861843918
0.0292398753078435,614.717418693822,1.05796673095619,910.799644887227,285098,4.93341045880891,89.1429293142227,0.930389362109434,20.7903070710919
0.488869073356695,794.122386281717,1.03784129995104,494.223338792523,346614,1.92755048402891,33.9559181804961,1.08644351279221,232.236386868252
0.128753310617014,549.988704421657,1.09208644077112,114.646602254716,296503,1.88801934100991,26.3208342522211,1.03005993455023,10.2072522714633
0.335022247656961,1078.5200617468,1.14223798572818,249.05293154139,439470,3.86162981930598,51.5348247525961,0.963393557024982,128.755743979387
0.42115885241181,420.98530611046,0.659057921393604,57.6694400769508,179087,1.71862918241057,53.4534992218718,1.09318793902621,5.30487681183679
0.279823625025917,270.346684519433,0.662858314608671,787.878798871985,150643,2.59763599898449,30.7915128079204,1.0765155218218,27.7173972781471
0.0850408050411385,162.369713390977,1.07783999326239,824.819465036736,107705,2.16954728925701,86.0636984863353,0.928698017735633,14.0391062514162
0.366777054294722,35.6690349174719,0.751423485912883,998.043395469929,19853,1.67484182702779,55.419454765625,1.03108581902131,8.2265641008111
0.304123190948796,40.0153584086548,0.635124853170047,441.58472660044,22464,3.31882895639157,61.7442710327196,1.01201389041731,2.56390922200723
0.368312788780214,1040.01221867088,0.840737508588363,68.3334566315129,435158,2.49404596301852,44.8468950964624,0.938561784577239,19.7263257500294
0.387175845199973,837.632048198695,1.09192614709565,272.993387415854,339518,2.84893669139378,63.3630064259948,0.946695028097806,115.194763199992
0.487951080165525,519.196882001684,0.675939014288388,608.380424280131,330606,1.78345201930206,82.5048542963,1.01275475471019,82.8845781315227
0.291046007213088,606.581217803501,1.00310518308268,963.8458187001,307707,4.07146721068703,92.9637036625388,0.964257656866795,215.090690573988
0.177404145218395,870.051548027515,0.602169517062941,148.399623897255,424761,2.25884833380298,97.7897200551362,1.06696628621903,10.6702876173309
0.327747632881116,383.338970033977,0.66584246832747,165.494369152706,240653,2.3708727161076,57.0042943451023,0.919547847061255,9.40242200273283
0.0435359475288868,817.340465207383,0.810510207461092,716.671036014996,435335,2.00861584840045,99.2525394076344,1.08280615464042,21.5856731419236
0.449724685977577,327.734436048245,0.650161368614648,683.846702270472,180363,2.73761428847614,47.1216783792011,1.06811050981366,50.1836139447808
0.0684966955557164,943.563488116739,1.10754100046227,287.981037546241,463427,2.85430650895469,25.5231951463795,1.04772469662275,25.6407221281574
0.170642990564051,755.617174273278,1.11844230188728,822.487551463793,349630,3.11866766531806,82.5712782923226,0.952513450187033,146.567909420891
0.409715236506799,284.978932825631,1.05334242185971,172.33981770359,129331,4.87027312792776,38.3826736405899,1.04299157120842,27.1616780302376
0.302683065382049,462.347285560263,0.74548777883737,929.454752537922,282478,4.61876723218281,28.9341128592897,0.987753955923727,82.4662632112124
0.202881404935947,617.515403360579,0.913948245143988,240.9803338158,266982,3.43757052394821,94.3006691948274,1.02675157944583,30.5964661449627
0.241983473093761,152.086197641723,0.710513115314023,127.284754086855,69811,1.15561387105239,84.385812287274,0.962510883440671,2.49893948805715
0.428728222669068,707.237847604531,0.768767070043866,372.545982150162,296030,3.44904136350694,32.6998601153692,1.06717157076161,80.5366001384781
0.176602149169347,308.147145603435,0.909603175304275,228.449224107818,158078,1.35867442705647,83.268261428825,0.908115219863776,10.1836350877529
0.436128345557964,64.9270781445513,1.04100828507648,550.594163784231,27122,3.84137695407499,88.2999773070247,1.03829194933918,20.4622243328182
0.0531858711785788,1122.27592816328,0.656792628236183,702.50421050314,474380,2.56031058632372,92.8976248886928,1.06572624807666,22.3359898028942
0.390631234232229,622.430990257891,0.778018018576852,516.375499554377,321104,4.35078596627407,65.777055059977,1.02928562303278,96.9740294649305
0.425298340196821,825.037478651141,1.15597280914315,677.576965220429,438583,4.77011698106052,77.7559052896072,0.938398356425863,390.027221088538
0.099090649890296,823.146810889216,0.857473990669133,396.674488679985,338352,2.66844136586244,82.1679459220758,0.956996155956053,27.0390249997635
0.220869800862378,396.813534721543,1.16332180434559,76.526467376708,179135,2.84222118189498,76.647920136708,1.00298105890055,10.3155652625687
0.0910948895851912,623.648680571037,1.19484032493128,975.360918013892,256831,3.3605903240514,73.5125215229195,0.965889813854449,88.6045601942071
0.356236023207167,776.832276273006,0.915995895666849,828.442829312996,338198,1.7885308874322,66.0669439583413,0.90098328434144,202.916769436536
0.272320406350212,1012.8129142348,0.77282640587091,119.747882880397,480166,4.70933136331345,60.9396590646677,0.90813562248891,21.3892062961199
0.321308439887077,206.152113142917,1.07446608514355,476.717576348518,127581,2.73199970600549,99.7093764673623,1.053553686202,44.1534941558661
0.106278613808543,783.97702305003,0.695586441315009,653.268116568281,437614,1.66728134366403,50.3170585316617,0.916741436336273,25.4021916549937
0.113755472405686,1140.88910895627,0.751228115803242,231.064557044006,462115,4.05092733367554,31.6201577833411,1.08560437112765,21.5170531498279
0.0303336894998541,610.485252158367,1.07092794569957,599.089180794633,335538,1.87660548977594,82.3777723752721,0.988547289179266,14.0860267619249
0.167813092245908,741.981979368787,0.860187554839218,556.966187211803,465702,1.57411710028742,41.0368283402121,1.05163732767287,57.9952308934567
0.284274884053501,440.497404193497,0.7209227621926,247.85192910797,199541,3.25148830197603,64.9520019714029,0.925100919213721,16.7197402613441
0.430388107858691,1064.62813152832,0.990675446971395,184.149793813581,476556,3.68598102116636,32.1851137450428,1.08530148401541,102.865551594732
0.336794449254754,627.925840190068,1.03965711682901,771.014175137706,351689,3.27825096265967,71.4462895612593,0.906761765968431,177.749672503771
0.223344198465878,39.4768766664448,0.675042743670341,356.457123842152,21960,3.62604259578945,95.8005552927417,0.908427432145911,1.54796744539565
0.477028856053128,892.952035717799,0.76618815598496,281.838507150131,453530,1.46209604923098,79.2028534455218,0.910917156042605,70.9888284129399
0.362430148282158,369.417311132687,0.73276605322334,750.984435165689,242752,2.90407215153643,41.090108366996,0.920681632192696,54.3429348787112
0.46578094940265,528.153686459352,0.827912777257471,749.265257421833,230703,2.42807457635416,97.8353533966646,0.997366328777182,150.119911354577
0.268518106903361,515.448125019689,1.05806693734564,312.581573519418,283667,4.89347446496049,48.0315198268411,1.05765528842299,66.003685210102
0.136863094648638,177.810326014535,1.02822486136459,878.940038189261,75543,1.19849573671787,57.7461239868516,0.956989566291266,21.7890265454453
0.0358850763187138,541.38064894407,0.997514346230222,703.837656818725,235114,2.19317681223969,62.3587765279601,1.04915536433872,15.3274512343448
0.365781577227087,898.566151434571,0.603771327521155,378.476006930461,415733,4.76744877636689,99.3039057530105,1.0548121949537,61.7853287192562
0.0694384690227117,15.9220332154413,0.685285988028234,456.115167675426,8725,4.93398473273732,30.1668550539387,1.08165546597035,0.306394003172787
0.158359812853264,276.608387511488,0.73397852946124,740.374201634087,137185,4.29960643090853,77.2546220826677,0.929870384029554,20.2066945176413
0.27091074486311,4.32530026889786,0.76317350762331,251.004641250717,2224,1.30399297606564,52.1448156769552,0.927106901806869,0.166817683168451
0.286564128012076,383.296540369674,0.68785592498934,495.322752851463,208440,3.24542011337416,30.874398932683,0.924419011106824,26.5229202760223
0.304285766523697,855.731307910757,0.846189330884334,670.880425145195,364430,2.60049197068187,95.1273743224642,0.971862121810825,137.199456451548
0.0914651118713533,792.583641409266,0.645108351008416,562.523620608278,399587,4.22581027078161,69.2393739357299,0.997882532838396,19.0935341378746
0.196071328362608,1102.56157217382,1.05001331423267,627.911928609269,472650,1.22009694228533,81.5138505691582,0.992321871003123,163.870345503674
0.312425171287314,489.020176836462,1.07263247237766,568.901874502941,304644,1.78851500657881,43.028907667846,0.951409746279959,101.906200136644
0.485211243670555,210.14799340337,0.944560013760539,239.266071600519,128059,2.95678026489052,82.1155691972068,1.0243959250927,26.0327471001217
0.366539257472847,1144.89357900796,0.653822926225181,439.69507772399,462150,1.63059065179131,87.1356580017412,0.967654726140109,86.1796831461421
0.462075840976039,809.809894581038,1.13404990172805,555.386220703668,387883,3.77086057077719,57.3122047910857,0.973216597615904,300.083883202472
0.383483908573947,578.090148885266,1.17938149722487,791.059605228649,287640,4.28306888455919,67.8967354560974,0.921106012560519,270.650423156358
0.299941314757276,704.311204482044,0.721418136193074,671.209025311065,348125,3.81807957451057,97.8904401197166,1.01844626701822,95.2888007098113
0.104091450876809,792.855546496305,1.02278389166443,455.261397926638,462234,2.76113485455993,88.5047231280819,1.03105607504566,47.4584726855654
0.336675969427331,790.934677438211,1.10516317838549,975.679840551188,356485,4.51355066501058,58.3637545801123,1.05159004409232,387.059991912536
0.315455987320354,292.89757009711,0.923906113525621,152.405745595739,184819,1.55074452687977,74.8430394066884,1.08080184262544,14.6732668302391
0.305209893524061,739.763974158872,0.793993859716049,246.46462512722,356801,2.04135433559604,83.8173607601885,1.0532008911314,42.114201541948
0.249995075314238,43.6890800703693,0.887135229048212,374.246979530081,21098,2.95815874100921,26.8246615433686,0.947148733230014,3.34276016363265
0.269041735954745,467.920414553981,0.907361250470671,267.143473138515,193821,1.24535439551701,69.1274489968953,0.947131031892874,29.3576574938957
0.173876838287871,412.844878472916,0.840382226512817,644.169896965711,203755,1.38274312626619,98.8396460059531,1.08301743911238,39.0915183392323
0.264463219394729,137.925806261217,1.15790549618022,87.5731928694425,84252,2.58977348688949,96.0385487369748,1.05802671388303,5.33532143655514
0.106802393782454,25.9487980525277,1.0463298665655,218.564945059745,12519,4.77554518693822,87.4330296071833,1.05644928606218,0.886750707794827
0.404535454706585,107.505321670389,0.744780985352978,328.679875775674,67557,4.633654773108,32.9660569848014,1.04394273202211,9.47683046667655
0.101030707802367,558.258272899031,0.951334312391921,699.178486325351,327656,2.86389943311364,99.5531089387114,0.953440398250756,42.8767713970331
0.0516334820458385,614.498181394946,1.0132134905587,882.071638452072,401342,1.56863417804292,70.7153614853462,1.06948206848141,34.4356363669619
0.223760552915007,994.796545203393,0.684093853021278,808.567182025402,494114,1.71243062383374,41.7181187072118,0.928576935616025,84.4345021627528
0.33257064535797,275.447227179558,0.815055445428089,222.976886587742,173835,2.51018421843651,75.5701517210738,0.970003521859581,15.5914844691834
0.224481244217435,590.995559053467,1.14332896896235,587.135470519016,300090,1.84029678034713,89.2392671559761,0.969294907987286,109.493100146756
0.145609524656141,1140.16562957417,0.940303860111121,78.5215130774529,468636,1.33190237756151,33.4245820635727,1.01202642834161,12.4221439355682
0.283503880106316,187.245754233833,0.73019864763619,345.009936585218,84354,3.69510993407999,93.7328607467068,0.992688711199116,12.1802816288576
0.180031144351978,566.456419272674,0.67367087887149,815.68460508691,359105,3.32579455117078,94.0153211064246,0.991961626619974,46.9424872527771
0.46710516816205,651.294393414707,0.910936136084927,483.832428056173,377735,2.16518703191234,26.0098304673488,1.01071448625592,129.23798250598
0.46209611840575,98.6799265383221,0.928611433817486,192.444256162043,45398,4.11579353020922,92.5239341247546,0.983083690982426,9.21803353943441
0.256162191786327,1031.55135246222,0.800648670812767,466.625712413897,430764,4.10379555082334,96.0113438680117,0.949996646263547,89.3518008000702
0.170663157068947,623.499305980371,0.978249617051471,238.131279189117,406740,2.96400788085105,27.8268847735259,1.03282414355347,27.5134595236318
0.371194882838753,40.8563865952394,0.641210811731633,423.531884970765,17668,1.38613022204758,47.0624742631038,1.05812667576768,2.94161479208785
0.0279893423067027,95.7733165555948,0.687083815959684,513.441799110451,46451,4.67387760040543,52.9830630112095,0.995799175768918,0.782516572737306
0.242636812961389,52.2039740736122,0.927764292606756,382.080206885477,25514,3.67464209416389,51.1667854049793,1.0298966373429,4.55278445491364
0.174798463192463,413.003553790326,0.637089416306672,940.120502912168,168037,1.9882032766078,81.9252427952642,1.00707265636461,31.9642776122142
0.461062583700252,573.452808234878,1.12854525899466,584.403782678563,255135,3.44181818813691,51.85783444179,0.91179928770742,212.032939695113
0.0158814833636144,626.640395216218,0.68528782227391,850.748040249552,266642,2.62008598331052,96.7434107421057,0.984616932312827,4.55004975636655
0.280879289101991,249.482913815778,1.00435192445072,772.692119702801,134565,3.54139855894383,99.6244468978553,0.901970499904348,60.7417826253004
0.372925154722647,936.557859481141,0.834722065028655,678.107993804388,455887,2.89548358292408,48.7614153029685,1.03237585563295,191.873155780948
0.24765881388678,390.848699178587,0.839872648525349,522.044310887453,184763,2.94188860095893,63.160056490488,1.00163229397692,41.5652701844601
0.0518474847797336,43.2243653208609,1.05893371716669,52.0650945925081,23729,3.94352836762944,66.8279380225006,0.925366307035939,0.146719269267588
0.486506081113672,312.220330467692,0.899677280503748,632.79422052448,150813,3.4549029842559,68.4552122475296,1.00843830641577,97.2801670003433
0.263825111374288,461.992010670711,1.03539327818632,388.159580352373,266024,1.3198107649769,53.0656745646475,1.0796852006056,56.9301780189274
0.310951259716316,336.403929994682,0.903114737251661,161.874058461253,204703,1.26149428178521,37.4495126469122,0.968098152955524,13.2758357494317
0.125938793526679,257.946384278747,0.955743204843158,472.394950431474,137647,2.2200369499869,29.0920406298346,1.09647375324659,16.3071487658169
0.246914061702334,148.9799390005,1.0564287767218,748.775656169139,66530,2.72098398615499,32.9761499237374,1.09187598134843,37.4128691776944
0.220283251059578,990.0640943562,0.964385245752765,963.593904963769,409763,2.10089023671714,92.5968428195381,1.0570619684913,233.27549659373
0.046698962580972,975.092341628085,0.969369065633273,405.399646565978,498077,3.60583943227967,46.028125496538,1.06275999556379,20.1642148215031
0.0620185732382589,354.510893811976,1.07353175485656,565.587133769728,165441,1.78043172690249,30.7617237408283,0.982109072039969,15.0976890645313
0.4203615346132,306.867794945433,1.16945208949162,858.682164195406,191429,3.81656438558468,71.7647274658265,0.980508219059418,181.178096795362
0.127511776581229,743.943491359849,0.826029692361202,367.299448952514,309401,4.09260296755572,30.6480363445964,1.0908794716534,28.256400565179
0.105529553034329,743.669420591032,0.946270294335571,185.144382722275,359503,1.4972772303826,30.2539704751768,0.973239249910728,13.4529206685803
0.257406611112568,448.366947262801,0.651763894640127,317.787739671055,196623,3.60322497345195,71.6177879403416,0.919374577814609,16.4932596328954
0.386686094367631,1038.37230988899,0.81528232834132,904.166688317969,452560,4.84574390360046,69.3546433148898,0.930540217638253,270.492165615441
0.0403537941037041,492.590911775724,0.847229535533632,201.423453038746,280442,1.77129526905339,28.110796521247,1.04207979303858,3.05611628357701
0.292635880622745,458.075986933537,1.10114239009443,362.760007956443,225745,4.63721132446462,59.5358375827712,0.976596187017929,71.6415062959074
0.0684131169918809,796.432690782773,0.908035441275406,491.408294975324,323690,3.42419179709607,57.6826230929526,0.939868567942439,24.2582291151518
0.027865914904553,757.381378879883,1.03863982397907,854.757562316374,476450,3.36377946932685,66.0016847276916,1.06275722573661,23.8356054770045
0.0358445365594865,867.723039568587,0.611404440015403,940.827619470326,397482,1.20769072928347,80.3383532827591,0.997734698134659,11.4637938535952
0.418740413022136,51.6238286600854,0.878695601776989,454.519794151592,20966,3.99320111354559,46.2100035671646,1.01352824095396,9.06188413369732
0.0678065169777502,300.375874319788,1.14079059909815,935.35634593584,166822,2.91309221059223,57.4585212687858,0.930789870930021,26.3009057225311
0.0321241685620231,556.834142762988,0.734588345583471,203.386140114867,235802,3.88469756734054,84.4557013270724,0.938550840283188,2.31734645705626
0.224570944700027,384.381607351964,0.618913311184268,199.009677301552,157944,4.23672441378642,94.1917292845426,0.925171207394761,7.80104331727227
0.423556801251592,787.36552525469,0.860045240228086,951.788278653058,350394,3.09518549348911,91.8492229787409,1.00290855984689,271.579786863103
0.138580104479758,715.573573431277,1.02265909238856,534.196126851915,413309,2.05457725311326,60.8223214070531,1.05513140234545,66.0173360024943
0.216639182587699,671.136057048123,0.872678104104882,226.612443586256,365941,1.56628996557125,64.0649347751576,1.04645704877629,27.7684783717909
0.0295620409562381,759.731070143974,0.875986988106759,513.590852046784,494678,1.64201251172966,64.6829081614119,0.952246164104442,9.45817865072353
0.230048471926089,319.411424544848,1.00188302474299,794.050597610099,137001,4.46773861578319,90.1536677280614,1.07031003758113,76.3608702865169
0.293030409512195,1028.23684744098,0.752633284969829,835.574347437347,437620,1.49431238252155,87.9954630203501,0.921132169628083,142.202543253518
0.289744456338551,817.990375835983,1.05113387498519,870.77079381678,383545,2.53877629218627,48.3649396409009,0.922809994016622,231.186353763655
0.172889079165439,336.654328826626,0.69186811854344,591.092357933048,181727,2.33709858515612,37.2137267066526,1.06986085652084,18.5926650385171
0.164611258524936,579.206841160917,0.837450363171593,873.598713649486,367328,4.46182266695588,53.4230921119076,0.948883912235179,64.200637478661
0.062245573278933,119.263351523236,0.993604865082551,534.528698363092,52934,2.91077400277717,46.6304787437051,1.04162316892802,4.5339982551361
0.189731177116672,879.206210280299,1.09702140433812,626.706907271524,394878,4.98578566939255,96.3085543611182,0.901815918384335,144.684774063591
0.0587523877477527,643.279448178808,1.07491864269903,770.783812158063,266633,3.94821898521258,44.9436759578989,0.918720217723831,35.4811473342055
0.385632012908905,327.5603188807,1.03301135958462,454.163528074983,146853,4.40369430161714,38.5905011295202,1.02185774174446,76.6069713812555
0.483474405896611,764.354526977575,0.815457830121835,119.902412781836,328233,1.3946890641067,92.4609296919412,0.936483190975581,30.8696817014106
0.485336483766686,721.33099867761,0.673382589776234,382.658039014813,321169,2.01240902105958,31.4858953267053,0.905642737262553,59.5086479090777
0.433884838693943,224.857811044164,0.730100530615794,642.747005956162,105533,1.54178478228731,44.5199538569845,0.993389351336665,33.7243314808389
0.304388153176413,31.1551926612802,1.11890028874589,232.715751157503,16168,2.85448788960224,57.9333395500441,0.966104099855704,2.96003111263704
0.353424191649501,522.167456318041,1.1143988220796,190.966095324658,217378,3.87314995264764,69.6330533619762,1.06045138561663,56.2563220851669
0.149750843313403,613.426123148004,1.17093651152341,328.426517361866,285186,1.676254272812,49.575467227998,1.06376579822066,45.704046595977
0.319077505884584,832.288330388226,0.645593191137325,80.5058891639303,438426,1.52067417827896,62.2175497690754,1.02288462424184,9.782227865851
0.23326827922554,735.016360906856,0.922085451166474,756.251753182574,464181,3.45843499512176,39.9123389822955,0.958606749269291,123.574378509474
0.246188496490697,474.311158002817,0.98920982694254,295.779822078922,264874,1.9212510150537,68.0705590169114,0.99232533025249,37.2134417721069
0.381310514583827,770.787450587727,1.02639442624011,168.02647680477,377148,2.91730028701496,55.5862606209745,1.04045120542092,60.219128061621
0.148139994242653,391.016216102006,0.986317941006258,714.172945165264,220212,1.20447091091087,88.6944765451338,0.91386171063106,41.2036278731926
0.165839409730315,642.528549201013,1.06200683394137,850.781611916123,373295,3.72245124826986,56.1800600041489,0.966499417665625,108.777749310144
0.463074477653032,209.218901079809,0.815682945773605,68.8818160686895,103196,3.16526552656821,58.2861563411538,1.06447394018183,5.4439567211426
0.0375499044769764,310.855425412296,0.707659663281289,271.919782204164,186161,3.58969159583453,69.4131242006809,0.981205708449404,1.75512507069497
0.247960806222537,730.334186904454,0.722750023290263,947.970708626104,317480,2.10162552023898,34.2377503057706,1.02493360226309,92.9572782997705
0.457272392199852,19.9627436025071,0.607187213682099,415.991429136137,10060,2.11441190144612,36.7596382529711,0.919266873827054,1.22758821511224
0.309077873830897,749.71798368969,0.810193123263733,941.662460212835,361508,4.20544213236303,84.267831042043,1.05540919503681,192.584265474093
0.277739466363945,688.495831176763,0.655046430527986,310.501911452144,417933,3.8742492519393,45.506408435466,0.920093097987448,24.9640254560926
0.132374647822384,365.229094255602,0.792893215674115,257.164253793335,200172,3.31891460479446,76.3522696696342,1.07230505090055,9.8769629338814
0.17820498964158,428.859065954844,0.976926046299749,253.402991141596,224523,3.51257390312832,32.3070227482902,0.921320208977938,18.3150888764242
0.4275037237443,982.813941105622,1.13668683335209,130.967227403691,425790,1.37617671800442,86.638499523851,1.07817855263394,83.5123809009222
0.284016884566545,880.939943252628,1.10376327059431,901.610674083669,388052,4.42468521780501,99.1171083189218,0.97275397484543,337.553125736738
0.262223674940822,249.463016664609,0.751604527174546,980.843271501256,144786,4.07962813204665,53.0268208905838,1.02490614635486,43.2482287870575
0.0587940596346142,344.226154130522,0.680449885318828,956.783366908056,162664,3.36196613529379,62.9147576436172,1.06931011032769,11.5894290790103
0.0178537966630103,592.356732116614,0.715843364278039,859.42673283591,339760,4.67438052440363,58.2033984879852,0.902048284198113,5.19680777348447
0.482205742456654,701.775274802254,1.18259199114216,854.543512268426,282036,1.6745516307976,92.0640811479268,0.953138632281261,428.939732072405
0.194723221970552,200.956456060581,0.929684687811294,678.031193810538,81952,3.74662954413667,25.745052827266,1.08166766425851,25.9226278589038
0.305574400428757,321.157470072637,0.709501333800345,834.903026353083,155655,4.85192711060864,74.0094490872877,0.977635212116962,51.4524062301168
0.0490603858617696,989.708456388979,1.10444769281209,247.925246125895,450092,2.24003585827968,73.927620460265,1.04127518515952,17.989660193983
0.344726000004293,792.610322202275,0.837114746587533,418.516998867772,344399,1.06116925627004,53.6788756223465,0.9280024112307,77.5715931065449
0.466957687265921,1094.95666307898,1.13953329118484,658.794478630011,493002,3.93946986787653,41.4500231587761,1.03567432028225,516.485140582979
0.292075973968736,844.162261915968,0.756406276100692,881.032765933517,383740,1.02792129782451,42.9762011061277,0.914632199105209,112.458051247695
0.0717965079639512,1158.09203122859,0.835933055282542,677.445989250344,471046,4.49013459672867,85.0348090910418,1.04346502795293,50.966948672344
0.295043548462004,228.257947942524,0.902968657674051,847.070860417496,108878,1.22520500841428,29.9577322281219,0.964760990877356,45.0292499020946
0.38551013442128,824.550878544673,1.13556920045342,500.252040056833,385971,3.61105891948751,67.2868109705769,0.993169531190653,249.274092522892
0.209144102921269,26.0486919048586,1.12125445896303,731.438550819792,11088,2.5087365776926,48.0130452233699,0.933252036193411,4.9246742606303
0.441120496491319,728.451893357878,0.944613042182327,980.981766056332,335709,1.81336261486693,44.893585935124,1.02556980354684,305.759691106497
0.327854647145109,525.123230585105,0.733065305868534,195.81412927327,235172,4.59303359941532,62.9303249148277,0.967513525756195,21.3720804373712
0.450631969961709,301.80257896486,0.842014183042725,930.574657700095,174033,3.98498340770745,92.3396129709825,0.976675001209871,107.722065880327
0.315517602511195,807.152275047795,1.1853798392193,546.245750449808,431340,2.36176226457304,71.3568939277998,1.03043858499083,226.611590236267
0.0743311062823639,703.858918995778,0.964663934326441,661.057129193555,427280,2.1366123714289,84.1457970816493,0.93577233224451,35.7753462280478
0.161748938441543,24.3259232846365,1.06865865307452,883.975556564987,12128,3.94404917664456,70.0512834447161,1.07040177871445,5.07871882113377
0.108879524643704,596.776526225772,0.869918817216852,439.171463924701,305143,4.34628305042532,77.3286834904555,1.04785728111524,27.8659688673416
0.455324983881263,460.846403049645,0.919204365280084,447.757946145548,184548,3.86340185718324,57.4305736594972,1.01554600062763,88.9031915229672
0.382596032970867,440.007551376551,0.857372467339526,550.822744529745,208415,3.55995690014297,94.4486226406138,0.92566661341649,79.3130600302767
0.341435200765903,951.593184520464,1.02175259883718,68.1469802720081,416189,1.9116989007546,62.6454265329371,1.03742193888005,25.525509072283
0.157473496619495,285.391022916599,1.11088260833213,521.832871896183,155610,4.41121593310589,66.3831001920072,0.903619874417905,31.6614572566453
0.100181938304605,1099.5148104453,0.904418125934738,326.532901744519,471582,3.9986479338335,64.3724127441137,1.06087916030679,36.6599815512718
0.380661033114567,191.704956107544,0.888520475181735,931.556473272192,90637,3.06909715906566,48.7141765123689,0.960759539361218,58.2708983603835
0.242337393480749,728.74015939887,0.804171880259038,133.34853381538,331699,3.04635104906712,42.3428826699389,0.923442310106069,16.0004633393341
0.120636880553808,603.612419517415,0.70625801657645,486.354438918812,336381,3.27669211122939,30.5376223086666,0.932897790811239,18.7441468223653
0.312144769300985,259.859536794626,1.16354863372507,950.094761858493,126845,4.31310557671465,78.8631236501911,1.09262687970168,135.748261171854
0.0297635875478415,347.954728515089,0.789647831207703,905.983487802554,163050,3.96903819535023,46.6956447377778,1.05476608357017,7.22197757329606
0.169823424522844,872.332818307351,1.08041487814457,716.281020255823,417565,4.42497997578353,54.1898472396705,0.94757439466728,136.533540774872
0.239592927349656,920.529346366071,1.02920821277248,609.892999396271,381141,3.02913108663489,93.994612204466,1.09269324869259,189.691192601238
0.0824995837136089,396.240211354795,1.07455056016688,316.694390276198,165219,3.49859623607303,67.4835512058905,0.928023534132509,12.5345931639699
0.492480694019511,660.849860374822,1.16206088002326,398.609257114832,267444,4.41828722758392,32.2808547927954,1.04670544238029,209.902428773213
0.112457708648911,68.8765271748901,0.974022456132538,135.628121516421,31778,1.92928024070686,84.9708934617887,1.03134792537047,1.11162074608767
0.0738730337212001,259.956377580537,1.13877020602923,796.802882870326,105164,2.7760827210249,44.2097949332092,1.06429535447712,22.8984439023723
0.109732088204579,567.781124679767,0.700618393747376,357.676279508621,243424,3.48260894791755,66.4529381984637,0.976339744134641,12.6173391044264
0.386839955248265,77.7395309609242,0.976027545574073,684.392804078697,43900,4.66058502943241,63.2486106147993,0.980367091662155,22.6410443137258
0.218497773043203,813.036696437137,1.06336536774877,389.715038338683,421823,1.0633440441845,42.8559131763911,1.02491340368856,84.022946362997
0.287053810478744,624.578328591878,0.762984678446504,491.11391932645,359285,1.85029263269291,33.6828276095936,0.979641151393044,52.5904036717599
0.0202944869233168,709.791531069762,1.04445228077518,577.252348757575,471874,1.93780203104516,40.8446204871226,0.908270178540442,8.39096997528544
0.0268713412009241,585.820439292103,1.06708609746974,811.759787971073,347040,2.30645072104718,32.3003349672974,1.04594160636235,16.1126240305023
0.228454519415238,707.301035367852,1.09871277360987,250.598558663646,470261,2.12714648168272,45.6721014214076,1.02818921261103,56.5198167905979
0.410161069168796,616.453580393954,0.78772974755756,428.827117488364,277702,3.36055514224895,99.7973133053098,0.984742562551196,84.9603584739944
0.443767050566707,578.6403862739,1.00896395410099,173.577493297227,300509,4.54248105701898,55.1569198931037,0.960565912176024,51.3864795585576
0.0524862181218637,885.459067350077,0.782551970045857,121.972479675196,488509,3.54791136428956,89.7916293501258,0.964145167665474,3.82752761352292
0.273797920029501,726.969113978489,1.04342423249907,624.440638360352,321423,1.96610623581744,66.1883269096796,1.04820572474236,152.418242151344
0.457482546276843,38.1641486063266,0.877784199087427,229.636492140958,16362,4.45501140028034,74.99373095003,1.04583217579591,4.05200109053466
0.200106649654964,896.499036309136,0.958526624716332,106.809374829794,362178,3.52818315659005,36.7260977312917,1.06378368406825,21.0577776667527
0.416487257399901,969.965869534905,0.849503988858341,902.243034646085,452829,1.87584849995161,45.6104400566482,1.05243608564722,282.240797867816
0.0755108706557237,780.678717854148,0.697189756157895,557.598698796126,397995,2.44666614866601,63.2832567271694,1.05158884042121,18.718933218604
0.468343299937221,527.738329081807,0.706817717763218,177.896797032835,292333,4.15985922695913,91.085757567013,0.950354646811086,26.21817453491
0.378197425590338,578.666194250005,0.646541344357281,100.754821075172,335981,3.95572472594846,28.2166026913705,0.920322510919753,9.45565303561502
0.471253852465582,848.079915639639,0.970843607832997,163.867050742973,495106,3.30632947802257,63.0189969674291,1.0523504532072,76.5261919267812
0.341542444440728,88.2809166870435,1.10918303877184,497.770378304583,46240,1.57907001096225,28.8259159381322,0.919723603931151,17.132784188081
0.188067926679719,832.144512280181,0.612502095757249,685.041992410453,333955,4.21315718925802,59.2617007336962,1.096422281059,53.918731048857
0.469708774537114,213.744079320548,0.639743701253012,659.216071236743,142415,2.23017011421099,72.1651119499478,1.07501785349,32.6534431457277
0.145027720391497,543.793255502299,0.874480195381746,187.201931951274,320405,4.08639175599665,80.854239357123,1.00669232038424,13.9059850471061
0.172764535810249,513.615898819097,1.04263244170091,651.814504245823,304204,3.59026546304904,35.389900394547,0.970436713020432,68.5532838310567
0.353396124820853,171.993044090168,0.694624586827171,434.622343006719,77575,2.05668112657407,37.4931462596011,1.00536860718949,13.5205670187394
0.385004986767439,192.96592413498,0.762990791729516,491.506595084492,104166,1.84947691253063,60.2548691268843,1.04686036662067,24.1184474308651
0.465407707086085,609.085861563342,0.739203720769084,811.358885933051,311193,1.52363969303088,99.8527343484306,1.05126599571212,147.217770922906
0.110353180437543,107.137487742717,0.839430731202692,365.874404045656,64986,1.96778494635246,51.7035126742573,0.914733199729984,3.09509859266788
0.40101903725742,253.983730208269,0.734999206210543,189.649094805186,133325,1.63131608979656,57.0645570522183,1.06097081897896,12.5308967918635
0.371887566164512,669.797643016515,0.811559207126852,879.780476888023,417788,3.46820499115101,57.4335057110914,1.02829941634103,171.721903846152
0.041259332564263,333.862302650487,1.03712555919717,251.524047073021,164218,3.39513247590901,31.0525616017822,0.908115922781041,3.67037328468763
0.199739339193001,390.763043747454,0.966605549072513,329.328377026911,244542,3.34468824053119,83.0629108967497,0.962632241162758,26.5700559640103
0.148555073959448,1077.97966892314,0.648709023235016,721.260555957491,470629,3.56755923689935,43.9826143319581,1.00212827373886,58.4471947260794
0.159200307933475,236.309706595602,0.982647399747431,699.372801204727,114347,4.25913813585827,77.775029266219,0.937690298441095,30.411503978585
0.491643970981803,434.614473796442,0.886246302935528,810.380020219637,195423,4.65421084619921,60.6317409126693,0.931048105774911,145.983861112008
0.324960932605165,582.505700864648,1.16073934482428,224.673309375544,303623,1.92150215160705,70.8834806664538,0.902856232919466,58.1858329872178
0.361661317318815,711.041900594343,0.773582590262432,384.665898648493,377914,3.3510979606757,29.0478727371247,1.08231012669025,70.9212608901285
0.488542642284355,720.672343294359,1.0356998518195,169.589077008448,450925,1.31334488498909,91.7474263312425,0.911221591006038,63.9920058471881
0.194828873404243,926.563597871952,1.03851649382674,563.987189810174,457821,1.48056975342238,43.2892577064785,0.973202284292806,111.32132972433
0.402901682541875,782.722729142234,0.732900468605512,327.942062911766,388544,3.61735725184556,75.2571540625628,0.941154327454298,63.513132739291
0.222920172019203,226.207744682904,1.14193417498256,704.488858958135,114937,2.9463222467618,84.8514334049621,1.04820662044147,55.1527084403601
0.43607149918934,29.9758952010865,0.894709920257762,50.327149585314,13379,4.03332834733773,65.5029037962398,1.04143693149631,0.639281356516015
0.0985221952425386,449.014094519428,1.00733002013358,106.6988485366,192503,2.70270992396229,50.3000516558968,1.0612444823924,5.24970048642396
0.474366226761497,161.230816785586,0.687513335330103,460.932285493376,71633,1.51039362733175,98.3427530860808,1.023361660249,20.300274120168
0.117198137121331,584.367969715948,0.754682350195181,960.27494817679,355484,4.4882146153233,45.8829784953022,1.01833063206667,45.1939895998358
0.169848048420656,702.197979859487,0.951664270762334,896.308817991224,330904,1.33155388458129,96.1496752842453,0.981422143094377,106.704889330882
0.380534194712322,36.2541923676236,0.79141636102401,994.308576658884,22941,1.75585857014153,36.7168100263549,1.02727174002177,9.36854514512408
0.202940019367049,918.363837024629,0.899815751142584,445.988713620843,418461,2.1079074638474,54.1916598641758,0.923041116993351,70.7334320105952
0.308023574615559,235.461353279018,0.824403119623974,94.240061960064,125123,4.98112242826171,35.3871688110477,1.03690256984044,5.49350576865807
0.22784101552402,353.731506342735,0.984332277986429,340.658334918774,216681,2.66743928070394,25.1680354805272,0.920779551572618,25.4953808370931
0.373761269173993,789.631239436263,0.892287217668485,691.982309565254,334299,3.00683412191246,44.5193905297356,1.07234798050653,191.908444286668
0.121882313660619,455.103715228302,0.602765961583901,178.405619279045,215280,4.07878700389547,31.5407800689216,1.00113656116541,4.21119180533216
0.0386444137460697,410.270727084897,0.98980850276723,334.973569822001,221203,3.54566234135525,98.975914231776,1.00607138090713,6.35969707291434
0.156965404761802,51.6589808588451,0.853272934230109,103.357856317616,33748,4.36568276776533,82.1239988463852,1.01697152044105,0.772517745690537
0.242411245785531,410.151301342607,0.805019004294134,501.218686470723,201320,2.94573383435158,25.2778597241507,1.05521049979577,35.6632480163336
0.0923298255744125,927.269191435663,0.656488051369934,248.474643810334,382659,4.88871074997289,41.7734938617694,0.995694124174433,10.8131831316819
0.18385067193163,959.45644717239,0.732221814339895,136.685625554052,457673,4.18724944634523,75.2593180962788,0.985517614729464,15.3756480374619
0.205991678963849,512.459678108783,0.734263374948512,440.655019008355,207335,2.60546155325306,54.8914084873566,0.95766669135458,25.9841493351061
0.038122003407254,347.531487535979,1.16122169964284,383.664134155447,212369,2.52508729178099,87.3881922283171,0.925607870143518,7.39424441527438
0.29582055161026,727.238826131695,0.859507784847928,560.641850098218,351611,4.71796476817687,62.8645583781799,0.938068508215207,105.347077516212
0.443328279705931,1083.43726513234,0.625239508329102,761.586722547957,471444,3.73766254325887,74.0238564799322,0.900105568737167,157.852847300095
0.0843540273469957,271.955175183132,0.683290009345992,156.94029960518,134263,3.48573453810255,69.777804819586,1.07388432955713,2.08990007940678
0.302925926566742,351.040152254228,0.647419605439747,801.569310699508,220632,4.03132254973524,72.8626675467726,1.05299167897978,46.640195415163
0.335722210406315,829.386459842088,0.953321634124327,74.9754808814211,398191,3.24333531244685,42.2574140370385,0.943736485763791,20.6847281983763
0.215473993405451,644.580543165639,0.711972894940096,470.946807371055,305237,1.63666709234291,52.9967079404644,0.900478018119101,31.0790332148144
0.353537817808492,125.213342997842,0.899134584169066,608.058772541588,56182,2.27686184831372,28.7971939648369,0.998423260972408,23.1324860021325
0.211258456310596,710.560845314084,0.822037237721985,959.148739482808,314239,3.23177945483588,69.0727386016157,0.982514639863014,112.058462468013
0.257272271108943,213.874996411804,1.08232582628652,595.226875526167,94186,1.07267128370867,59.4443846556832,1.05520132426841,41.7277673454195
0.0136029918316692,552.972060125333,0.792293782359217,200.811733607819,255598,2.74940281985291,82.0537111764304,0.980579101339504,1.06358989434949
0.348942855925997,454.729428058232,0.874959289438085,541.664715076714,265023,4.02321151710375,40.4786848466232,1.07282256150475,79.6677123039267
0.334057912682915,834.485618338512,1.0327713291587,425.994749831845,438226,1.65693601806509,57.7609087050851,0.919167645813051,126.300588796887
0.0288164298899088,527.572785702428,0.860010724158384,505.387789220231,231785,1.25823580062762,38.555907479304,0.97317161725051,5.53373595280962
0.190442552623615,344.564192402777,1.07592932160791,237.242163926133,140442,4.34411656291079,71.0484418936332,1.08678817973375,23.4637022530638
0.489725601987917,183.555742556187,0.997010613741999,525.785690195708,116252,3.46909547385345,88.6022692383589,0.902345924465376,51.65298738993
0.216160915658622,890.042483440179,0.84631746836803,192.537776076333,437252,1.70631588995786,82.4082436336739,0.978157884801385,28.6335584016148
0.255953248514602,156.482297772513,0.902389155411818,756.840926656326,86334,4.22521992233277,95.8148479473165,0.951940652013306,27.7219420957937
0.455865777498262,368.385399587798,1.18032207350532,614.210947214318,213508,3.63251788594885,97.8794336397693,1.00637214448862,176.580481852738
0.361458319174221,189.346522713578,0.996966897905035,124.601307012194,94399,2.33647707859375,82.9025400686493,0.955753360055726,9.05488113952184
0.29521436425087,814.801737985172,1.14299713558339,895.133744532531,386879,2.50478508784696,46.5104564035194,1.07398160909229,319.478359897105
0.400924293857126,358.890976675188,0.707255102082639,635.560624384856,237712,1.62355265274819,41.4446032911489,1.08742765057066,51.3302542348103
0.433539470563427,401.820282359866,0.889941693747091,350.30170237144,176221,4.34102237683496,58.5661775911708,1.06982685941479,62.0137856225755
0.233875155151261,420.337123480768,1.14519700190703,93.3602795509448,181189,3.03602660657497,99.5412770932841,0.97971356904559,14.8460170698167
0.242803098816599,1050.9363165262,0.793567236864851,650.615360983051,426255,3.22807630657464,55.9501015612867,1.09798675310724,132.565683248097
0.1991649584694,466.097968466404,1.18059851888785,404.76824828092,277333,4.53396766079099,39.9301307929202,1.04700726332484,63.3507809616395
0.483686008609046,752.39679324105,0.658246494284194,912.237199634563,359216,1.06332246581238,95.8257158337431,0.971121787325724,153.437818445325
0.351611464602272,864.3284549251,1.14160270216502,83.1339410784658,448623,1.26769225009317,53.9438483197017,0.918738564239759,31.0111718549004
0.0507793024419554,827.450481388065,0.867127273239515,87.1473135751312,450969,1.64631592743926,76.8174165420723,1.03340928327635,3.14288891424761
0.432850215423379,340.676662611782,0.644246499084696,951.834322561589,164926,1.12015125235258,84.111473396094,1.04571348884637,61.0807763306655
0.245474371009771,1087.03972534195,1.12771295555165,966.630248395531,476274,3.6326246264976,88.2366926544651,0.924491826577692,363.404215421353
0.0436894141470189,20.4287069843506,0.751164127445468,76.3551154340067,13413,3.53551787275328,86.5960290342093,1.00994727035925,0.0464547260852592
0.279361455030022,466.817866679625,0.613350075297135,730.231573194261,189041,1.84320761171594,87.7185147249985,1.09741759681076,45.1920767242527
0.214410496698094,1034.8361899225,0.681484263341515,260.420109712398,448004,1.59762577954678,75.0740070683411,0.965248420499827,28.3648523176639
0.440097208382686,310.75826186605,0.995468845139857,716.323127971769,138044,1.58273880554643,55.2873301954345,0.960379004486573,101.378808713789
0.1099573557686,310.276594789771,1.18668689348292,875.296156825084,137267,4.81296565327457,75.0465140547878,1.08066043321859,56.9748615202645
0.41496765865117,287.152340347712,0.66687728375011,145.789904919162,152008,3.77401811449897,87.7550750544935,0.923483208933011,8.36650835656056
0.283267458680872,690.220770138172,0.877168828874857,276.82809592394,306544,3.34171531386032,51.2981848468316,1.08670550067505,57.807959245258
0.0367590485745998,414.576244395911,0.70838193056852,72.8737849101701,219728,2.28994748722038,47.238099271903,1.0558974120547,0.664764349864076
0.486204197649487,872.268150213407,1.04702192046096,91.6383531722188,363641,2.73217279163516,50.7780412828873,0.978168081786584,45.3539301515093
0.261181469610568,750.659327095027,0.670835339857088,78.1369653068855,447561,1.35762352479683,66.3462547022026,0.91670952407043,6.78286946170595
0.152529658573475,604.784621963222,0.743905049088534,810.648238605094,337426,4.99260755222001,28.9332906110458,0.903834908250757,44.1575918240244
0.240009352574736,211.347255686743,0.717843580589443,333.378044509238,103029,4.02034185428654,83.422811426263,0.975166239287556,10.4005534385491
0.43035031392357,848.496400037147,0.931511868220187,518.55086759339,466409,3.48581262731291,35.4138968837651,1.04107071689537,186.462479371113
0.159402530948681,255.888917353856,1.12391045520038,798.452050417166,132982,3.35106878091153,34.9628992588074,0.997505842693781,46.0657876274651
0.104411434278483,151.019662588345,0.906654120693851,520.196479571382,75797,3.01725748813269,39.8244354517079,1.04773037856212,8.12979734144947
0.0732449109961319,108.140124237098,0.634946071662883,457.736259493366,45893,2.02970971069878,68.2695576229374,1.03411416974522,1.65279860021349
0.155951105211204,570.801207318367,0.938033358358099,60.9945461649859,282129,1.90556161383893,46.4176281852967,1.01458143787367,5.21095016530644
0.392223562649621,107.588718074917,1.07851259959081,589.637527409918,57767,3.1981298287569,52.6067746739914,1.09349981614497,37.0916134129464
0.241096918945678,122.776717787303,0.679293718382594,168.505924230232,70249,1.28080325823181,94.8736833233596,1.04567688687069,2.77914929936389
0.121465985809835,287.666100143666,0.643626728606755,776.415828751475,150715,1.29788319547414,88.5401634982739,1.08292268983629,13.5000862574273
0.0914306498087771,285.317366899332,0.712684666534541,294.850837624269,141545,3.2432544126414,88.9142899828587,0.948432112864006,4.38109738405437
0.173037443490086,679.485682141694,1.04765179369298,690.478040268222,302516,4.67924819284096,68.3231374994491,1.04272792535544,113.972075646164
0.470562942713997,662.289203797866,0.955008251719201,663.912351433445,408556,4.65708740451942,89.9849610467861,1.01956057268303,235.328039121883
0.178083089169112,655.785042328928,0.924356792377049,635.841822783519,380914,1.04331320264317,83.3924369005415,1.08485921936777,76.6504181842852
0.494180797217771,248.076737014347,0.749687936779061,303.604407160333,131980,1.4295768625898,96.4927602183297,1.00209060352487,23.3972258359503
0.247762923325025,229.591767175799,0.799341957148116,303.73528831679,123410,3.33231077503478,29.8276303766437,0.95592827580583,11.8819442998716
0.0977903199621739,913.581903947185,1.17953100776601,869.895641269263,482930,4.39390288722466,27.154535024045,0.976967792075708,119.372042116975
0.44665864497882,11.7176001410474,0.744375136037631,62.1669659989056,5109,4.81779634662731,38.1272455542918,0.943765961085252,0.210521998466689
0.235574132836065,802.5932783697,1.14098725395305,222.44650178126,439981,4.44232890418312,94.6813615380982,0.943994599877637,62.9662348576571
0.357738958317217,201.519078432054,0.948318902674642,629.662371759886,100664,3.71045254118582,70.4173829465684,0.994084317205332,45.278693928841
0.492018675772484,1006.08414192962,0.673977879822749,826.193941683011,473695,1.80210031035694,56.9584388271461,1.07851376705859,226.907405153299
0.0345859216567873,297.607328885595,0.880387426893041,390.428233239216,171811,1.29048589591585,63.4533296107114,0.938373868572251,3.09703015867948
0.0573803342959079,489.743726282012,1.16912923041653,670.77128568026,220735,1.19006313074258,87.2203441170753,0.957574002424823,27.0386964763969
0.363023803316751,724.37648182335,0.851139358882415,579.298598639224,353853,3.44830713850165,94.6832496852943,1.07059762561031,145.178202394224
0.148094251614781,572.834516878494,1.11803193887362,111.313099257934,294247,1.14475441606143,79.7274125733182,0.967851255512103,12.5326701428845
0.100307684505549,368.761639436825,0.753857216791025,640.662687084144,159652,3.9569598258622,81.9885874702972,1.09248268039794,18.1244214267124
0.0292873211116675,483.579332078121,0.942553291080224,823.208298658869,277362,3.84988294940388,49.0283533122878,0.953784055292708,10.9435702197832
0.0207048888732389,871.343947903921,1.10631123492118,992.825904284439,365623,1.31844329910672,60.0276396455904,0.988428684339716,23.3857186886969
0.389497945528698,45.6007032699883,1.15241306470182,78.1580690191367,22125,4.62648946014718,91.3907645103374,0.919121987838548,2.10534939516055
0.0758723794110795,13.8952441053532,0.89149402029078,677.055263954675,6588,3.08771715450121,83.9450582554433,1.09843515905972,0.732012387355394
0.239183101825864,545.254161699085,0.983812861287257,443.822075490564,229575,4.61775426935093,76.3203188846011,1.07802840897512,75.4370245838352
0.306889439437947,154.782077390706,0.601788078469399,59.298494270895,66786,4.60644022475329,29.893512691609,1.06351245057522,1.25551731486595
0.219892382278735,698.786200379833,0.751933984508034,633.642896523086,332508,1.78813625554847,27.9630414590466,0.931468494112188,56.9458591090961
0.0232822596447542,242.920672727279,0.767227262248167,166.305933627854,107812,2.52231051174514,34.7808207335496,1.09387161156958,0.666881223965893
0.393915736268075,419.516796144107,0.656095806992658,409.63850767968,216993,1.53850533401527,68.6043324398375,1.08583025713599,34.9543450399586
0.0151514800254102,203.994577225454,0.767817008014186,298.298737863982,99637,4.09991204054528,65.2290135505862,0.987134288399504,0.645501348594595
0.383326048244967,429.089732062871,0.792673219834883,393.105232157544,274693,3.01649966215145,95.701811991029,1.03632740594028,50.17397546868
0.44771920195618,93.6585299493828,1.18125962374092,518.060802425902,58910,4.71523030157993,77.1069730032547,1.09849168553841,39.5450393953794
0.222091561318014,29.1877003144547,1.0011614283365,391.249055865039,12530,1.83286085950511,47.047946300907,0.981949043899916,2.52133813216222
0.272415811817921,41.3531342787657,0.855603047649806,575.095277060062,26514,3.7534706460769,37.1122220361773,0.922609137810817,4.7600887620018
0.24372186238265,796.595527773739,1.19283267641731,276.717205721211,477175,4.95694731109084,88.7149929496287,1.0735558069638,112.817805307183
0.200712223125485,165.299951444432,0.691939392140767,653.593679056963,72000,3.66152504728397,59.4718077766768,0.995297023688499,11.7743888748074
0.444838022331477,532.202775022186,0.885630716358291,861.074853918611,354531,1.27509573132285,74.0102123056637,1.09739389101185,196.638447929079
0.448027420228295,62.1969990550764,0.98823732422943,262.863694569452,34895,3.35369739878076,67.3857704943102,1.01017857208096,8.53082805861612
0.174550018674352,114.563773098045,0.633348380690446,532.483355062841,54972,1.71937099872495,33.0592259602476,0.905895520717841,4.04342875598484
0.311384179467202,534.190955579536,1.03019931484987,666.255295322394,254929,1.12201110967726,29.279378776137,0.998345392720876,119.801378679071
0.464184705451473,530.510590183129,0.659920411753194,586.394824652745,232971,2.33984278922086,53.276364228731,1.04361242586579,70.6173787174228
0.481408664481262,954.4979430113,0.684169385159806,397.366973882615,475839,2.06441633221626,52.1162723159288,0.905206005640616,85.1427515303701
0.259389929806803,949.388129502906,0.69581370747725,660.089722605461,472473,4.15508359526302,75.534858472668,0.982689742872486,96.5898621128305
0.23188415458932,867.926757225262,1.15733389599331,76.8338958995724,390025,2.4947221643124,72.4150306825871,0.931112040090315,22.1951146526603
0.146560214804978,602.483345827158,1.0099413270829,401.410920396611,301449,3.93183512154079,97.6705696347996,1.02861936420427,47.7123671713126
0.479847217863301,480.788680013669,0.993256500661862,555.981603908953,228025,1.06495596779733,89.3574627078679,1.09146916975561,143.024923619591
0.079979009191705,428.56135254143,0.933296097878995,69.5825008940714,178733,1.05924853373356,62.2436894331466,1.02491698091106,2.16187271983378
0.294116492263385,900.521492852197,0.775683599217062,532.266388200085,473597,1.11725383019023,62.5019014422022,1.03897554127718,94.0137066273768
0.148449631084133,569.028772907109,0.972533822759611,671.541737727347,301852,1.87743376713032,75.5596921834521,0.979312580085122,60.9877812012015
0.14671406227042,435.964555034133,0.846089831933184,771.247312827393,289957,2.49595114011425,33.5567937079957,1.01262817379038,37.6778692979551
0.208434607814332,246.674886392235,0.687249690055569,157.705377338959,116718,3.43138321246742,99.9917923473544,1.00877154193717,4.74913185644287
0.499408538549671,37.1765168938081,1.01375837419664,991.03663114711,24302,4.94365554330789,63.9106075932718,1.05192126905359,22.5602377555803
0.0369334903515128,947.260783670089,0.677749300757954,625.859316268341,472650,2.41763826805733,93.2428655431727,1.07138232940406,13.1844684835441
0.29348549091973,363.041250397183,0.714401148612704,395.034102981713,157554,1.22263562702866,97.5517250989156,1.03257718885662,25.471025095506
0.0504603574372858,454.779089336928,1.09061958710856,286.638211733878,221852,1.77960064666339,68.6232054926699,1.09596176038481,9.27048223368131
0.0857152066953543,103.001672996437,0.996070257675092,594.252018599244,58205,4.59140733525945,32.7511485643582,1.0656576785049,6.78444739138214
0.22538584146872,957.049541597665,0.978594692528185,887.626064808242,418626,3.79751676059084,68.0009356314978,0.924929349783385,191.012300432346
0.260125464359756,26.1705750563726,0.850921670605634,544.537126334297,14788,4.16080329615424,69.823182787449,1.00149507967723,3.21940928305934
0.136808280098617,931.536003802953,0.837768310943623,678.398452824712,417162,1.49667282269117,84.1894852579998,1.08064721573875,68.8363425033664
0.165063994128464,149.832570835417,1.01415756551124,389.811617563532,71002,1.53994795483003,28.617195024618,1.08878697374624,10.9932320927786
0.0526138399254072,740.469677992877,1.04400332316543,418.744673684524,443396,1.44898403017958,59.973652539632,0.97604118768648,17.8975311886805
0.158577694083683,878.251470336478,0.906127921418586,321.866350483297,365157,4.4286766572381,94.207769375261,1.04514081230331,47.6401850077918
0.483613635296467,141.44253511155,1.18156154660912,720.355429649828,83170,1.83987043477442,99.347430900899,0.982109096728476,82.7083684621879
0.472906617019516,705.40707034824,1.17341973535132,391.228175745737,283343,3.57260698151889,39.3537009069428,0.924731944435886,186.531414082005
0.174090362167123,236.670356376156,0.847457694007655,231.180583839177,157015,3.06466546473304,90.2949244551276,1.07692226098448,8.73673470028065
0.289718428776593,158.604167973478,1.09237335256989,400.930542607926,89938,3.17755964749541,35.9687921222983,1.08639062454246,26.6863404601066
0.455701741644363,730.484365268236,0.925960704959049,861.135847441118,429732,1.78174143356507,88.0880825925923,1.00095010625316,284.196720905292
0.0130300730940394,306.368678495274,0.907053532534305,751.339441398077,202358,3.54098437381596,45.7958295600748,0.903661486164029,2.54467612384125
0.40723494946542,446.190069306144,0.632978436827191,367.908802240386,199873,1.17240213783332,96.9718949536857,1.06320725013925,32.4664360644155
0.47470108086657,188.136711323489,0.944384826280986,911.468516594867,85773,4.97388910503051,77.1622563175478,0.995392073246158,89.1991895248323
0.054749609823443,440.4752378008,1.1403467583379,121.091003361594,192150,1.10703562597092,54.933295104232,0.915005671508314,3.57518144592039
0.0891093661561313,765.809894250123,1.06808030951706,97.2661018429611,435937,1.20062616286345,46.0729997431125,0.937878296574299,7.3216669790027
0.480765688357964,354.259811777684,1.07179028681956,171.096837045979,182201,2.29858967956673,42.6428145605834,0.930423868046086,33.3455164039967
0.27339467038377,1027.41632837713,0.695957423145804,160.632018065673,475851,4.32650142307815,76.0594245249689,1.03725577326394,27.5144045268439
0.0169563508911446,917.915913956405,0.815069668280138,133.442599261724,473209,2.02875684710697,92.1843251932661,0.959881898573496,1.54226398698788
0.136239679394129,161.072768267385,0.739922949990141,678.275481398093,73304,2.88774005516531,81.6206477210758,0.925538103462289,8.70362990558932
0.230472400391741,190.943672640434,0.789549169473381,620.800260672653,89478,1.07190932470477,87.6093653512407,1.08352976524717,21.2805561495845
0.349525366402136,696.680160808994,0.947723606096235,665.225235052629,431475,1.31551726593458,83.6037825725903,1.09130621180316,183.253220993688
0.369248585287032,449.33812233471,0.818870288022149,703.947751453929,196988,3.43186419416283,98.4360749873514,0.927715174553394,88.8971933088785
0.497756541333473,7.06619217463239,0.93641869047856,769.035764856646,3182,1.77743387779771,81.8353695119744,0.946047170661975,2.51835356624538
0.150880487698042,296.776473468187,0.863100748964746,246.81808111209,137662,3.7770182520781,40.7671388852705,1.01842414392128,9.45641277035183
0.273727849915553,495.23214358759,0.771969335069837,641.18833757306,299217,4.14156470006871,84.3698849105886,0.930101569899695,58.1597699631448
0.271328538451206,706.905092107645,0.657242060523095,601.046226369555,399834,4.40133679788913,49.1552020738601,0.931718338580722,60.4325609327276
0.208766177129146,127.90493343109,1.13510307440687,946.4770245133,67561,1.53519735199729,99.6849896997144,0.967315208347478,35.49939996374
0.0928893279827859,99.9608475522259,0.606824019602789,270.749338027666,56160,2.8220341961277,53.250446507511,1.0898340665736,1.06615016320478
0.488953715960083,796.736520288031,0.600991492885183,105.786787655615,461125,4.78832579961538,46.9595316885422,1.09248843927125,19.749535347491
0.428125421466627,866.406435673209,1.09607864385813,670.820316228816,375823,4.08833416977723,42.9411989131684,1.06835764996507,350.022883815354
0.254183183864176,631.419982350168,1.19808656419547,753.164198224876,295300,1.46784152738459,74.3885989043777,1.03914258358581,206.55197238505
0.305590257115175,794.843247551694,1.03626169662819,319.036205517173,384824,3.01000098007358,33.1915816290648,1.04413467317135,94.3625716227663
0.121357916244235,371.076380928028,0.609164302837731,592.306009392685,214998,4.68952232735536,96.5169911299729,0.99391456861748,12.7909662521596
0.276455664491956,917.587513084081,0.736014136001108,106.559262257443,379470,2.76015522209274,47.0734508982353,1.00603092563111,16.8734545042514
0.350535365229523,315.456372282822,1.18309362015718,962.042599109875,186530,4.34967043536388,47.1550458278854,1.0268905320012,181.083310982535
0.262431843909429,281.826859403669,1.0851625513043,154.42872463421,122803,2.98337488475423,28.4549571780294,1.04625732749892,15.448803533116
0.495239733586621,899.787922015424,0.940079906282827,114.192009344396,364778,1.42724670898301,43.4513138405181,0.91936923450211,41.0792261794219
0.309557411561386,468.615943712447,0.742116425664215,91.9046515198881,210416,1.59141970423803,56.4234516757178,0.944977401935911,7.70165014298462
0.191777119170163,1223.2657438533,0.608622123556049,455.908311178185,490708,1.18670301123272,52.7204792668166,1.09258863826054,46.7860192593972
0.388354493531761,377.279308560113,0.612516883582445,142.301756284331,175393,1.78125896230226,45.4764941077165,0.967028453092116,7.71071525571147
0.0935266306750046,791.649605701467,0.967188518118136,757.415828907796,460942,4.57445639948174,28.0557878379399,0.953694842161641,57.3386689195146
0.198412748716071,794.915280973945,0.613099125811454,903.930452595085,466549,3.60079218377303,47.5436030204232,0.984382262424865,58.1904809381206
0.180009885685017,222.020280365343,1.19617808515522,297.207985708614,121684,3.95542773953164,83.374820369734,0.958184150086652,19.8923951017681
0.221585476602811,601.816609764511,0.710030300096243,647.334463288829,399313,3.48664583357331,57.9094213982103,0.918236038510371,45.0002349121795
0.393072114705076,473.655464648864,1.02642441712157,90.2215246612269,217104,2.54615716855339,46.8081510699035,0.941592226380841,18.6221572096531
0.24724478576007,811.544369637556,0.693035832847448,417.236248108156,458845,1.86744453118401,47.8594100610968,1.02803195951647,45.0713655832145
0.399067080630322,522.333119404033,0.924056052658629,328.295007756342,225612,4.70245833603932,66.5828182370426,0.944636511410547,65.8275434377522
0.292479562538534,692.370768449488,0.648366773079731,267.188141618341,372408,3.05931912623209,47.6719508304306,1.02953343933897,27.2012203646621
0.177614022982202,463.343478730804,1.06006705471995,662.487315147264,234017,2.92439952483176,72.3097989899646,0.920016178980694,67.1874620796072
0.406889584404902,282.745479439811,0.950952656834898,173.716549040609,114672,4.98441635437418,99.2090885293836,0.908375269918495,21.1451877654669
0.126761938571015,175.044744063175,0.651700016040849,867.674997132139,100475,2.53571995355391,28.0882298315354,1.07231353653184,9.64250348297418
0.1199476601019,473.771286440789,1.10915171352,681.594111050298,213290,4.41650125956896,37.6552566773027,1.05200523910834,59.7811542529834
0.257206432786869,852.416483415133,0.928211168866021,725.198419753655,377992,4.44937624126742,38.4330658966768,1.03320553656927,167.363623129601
0.137816130521424,521.343692856792,1.15295538600799,938.577093224785,302931,1.93068084143118,58.5302738449011,0.906179846587373,83.2303268488249
0.014452647126096,689.595535814315,1.14997402420687,945.254227927389,344626,1.37935876940065,28.1064034040031,0.947870787030748,12.0384567571901
0.327665788376413,262.508499365329,1.15230467369195,574.069707628274,141881,4.90248046286346,60.8141183306887,1.06246286543045,91.0218086466824
0.260435972521475,548.065574532864,0.646671120120281,520.610826421681,241236,2.70358745654227,94.6693568557492,0.928933533011709,34.1469890382087
0.228303729101649,49.1418562854793,0.672574657052714,368.612527815565,23153,1.00888128804078,25.8673066519526,1.06257068797875,2.00171955420714
0.483814572162975,808.076294302166,1.19262348582972,729.793029692345,408949,2.99607133531583,52.3704150388886,1.01684670994184,495.499284603061
0.289887600141828,1128.18680357822,0.892560492839224,561.298442630822,494957,3.4772014549898,82.0670329083224,1.0480736735594,172.235100248532
0.433081473116798,354.028996415527,0.742928431697489,936.231325753118,204033,4.10435298979214,36.5870875250361,1.02890141569023,89.4281978940047
0.0783306157405285,14.5809335673808,1.06179869309919,276.694651276975,6470,4.77176847289455,30.8169251894907,0.983397916016751,0.425651486450898
0.28891116693342,202.774078278469,0.758571132727489,344.740051937966,85726,4.66068251578185,72.3083902946979,0.958395469779385,13.1292988891843
0.435310017098142,776.883978354918,1.03632941281119,350.28592504897,326611,4.76054328021947,25.7463181787131,1.03454583571817,148.625831207377
0.29572182106715,699.781531761811,1.10237146670986,815.698531828872,306428,1.12850059303789,85.1327868377287,1.06138257636098,251.348789121221
0.361826947282231,752.034243851533,1.07055802637717,144.088315250045,394145,3.84709653532187,30.0139565174574,0.908946527232372,47.0385636270148
0.192301348227982,316.897102804794,0.764428684918761,482.866664939531,127688,1.90343185122275,64.3265694565271,0.975981786744766,18.7383276946498
0.0553002633481626,718.104390403295,0.840971144447542,456.201700124395,382053,1.75021074882262,80.5095782670795,0.970145956835973,13.9879183858589
0.234371144612265,736.337279412562,0.847950601939966,119.482639963071,344304,4.201274274397,43.1508241559858,1.01189416809169,16.8695899766676
0.20329490151104,269.233547078212,0.894763750862683,440.25714861713,162084,2.66851875669152,32.7655121442053,0.92278501127756,19.2479416013153
0.434859489365684,677.656158658564,0.700423710924082,537.709084119782,273199,4.66640030312934,38.1717074813917,1.08668388202786,99.7745708638387
0.129557698152711,164.172707333777,0.871482030248605,111.849457879668,74489,1.16974036318283,89.1012678951256,1.00970205368676,1.98014546508719
0.483699771492203,511.133628588234,0.906469794309288,534.369022022434,226830,4.20872331794865,77.9335218739018,1.08475056085676,148.365338949189
0.479487678704203,690.065977173953,0.919025397948631,961.276009449231,440718,1.54733764513038,39.8573536911323,1.06338818469233,292.30234339595
0.131339505105005,477.974993500236,1.09194025799067,979.968607003456,211174,1.70630880625994,78.7090597848246,0.938327772463036,70.704060476558
0.180545458183887,955.256455760616,0.910400699087697,555.095789660321,419944,2.909406862098,78.1463627656515,0.926467802458592,83.9389234846873
0.448822313028204,641.839196230914,0.738470353508205,539.342085972811,295537,2.5823597634912,99.829382357947,1.07225004800019,106.584816505639
0.483644888239093,173.360087495761,0.997877242946512,321.232758095572,96746,2.94468922451468,54.3667017644434,1.00722004451684,31.1494745805236
0.227285160389662,578.944090947636,1.07838848645198,997.259698126496,290972,4.76010608812422,89.8640120607078,0.90394854957958,172.495538639504
0.16728855236404,408.222567045561,0.791622999862957,310.517712473965,253486,3.62955574225429,58.4832014479611,1.08684534968787,16.3399178277984
0.267786066493256,394.163629500647,0.987183557410563,480.256235417959,199922,2.161237527368,92.3320167712725,0.994605679878613,54.1548320710139
0.34700691111921,105.841388733582,0.688162797567608,52.7873549125427,60695,1.69163484927138,31.8700374324212,0.960187260350479,0.923180302939141
0.14400251253374,386.346626164101,0.805155782746838,381.77067636368,208938,2.68018510052373,38.1484472593933,1.00331957423413,14.6779684188163
0.370871855563346,62.0282960367252,1.14553435772978,117.868285578383,37308,2.80656410907095,88.7465772300017,1.06458367808683,4.21638417101879
0.0353121049861741,86.9957838821527,1.14678489789754,756.633531865876,50285,3.40517763959806,86.4475243079046,0.922058547007158,3.44398794662081
0.0341543014545641,328.780777702451,0.945194747245838,582.963730378436,208542,2.06401081415907,47.9075343892741,0.971786580647507,6.26413149117319
0.199280975521317,371.176571090927,1.02141087651906,593.563283423274,153385,4.07003698838727,69.7598738600091,0.963773334649112,53.9840345411015
0.183201864109753,939.769495697352,1.11240924912356,322.185721604718,462847,1.39384098191753,53.7024791576527,1.06792990400563,80.8101305191803
0.164660275529905,357.492236517687,1.17513191118758,824.151475740325,188477,3.24181345440262,25.7738011977641,1.05569345519544,76.6480070001818
0.250599683707766,771.624061634752,0.893931864173862,53.1073790646877,379171,3.49412661297645,26.9578094925345,0.980020806915387,9.01480314054671
0.16715945533267,565.261911725329,0.936945441975621,366.921120205982,265594,1.82732632426058,29.0692274111182,1.03289766193291,33.1030617437032
0.104206380049365,853.322352176963,0.849384939988698,676.522615935924,352339,4.30404540199848,69.5554115744184,0.978889096458956,49.0311504224127
0.161640079053414,219.569680773145,0.643189162233857,912.526410546075,130798,3.46172850083071,45.9420801479146,1.01426276766325,15.1849796288299
0.487703093677015,845.724977934673,0.853682083469291,272.885159078971,471011,3.58288885859189,35.7961223736168,1.09824305892502,95.3839555129166
0.211445574327476,657.356729850071,1.07437640362985,564.045049141047,265514,2.99097402305375,95.5848331332916,1.00711489344712,105.204777923168
0.227909260660585,778.100050831043,1.08293129879492,561.091849506655,415831,4.63837686870535,34.0989000310912,1.0977149465661,144.635645417738
0.292507045076059,278.869346829411,1.13542626875598,880.465650591515,183158,3.7757103259505,75.5486287318658,1.04943982125295,118.585167670122
0.491836976522971,84.0380563419583,0.630880023105581,97.9910450818502,51005,2.52734225958305,92.0620137116994,0.924144458052628,1.84377918241545
0.128384625453524,514.65393613298,0.91629275374838,453.251783017172,337182,1.95442355113634,37.2872250428837,1.05919323372007,28.0313568362022
0.343828234160893,12.1309055498738,0.664454692762246,223.342391052335,4872,1.28424669929395,41.1047261671536,0.932257128293963,0.38596366399968
0.360832499835445,423.675448975089,0.720445309899446,70.4559702836681,238171,1.66144334872144,68.0360150181968,1.00646572167732,5.83613980799768
0.307588964228602,235.587744316257,1.14012990142836,189.679393494459,97208,4.97073180833464,63.1336514784098,1.02264904689312,22.2929650702631
0.0534033864219556,783.860539651372,0.898074755057817,977.647139205789,314061,2.62706758396656,64.0770562664701,1.07844609104387,40.5959128499781
0.341667415155512,1028.35734107164,1.05512695253797,254.106084044255,489731,4.59474890910963,66.6008570513567,0.942084842051423,114.469152329986
0.041406408407726,356.831510779414,0.638630463557208,938.27923466901,232737,1.68227742754106,96.2427186970783,1.07518841447277,6.6519007242427
0.30210989827945,646.763428597387,0.850095902354911,244.991625499395,408932,2.7014434853634,29.0378531475212,1.08689875519166,40.1472486837028
0.372394776838654,504.084550194562,1.0045441683986,934.73046601526,254384,4.8420738681338,82.0336390521114,0.917897470251914,219.156398720021
0.113375246403776,473.538876135523,0.680043888766928,671.889888440299,248424,1.3645290056772,42.437981680505,1.0770570236024,17.2927798998369
0.422394783695959,979.966389188752,0.79549072746341,157.55764862683,465282,3.37593713525001,53.0258252629287,0.951836009721549,44.5109708120954
0.0248733647111721,862.96758816786,0.63872868301433,602.819397370249,445093,4.67668760278521,31.6968342223798,0.916200189876427,5.47209470101267
0.42346830319257,956.87212060136,0.990803964521706,352.588335663265,393115,4.798733491817,58.4220076865158,1.09171487118366,177.02621164987
0.235561234814955,302.832346584708,1.18253475543487,413.995498179167,148831,4.3840299084471,85.3164439206341,0.978440697449918,51.0238535476625
0.116618090566506,598.797272010727,1.0962272946857,468.162409943224,272959,4.4237377294406,32.4055253899716,1.02459670102739,47.3061650912273
0.0755512910470443,270.141405873353,1.18477387008454,451.571671403818,112724,3.60873181646986,45.6702698665224,1.01057462395906,14.7978482810218
0.477120512115363,366.45204857915,1.10736287705904,680.903445958877,222514,1.88169243237997,52.9796281507769,0.942636384931967,147.351926654036
0.0456061379147668,419.671681251546,1.11311748371819,779.949665161225,242622,3.92271417793968,32.7924402315732,1.03391314563341,22.5907500665604
0.107555775768604,668.626882251925,0.946306317222805,362.718804741065,415989,4.91353785783489,82.17376074827,0.909222997801453,25.659807716986
0.180432950242193,734.753119824509,0.910951386847926,928.145763601405,448119,3.10373405869124,84.0210271163069,0.940618985262399,110.487950000452
0.313915075990949,418.406143805792,0.843752559856697,941.542998317933,207895,2.0427894363076,87.6921248334976,1.08893275018679,112.922983269174
0.276952531785288,17.909476832686,1.09085693702753,88.6559152935862,9834,3.29388427105999,68.7922153604739,1.09070150491815,0.681576501566362
0.0715653112820338,828.937496329859,0.709240567366815,64.1633494388676,431026,3.76244142496247,63.0429115640782,0.996531038362691,2.31675699589495
0.151966712031725,218.372218053765,0.633734949494516,453.813013643508,87965,1.83312123769765,44.6914334103432,0.933814347782756,6.11857507699466
0.126988367832152,515.763540851487,1.1687362936108,611.112988438276,311319,3.87675739043769,74.1368475467911,0.984324012206991,63.2315625033368
0.114635998700267,27.4693304729421,0.602266911122086,314.009510079459,13460,3.34973143553757,58.3422614241658,1.07541416665838,0.457311175324954
0.211460724875194,320.340231399619,1.18609759312551,296.443063531486,200354,3.44939963659221,97.8082304558041,0.914054810887208,31.4183490705147
0.354975411769912,896.509589957526,1.03731202192426,694.417138223731,492995,2.22395171895934,97.6134622730842,0.925573715432703,247.486943639489
0.116551936786446,103.902593484628,0.797099351818697,621.619070422791,51246,1.6210672404448,92.8903848863172,1.07913056917121,5.79052493649351
0.189672651054461,519.720855373195,1.01869190585179,208.789531243454,212423,3.49379958122263,52.0066853510749,0.983076680138549,22.532785815894
0.20154953915217,291.75599524096,1.09072509431108,890.275915101901,154268,3.34493195661029,52.5979341515544,0.916691721028475,63.467456883213
0.488463699423351,708.337802067912,0.747217233591862,695.977266653016,452639,2.35204875085522,88.9504873032787,0.927841815434796,137.685258970807
0.477786514870744,820.974485734594,1.06253740996775,394.447436710558,434801,2.18357467018355,79.68511988061,1.07648963559216,205.816405245
0.402067415548517,196.848747787462,1.08262177500494,699.443455491593,119611,2.38897784664914,77.8270727363533,0.998020674324902,68.8991705841057
0.128412871201401,71.8153288269545,0.749612778075207,157.020432429425,41512,2.95953335399528,45.9708258313087,0.932598861572249,0.821492724442644
0.0433382839049181,664.957606417663,0.62515581262679,494.843318345353,313942,4.89927894044465,87.5011458665857,1.07881195098562,7.44227349164413
0.165283027483106,264.656384960759,0.722473370734859,210.535189081581,168848,4.05425848810482,68.4565429197207,1.06905577783575,6.09477830238227
0.140729329222577,660.874129889825,0.720387845333637,89.3596838220148,336370,4.40695895666195,58.514918067893,0.904604670157661,4.51455457776749
0.257903642071733,35.9178024250053,0.63914427250529,371.409956773885,17027,3.02259827561412,89.9066593081057,1.01619802154989,1.68537042319451
0.391086675933219,129.852284138702,1.03560443079312,193.198709306744,67566,3.10449444711511,54.5657322836585,0.948867330076142,11.4360948711608
0.43057824005064,521.819901439251,0.827984954675045,651.842059106134,343500,1.81729864574811,74.0444358900824,1.00662716239611,109.209306673906
0.423983401851149,265.88346216597,1.13063170047231,690.364499316825,106973,3.88418334520431,59.9428886503104,0.955853666441066,106.418069341479
0.186241024999303,800.875035895747,0.751302663399112,191.257690915273,428937,2.68633602316254,69.4553354628292,0.963175256178394,18.921968536454
0.346744828295735,68.8950598241143,0.871939299059956,73.382355323255,30236,3.96978743527084,28.0409853736359,1.02037050648652,1.53054076865001
0.163288756786868,198.128285564643,0.983410457356058,803.170033553402,108525,2.6362215252505,59.5836372382288,1.00777183555355,29.17240628215
0.0398437161852395,986.090316465188,1.12647896980307,51.9541696921342,499282,1.43406874885563,66.7368480622581,0.979038479556162,2.82243424683627
0.353766980145442,409.99489912906,0.914772660971625,376.717434724599,217105,1.69221475114353,61.9539501062204,0.921513594365803,44.8396385543704
0.014815500759196,648.16845015689,0.82411477668743,519.854133143386,351780,4.24628031229873,88.5557779380114,1.09388477971592,4.6187853203152
0.210499467854659,140.23708255832,1.12020904708321,827.710079111511,92149,2.03446595823573,48.3342981093862,0.93492111009401,31.1928336518716
0.171395841958017,567.910892850426,0.786147854812566,846.630710608834,305325,2.05741769026828,91.3057398253405,1.02662344899128,58.2008216370023
0.349754993874238,868.16622974189,0.647654219779546,738.692468579933,363327,4.71747236000933,55.2596477430168,0.916548952540813,105.073617287439
0.385460281652586,345.915677604069,0.867025264506144,284.837741412903,157924,3.6305424914674,77.0895049195492,1.03766256650912,36.0554277841313
0.159006371625929,682.225225838151,1.0710559838988,734.177587603212,414620,1.45723021553743,31.5042046005473,0.918967956676781,85.0793483132078
0.407697237077978,631.748382671553,0.618468499052114,284.212237983095,302105,1.57434108052774,40.0115562676617,0.945901668301196,26.772936412806
0.154019212647418,466.896481397941,0.951529346993755,253.877782145117,195172,2.08946973088112,82.0874508355954,1.02939703987561,18.8702555713773
0.228699916393415,614.390306416009,0.956678429116342,569.771556519006,279264,3.37598275130653,25.924651415398,0.956587038388871,72.4842204320273
0.366239078236926,476.146647250183,1.15712505805643,694.911721642359,288804,4.01130187962269,97.6395804360324,1.00657016302958,197.592292909859
0.349530912320146,197.955532391997,0.771878890287013,100.399177616097,83602,2.09798577381279,39.2971675797411,0.924901078667482,4.03940189583817
0.493810551432978,363.845233555859,0.767301967926418,107.021471068378,201963,4.48256814965986,92.5977989683842,0.940480107853241,13.1901787475061
0.120328901865807,336.828013147407,0.864290190803807,794.96215247595,172372,1.43672071553659,63.6958771169714,1.04675518165092,27.9076975348523
0.334535777634395,407.356001835503,0.814148940882909,866.522388417206,201050,1.83039667217272,67.3431525172848,0.907027772056447,78.484268459918
0.308744135055131,895.05881190759,1.0418075176136,624.218870524799,380794,4.88185968457151,31.3098840978269,0.92236004197141,201.844185958164
0.458398242700115,587.931081429268,0.98505124627893,457.386609221542,241787,1.53897945461463,52.3914065618026,0.942991203722128,116.56297847348
0.0866174494059888,1142.46651688892,1.05535262274376,853.050655619227,470218,4.55244523089524,36.7164145585376,0.904038111820856,97.1353289099014
0.378381100157597,222.489591722561,1.09202507471921,742.376181136564,147544,3.81574030161638,64.4448620770707,0.919075739701237,82.0187454306166
0.288451621971696,504.80874838149,1.15378867964049,600.614488509705,208436,1.29234836256683,66.3049109253962,0.956278295527246,118.565499992038
0.144586276196074,611.949713419091,0.858562039070789,353.769265851325,393692,2.93482731559978,78.2250212188233,0.918583490316628,23.7113441751798
0.242473107932115,482.879058835237,1.19081843368293,238.095308573975,273466,3.07591741257923,90.8708618442387,1.07322388600597,52.9661727291854
0.173550532564201,552.04017759622,0.729396488042192,447.73938730794,273967,4.72855852566335,60.1134862202396,0.913214758102231,24.8662255238473
0.293863567366346,54.6776278275454,1.0286190971684,322.481447162201,27616,2.68441837230867,42.5020277560455,1.07219673983565,6.35313801027147
0.445610299299186,420.733592507884,0.920405590384314,372.295658347738,199901,2.7870544618571,50.0178746081237,1.06457201721205,74.9456811990793
0.288959442361979,269.394713946192,1.09014035681093,539.849502546431,136096,1.44993501914551,88.5317359704203,0.920152318912677,47.756757378836
0.319543984980026,1216.38206147025,0.886062312363856,210.639259104029,499669,3.55669025375065,35.9397613809071,0.905038262854382,66.0378522007579
0.264186445086208,269.557059574145,1.07036318121746,815.867846070134,154869,1.84358790355639,72.0442058754012,0.909998402979063,69.1209428740787
0.0350710981582832,784.764659753641,1.15810122878861,188.252988629029,442364,1.31013303289483,25.9814412882108,1.01807561291475,7.06010771943204
0.124100692869286,819.276967693894,1.03937655968405,506.943957449905,338441,4.98767600028318,43.4251996340682,1.03407072489772,70.8808815264962
0.251080847421721,269.806935373547,1.06565657173099,758.672771176415,171117,2.07851851185122,69.3556373126095,1.02413067824925,66.0417417616281
0.162015289034905,574.273085182215,0.640305258759514,510.769672305116,272224,1.56421266051522,59.2309030002003,1.00829537039838,21.8951448654594
0.0990641629029852,917.262882855041,0.722974597339368,392.970960409207,420428,3.79796149838871,62.0162117682423,0.934936818125898,20.1346389617673
0.257025092540035,886.050338952982,1.18458224430216,501.146740531613,441801,4.28672862368761,74.5421537844705,1.06819077892705,219.979475582894
0.168176798789447,177.811774532312,1.01591220227244,856.237163930433,81036,1.25630997250539,42.5939518313926,0.96551098727205,26.8893066604489
0.136472745154973,285.116011148802,0.936869410386603,990.91011336976,170447,1.42157322987915,46.0603705244877,1.09723563922258,39.3721155013685
0.237352854545787,395.891541601864,0.82018582403787,649.586124824964,168276,1.36069529432818,76.3343655570885,0.976971559578838,44.254241900666
0.0753092864602648,36.0477646545481,0.626633400724151,803.771840516266,21980,1.18783721329004,65.3718555657902,0.952600968794873,0.867908644712465
0.46459540920695,569.333244133898,0.821481544778481,63.7642518513242,299521,3.63782591453714,26.0940118194121,1.07885016275635,13.3546998683284
0.435174027980427,673.510838984931,0.899347723973746,886.346189048344,427556,3.35325275895746,75.2745846464081,1.01348283263821,247.982879271343
0.356734087012862,391.465671752123,0.726875705632132,956.347271931522,191406,3.65122662623973,71.5069030564209,1.04437008803495,86.1336376073481
0.0620447755183435,803.409138081951,0.7038820747643,596.410874669692,370278,3.02266865309672,30.8955680348705,0.981679756665449,16.1363528251047
0.39017985469015,767.087985844548,0.90504993081451,766.114618957209,314223,4.27003074162233,81.063962113074,1.07738310118872,259.267986395858
0.405899090773419,422.000666780406,0.951542541376526,537.107505812071,188449,3.1866732099943,64.1576094210303,1.08354504259687,103.914439801889
0.386204662680025,145.710254999829,0.743950751312715,321.89355343281,71388,4.6749877391985,40.356046296772,0.987353786223383,11.4616637654679
0.0658432846884282,863.464708095662,0.952433684673728,859.635573383862,354953,2.94259413001597,66.9517276087321,0.948144767073752,50.1612313555019
0.325514898963205,845.639300810136,1.14020397832458,616.994876396145,427428,4.1626346448464,69.6593885628252,1.0295342768867,268.963286007063
0.418819149917205,707.492350780962,0.883903954812812,600.413929601837,343242,2.62944141473454,94.0089046892678,1.0909168667641,180.728667054448
0.292903166597637,20.795393493015,1.11443410175231,676.175593649146,9921,2.74089557910577,80.6608319163378,1.02448929191459,5.89242601649372
0.326739613861764,207.996792149047,1.15636286671999,863.203007537406,108900,4.39596818095167,47.6443265868399,1.09084448768155,95.3373138232495
0.23459810491889,83.413677572483,0.655436417362251,745.310819482416,35670,1.43063934143065,33.8599725673144,0.968761592994523,6.37303321715458
0.269066586743186,481.325007180742,0.657486947794078,250.567984504958,285623,3.25967101993283,88.9888054060586,1.08301581415998,17.9702558996223
0.0268446605923454,777.722836738417,0.885626509732561,493.482367186954,378483,3.90534587111514,88.4550765906585,0.922513366483319,8.58661829244525
0.323091880766909,124.84284209934,0.952861466590622,981.283415386896,56179,4.00168246166821,38.1482511042968,0.971766883787537,40.23495174517
0.049909134316668,1008.06173212918,0.855530078679017,576.832678074636,419331,3.3659741086799,29.6598388898415,0.998894246898109,23.2351359835527
0.223157151226709,663.20371396962,0.795870462250502,941.333085797259,278199,2.79225793663806,78.3898487362029,1.03062206765046,105.965560920613
0.15340099785703,693.607978238781,0.984596469675693,822.701011997403,345295,2.04312977546703,79.1936373127363,0.958827848989745,93.7594547180945
0.277259695603739,1040.99781167357,0.601248907409952,682.722269718321,485730,4.63770494141649,38.2857815279034,1.08484786008675,91.6533970819751
0.0753740044063715,80.9900286459444,1.18084396851825,381.896942526767,42756,2.4791517900853,75.1158894668092,1.08069924183883,4.03548711549925
0.348905266966926,887.079367685498,0.739247452912813,339.103380149167,450711,4.19596835413338,45.9192808522697,1.05986732259311,69.8284433174201
0.399555653094951,153.820540790232,1.1502592611498,661.250012032708,63925,1.12666245185055,44.5462770976603,0.922872504998346,51.9212841163788
0.0900436803741467,479.057727202332,0.665408846720704,460.93317880409,197086,1.92867685874644,49.3388450567757,0.915658190227657,8.11704903457488
0.0611134128024223,1020.13019408089,0.742852309226744,808.815941675891,425868,2.38233917153649,64.0297274887641,0.999626291023868,31.2624826378625
0.081302586565806,742.544080362039,0.7409242206525,772.433902563186,453221,3.68629625324082,85.3340442496467,1.05306875113918,31.7257437714694
0.439792505330266,596.166964447134,1.19769174252039,346.523962401589,253679,2.27732322864756,62.398281316722,0.924647178582252,129.199750868407
0.268812738260615,728.285378702188,0.602760327435531,717.592343908674,297458,1.16545520327723,47.3532021718056,1.0282874933872,54.9224605259168
0.238957888043676,659.56360926727,0.983782925582097,519.822680592325,354366,1.69547006421606,91.2980724033887,1.00557107822046,90.5833636847211
0.0622887913601536,840.861055919728,1.12181194863651,357.127495773297,416547,2.0366614094773,29.1317468081774,1.04519788394687,25.5399375586752
0.328282443310911,140.469756996778,1.00336419241484,442.318263126408,61634,1.70418991974328,84.781861292356,0.987075045233254,22.557747705842
0.435319800028594,835.60561329504,0.817640290930166,900.584273851649,405225,1.81489824056453,83.8286318441392,1.038659319444,255.550315573032
0.415811075968492,601.321005644114,1.17498561762176,391.541807516413,241157,4.07582776269342,44.0160107615757,0.931921734296813,147.900360917542
0.316766807400593,441.719376367686,1.13611245275342,323.029309653485,225861,2.64813457580184,39.872138689021,0.942918854646326,57.4214672936047
0.0468865711593201,470.520388642059,0.860372952149711,384.216859674631,212526,2.6207169786717,90.6025421121698,1.0806668127628,7.91553978060151
0.0650745433162463,584.833122090718,0.943997095566698,253.887514398257,255097,4.86642534663794,66.9153470170243,0.965875015059491,9.48476926412738
0.0341614036838141,942.373968579539,1.18051151268314,567.403238026512,472581,2.7868073517768,28.4508518223561,1.09710116296731,29.6084333502925
0.13616481608131,647.119331793281,1.18953621715588,190.064614506406,274554,4.71063253012958,91.8124387350357,0.909240919530019,27.3007241820242
0.0764741189085851,975.270939734633,0.869893965430771,826.571597115071,476636,2.19625239286672,51.1754488266755,0.999175162990581,48.3671645650655
0.137423539723693,173.891403080264,1.10841001688585,264.301234883345,90964,2.60250503961669,50.661741535752,0.964997432889271,8.26569047241474
0.198678447302291,582.58526127821,0.781188136172362,618.152276162663,362344,2.58513342426985,73.2465952869905,1.09919300741018,57.4430970764744
0.472061564194856,769.309083379788,0.823087723758399,168.774223973899,406308,3.18431532925858,74.5983207098932,1.09800695127292,54.1470093565645
0.309084269293029,759.281491917022,0.698893129794136,979.53049080361,339885,3.33698916341581,51.4987090621311,0.947048658370586,123.493957202619
0.419137154984652,735.717561334647,0.725510755666038,481.846685948965,303854,1.99250011616908,35.745919592266,0.953451375936427,79.4815090604318
0.358072235349043,495.448505946658,0.994123981355615,831.062773720874,282842,4.17433700166847,66.4202322527254,1.04993444374341,192.237300956882
0.0651265339580496,798.873689940101,0.906468970804248,780.215443867485,430605,2.98610381870717,71.888437350643,1.07793488627886,39.8726554363688
0.370600999123235,679.781276498907,0.738679116375362,728.008394788395,411002,1.02817421407523,89.516677379423,1.03273939757098,112.976315276965
0.144798451963971,135.873015345869,0.841745769816991,835.996627644379,62022,3.36536253326672,61.3329990523799,1.07294179101227,14.526657057532
0.323162845027406,1044.21713836399,0.823910075918209,145.440428226721,424446,4.19223776611655,73.4272059676166,0.912658491079146,38.5838344851852
0.177071367085064,444.504499884878,1.1924161227212,694.572337598364,207620,2.00186695126183,29.0806620861906,1.02810569627932,82.4011922095285
0.498859408999683,270.126262769614,1.11213950232683,302.535873510092,127594,1.1514840374477,92.0892175154621,1.04003417783414,54.7551940275129
0.139140224953421,893.298922116646,0.832779800030295,796.57808086326,435015,4.22871462260289,49.5411859905027,0.938063812612943,70.9686967542497
0.146773930679392,344.027744317674,1.14834994733762,959.025321855494,216580,4.90510686388651,72.4165843256734,1.05559404186492,82.9139885551451
0.466029405225575,901.553380308556,0.805581234976903,906.415053350561,404374,1.30625445865961,93.7038723484931,1.08885303394027,300.366479966713
0.0220757582717981,278.391237448589,1.00074090764092,159.204611349983,132438,4.75214722930289,85.7894338273515,1.07959329845561,1.39448550795621
0.351377604057866,6.39797123581461,1.17998999800927,401.07479963918,2960,2.43709764790425,72.8277893108399,0.948993483582668,1.34121655840529
0.36540993146058,595.466472866569,0.834167318393131,396.10661933772,248234,4.76575843435235,77.7705871052564,0.964798527594437,72.4476396828441
0.419825502931096,116.513975591131,1.00793097906296,166.181453041554,51014,3.59535729600979,94.0678836973732,0.999922273789249,9.85411893451999
0.487475262212853,860.894967281691,0.77755428663758,143.219750679486,377434,4.56097724979365,85.9069885110096,0.931672236856114,42.4722272835214
0.48804494038676,336.798446953467,0.759787389358785,415.645628220723,138761,4.14333210020565,70.7394295402868,1.09079063262326,51.0647468179533
0.0419856112075673,553.70924457139,0.944493999858931,992.467972971686,222379,1.11199097128251,74.402702965722,0.932319325942166,19.9586431737067
0.412701268148922,92.4693104982979,1.18755875881993,590.495518512961,44429,1.26177000930022,36.0451318123909,1.05228459159807,36.716188210841
0.326691867492117,231.748134617977,0.871880309232102,640.692547174043,144043,3.10297842047418,60.262575982795,0.968285630234186,39.7207405624174
0.327197645842815,765.949265263516,1.16258218218995,497.467964517748,390964,1.51847607937965,47.574823576275,1.01474415953932,185.252247492162
0.0728914640412004,175.326327067113,1.14861811214686,679.214024688822,76642,2.84413695662861,57.3977975874937,0.909434764878872,12.2052945027204
0.32859171155837,494.88064762608,0.752257567406997,958.828976707531,323933,4.81852119425787,74.6685155148067,0.941002371507465,99.6652358410563
0.491416464494611,714.293729168048,0.841091644250596,609.263055933672,458796,2.17902915021794,36.1863320201317,0.988878247664242,155.791119061835
0.456791099074329,533.208196720149,0.98598148709651,111.786536735134,340239,2.95565085526296,26.3031972745943,1.0354382434481,29.399263496825
0.225174023794377,905.131207153796,0.910827530646835,518.246040709789,405700,2.53703852027228,54.7693302424547,1.05551238524218,99.8221269393348
0.0295745069101862,110.816603223314,0.657575117917905,993.113709589354,55376,3.51930785699299,49.1638235866043,0.906028103552661,1.48905543664196
0.1875238101001,235.6960641471,1.19621881807629,418.03258456455,126115,1.77537972260624,56.532404477628,0.930498043215758,26.023860493017
0.414931252684272,718.312925623969,1.05159240072677,614.187175353749,447375,2.03975716053713,94.8415690276735,1.04595834773785,253.553240630528
0.353734559717931,798.780386653175,0.862616422934827,151.304925257376,357838,4.43507140545604,78.0313075911133,1.0626110851624,42.3668531165595
0.235078391241039,582.975819090333,0.970901129799775,184.121473799739,320137,4.24534489544135,49.559408094937,0.947314305457157,27.268575487229
0.0369997522278272,586.475962556884,0.652543690359738,880.947380496264,332220,4.15675875548256,38.4459116677527,0.945930609401216,8.39034434309599
0.219178416633418,447.006565693851,0.897180992213766,335.327396839031,207686,4.08367843727158,71.3858720692702,0.917605887894633,27.8395891152917
0.239822220461763,47.8370000677024,1.15849944949049,340.178709686863,23233,2.83774997384632,74.3182188632127,0.930058795119401,5.38434373562271
0.464992211118127,730.878845041287,1.13796057483299,417.852346202212,392437,3.91556309012883,61.2717012908376,0.901603178376449,197.868408986994
0.324132190755258,727.416181108301,0.802428507289887,968.154739259296,339678,2.54881927148847,40.957058096662,1.01796624795558,154.685225727175
0.162709929160778,419.653743603089,0.918820718292803,130.170971235033,236929,1.40283832075792,27.1416445627398,1.08077826881789,8.46473808256446
0.267405949580854,1032.62772111672,1.01843011445259,827.825897423768,449980,2.57349856659557,44.9245523100454,0.929915219907636,242.669427905489
0.0423671008328584,291.812196950715,0.804005560144743,374.479982642687,168744,1.63465217691172,59.2877874467638,1.05028873268821,3.40813145299251
0.486558435468371,245.285694665357,0.638927530856363,856.994624686201,147866,2.56340672253004,84.0950714831869,1.0147317372645,49.2347884045045
0.186429351946056,996.344145670906,0.903264994030683,992.167867029315,436526,2.18970086145155,89.0315371633879,1.08798437852263,187.986658761689
0.244155003907437,880.279928963174,0.960981441494002,381.23403970116,398697,3.3966426682717,55.9700919750223,1.05962450449405,89.8364500699407
0.184089147376092,434.078789756671,0.603504960072906,172.888547901737,257975,2.44616166199369,84.7093041012646,1.07054580455183,6.01402512412993
0.344430747756938,107.053653675171,0.657345224123118,187.156723083782,66236,3.82235865351671,99.5014617663365,1.02782843047451,3.78861719491595
0.334493757581501,253.295389264879,0.724374386156491,770.803846401727,108320,3.0485867241906,78.7457781139172,1.06226722390717,43.1775240412739
0.360507932159276,747.76698426536,0.80883137219456,187.67547472123,328458,4.6779691140616,79.6449273701055,0.970173900695972,38.6904666365247
0.141390182509841,352.907352869485,0.924630733698348,297.400490107905,193135,1.36410174140155,93.2152376162373,0.941803518967444,13.5469492592728
0.164677555770392,902.989795596473,0.776305751255799,244.178426478976,418400,3.75083675456533,50.3608096312682,1.08250399424659,27.9102430593941
0.0713731032371419,771.521565095434,0.765710288643902,387.894635829433,475028,3.68958751028016,25.8404044793103,1.04686717561448,14.1262689454596
0.331199886204595,808.866298215782,1.12160960628785,120.648246392203,403013,4.8025061896508,99.0232953756774,0.918140579387618,48.2778050121962
0.0295005923944697,287.639923664783,0.687030384480856,863.905358286895,189395,2.48620746817461,61.7851058253268,1.07338190555029,4.07245079435969
0.302864344406495,746.340980127004,0.897276079903416,867.138996210944,394555,2.22175187884865,83.9258194871745,0.969780787995695,171.640933821116
0.436150983577301,277.75345358009,1.17169483016168,442.286253558555,176369,1.68957377685463,85.9368353206972,0.959655558108355,82.4519498309017
0.44650775266192,166.668844503178,0.975007949469628,631.483190572302,84383,2.06115406142117,54.8137507810022,1.02466271345728,52.0511641863916
0.230028502581281,33.9426629283627,1.03032328793666,659.853992359089,17663,3.00756309102055,65.5954785041739,1.01371972722129,6.40710837904989
0.235058807224406,376.186004258745,0.858742194834364,761.795209578632,193473,4.35085184783991,65.4936644547008,1.0076513442331,61.8295601476146
0.0477148996739285,698.29812744424,0.611959300271832,544.655583166849,451876,2.13714641392257,41.5162007008188,0.950975436680405,6.99912574986176
0.338674862467088,223.866811504505,0.987678221020323,534.819243169602,120254,1.63096846662956,33.822920042072,1.09195475025124,45.3137861118169
0.412417115982694,234.787144498846,0.979154568856874,649.7385884618,104050,2.08851388429667,65.7679228706969,1.09002418476591,72.5845149534943
0.129880976756309,906.313205128478,0.666256581878,717.895975886384,484941,1.40370790011394,34.0107420138597,0.9008324379845,34.1566263548563
0.216437432000349,29.8538724053193,0.877295828174779,379.355858177789,13477,4.70678166523198,50.9566542894635,0.967565525833542,2.1388936676665
0.421031275014982,734.903303132762,1.14919736679939,363.851949605374,393106,4.49049660808899,38.9562498730704,0.909109732812409,155.819888591124
0.439789029154521,310.339685997181,0.723050899183185,306.232483891114,161363,2.23396686794061,78.0187081212084,1.07004975326198,26.6029474891591
0.129158190329471,40.6710579754135,0.876659252780466,571.404227547111,19706,1.98795126372747,90.4006640124991,1.07730364765932,2.83808519671814
0.279779610925268,1124.82379808346,0.876661911120312,392.147905077984,458984,4.62158925625966,68.3435957389135,1.00365965673725,117.810863411359
0.104321643811555,113.715865229432,1.08645688088858,563.29760432225,70681,1.00708780528382,55.7616855378698,1.06793560689214,8.62571362024925
0.0599205944283827,423.602325004291,1.09474552219767,435.685527535575,276338,3.40231011196539,99.7481980615983,1.04067206317076,16.7100385747071
0.456449045682059,290.377425941385,1.05556165179804,844.897473425028,137753,4.66401504378268,26.5906851434904,0.999914788585685,141.048459373168
0.412048677073733,82.1206744888591,0.819272495512964,119.473727758188,33531,3.03422995562541,47.8255813152942,0.972762279797805,2.88641352824006
0.382417101883555,64.5112160876252,0.643222155011112,593.600063924441,25911,1.01186783839854,45.900486448525,0.953245005065312,6.1251498751847
0.0338954962184388,116.39504308051,0.809689786334408,596.842563057838,58662,1.87548571754062,51.715269854344,0.95188582748461,1.60600737268282
0.423427108428026,72.0554043111676,1.0078747207628,414.531445011765,36612,4.68976637556774,42.2946805868877,1.01241287684752,14.7908953102098
0.224641597193638,816.199469080191,1.02164794469345,449.969849834986,380519,1.06808969671932,44.8197126573592,0.933361765298069,84.5031480761846
0.177773610414971,500.131825158455,1.17900012568603,810.124792838782,243298,2.57911906425281,44.3257832437995,0.934958375234591,103.156758412461
0.277773416902434,367.282956979563,0.872184738866225,316.640024747318,172103,4.15897890533191,62.9308038064323,0.902078668065406,26.4132601511003
0.0547630889345424,497.984363497382,0.979461349764174,877.833601854855,209766,4.35236397474001,54.3291457775823,1.02266561191182,30.0643411383751
0.380756809182675,1043.51029950462,0.923514522433519,901.526138927959,464545,2.91043173051468,72.9460076488681,1.09886883713201,392.416912530428
0.295393187675265,909.509758082018,0.690371136067942,668.088339182086,455466,1.92993500693141,63.5800869900764,1.07784387508558,105.773688278896
0.101429147467852,702.588785650518,0.876721483279282,784.214828022693,358123,3.39881887074464,38.7566389277298,1.04113796088542,51.1552204212112
0.102233777886832,946.681770841868,0.926901092813396,632.300151936764,442457,2.05511212622921,85.7533734200881,1.05710505955331,61.3197781058264
0.10028183927061,313.898681474595,1.17044976362536,548.996158059262,160504,2.02105703198367,60.4146398755418,0.983370543252749,25.066727028919
0.0379311699004477,374.274551919506,0.819923432645374,968.343866537718,191173,4.23039905358805,36.4923638429487,0.959615910983214,10.3957606104445
0.298021240192126,465.872857876689,1.18805946186479,318.522216016091,307242,1.61706334118645,37.5159882196497,0.973725656376937,65.4641812742706
0.421770607018369,522.62440899305,0.925380044414451,196.443399310957,312189,1.02208591360796,84.7726307859217,0.91628441634601,38.355908983919
0.0185741248538204,479.963560258495,0.745481545981834,323.11109498539,241368,2.3471008680234,77.7244888167325,1.02675903960593,1.85957247747163
0.034012276035924,466.686114220073,0.714998632209485,633.894327960473,200928,2.96389581998012,62.9895964404821,0.934973004442535,5.53820988665703
0.290657435576603,877.097401925172,0.685016950356139,225.924266196087,493104,3.82032156758129,47.9561132314249,1.05257564223201,33.0188196652565
0.411552885839166,830.782586367721,0.871759722344072,913.373341064998,410741,4.12446103041715,59.5391527597807,0.937995292452763,256.449880035178
0.17010205637863,402.303207392174,0.613155857873354,440.473180632123,218055,3.65407684453452,72.7362652853533,0.945624805053467,12.4185151400141
0.181311055415784,584.018663069258,0.867027169988919,857.464734377251,363919,3.50603552126771,90.9461738072136,1.09146112787523,90.9263131784553
0.30220978377342,333.126485739475,1.19304281529357,286.774717302376,135511,3.66299488927774,66.6900900759046,0.921079182404746,44.990429286165
0.144364315670832,120.050692600841,1.00206407743336,347.50993732861,50984,2.0861060703244,45.7551471080313,0.999768507849206,6.5559836310337
0.0230380993780652,279.17690566849,1.05587167272024,106.262227313872,176863,2.52944529185827,28.2054936020109,0.912537301480319,0.724287111454225
0.370261973869782,448.581269361378,0.671403234430958,294.879307576295,202083,3.46574600399826,38.1591291937555,0.918078198416441,22.2634922608953
0.316568457341312,17.0938092751156,0.883860516894054,515.798128015136,9252,1.26228264141589,73.7633215496847,1.02670007242769,2.48420828087446
0.294570439537273,1016.85587406186,0.771733860615428,948.83007183708,407582,2.18130140027142,37.0327725118118,1.02614545261172,194.237067780433
0.373425223205993,324.858902018415,1.13645851679342,419.457825196923,180237,2.62567577903061,61.1154664857588,0.938624056264832,73.1256424167355
0.340863110405398,505.327815637287,0.708775483208347,657.756685509179,290629,3.13376273141574,77.4216261607289,1.07449730305168,71.7663895725069
0.110882174207377,78.387527014613,0.875239996282045,456.324611595349,37907,2.94592842944384,48.1168676052333,1.0404373991366,3.64270937934175
0.182715713002242,206.245348124962,0.952828631007383,94.4522582295442,88323,3.87252751261597,75.1829417355464,0.960122116574233,3.61585016065329
0.0717939694225262,753.099812167194,0.90842465494712,528.355994601867,444958,2.89370670166584,68.5804046235864,0.949677311601786,26.2426969010526
0.0736299365747617,673.28235303042,1.09814611678224,112.617964368725,304735,4.61651993529996,57.9204330196297,1.05085705062617,8.47487434931299
0.341335915714704,741.967917055996,0.738871902791784,889.514928367659,475192,2.52127336860967,92.2934109163196,1.04672478482652,153.192136492336
0.430714052421424,1207.96037521029,0.826434666254215,765.385113853368,499377,3.10148682470463,76.9044167820583,0.929766382306288,282.905004390238
0.481738966091958,294.962174206608,1.07525057794437,409.718897689748,186558,1.01284155840811,52.0447774864431,0.969837569734054,69.1396887678653
0.317890087599228,362.383372283388,0.916842847042083,658.207732881725,150103,2.24191182578476,85.3198400144156,0.943335449331688,69.1469619014186
0.100209648446869,854.693368335034,0.841270431388774,156.426747547666,429320,4.46629190925597,80.3576660627254,0.958828839217175,11.0203037332511
0.061768669269976,972.697477347905,0.617665508846899,717.427237614518,499308,2.33430557838517,84.3762974131123,0.957512792498974,17.9459667851973
0.408296976053011,779.564131694803,1.05203125440937,831.595788541896,315191,2.01274533332985,73.0716987280746,1.09520473999266,350.537400479881
0.2935906734164,990.615056668087,1.18330924678006,830.658366111323,397776,3.17414784976889,53.4527961879624,1.05004227462211,399.537745916614
0.312959660296723,840.915313460218,0.972172205693106,320.063670306123,391091,1.31492039376829,51.1433886703202,1.05601040978717,86.6459728667959
0.392916423489808,290.138149408198,1.11392473241328,300.558885512985,178314,3.1264205266016,74.0613520569448,0.955484633053124,47.3717596589957
0.354605841588901,576.896276001096,0.910125445916956,545.327803507545,287561,2.21466319296875,34.8175005975176,0.900105417009274,91.3717268530328
0.418884543899487,845.544147515821,0.739008579254019,969.383553833356,416696,2.53241155949755,86.4935762873932,0.911631400984398,205.608526719772
0.0375448136753405,693.712902010529,0.608665262541087,924.496828725781,344369,4.16546001734858,52.7751537998555,1.01059995333136,10.4127819943836
0.376285112005787,23.9233256532913,0.992038960553993,391.656557668183,11560,3.64785607445647,72.2778992024162,0.957096227779677,3.88578912598003
0.426917851087827,256.688776226673,0.895865308948947,790.838030873892,169016,2.78442437249537,62.4297936200064,0.938590920129638,73.2967933995947
0.150206170804574,161.625235684523,1.06925888825256,925.251875886884,73093,3.31006525233976,63.949486901849,0.909928184323264,25.7857684684826
0.323819164256694,259.409869086894,1.01680945046118,297.880142431725,117253,4.06743502128092,80.350460965101,1.07517634788595,34.8997799434053
0.163939411280116,731.549332991555,1.19277142092394,838.780867122793,452840,3.98313498078475,72.0002540253564,1.0200254694116,174.94660215774
0.479405822576402,40.1812773384305,0.906187550047224,304.500845563718,19409,1.74128684220471,43.7731741259285,0.921474642889652,4.74572299963377
0.0263775504933968,228.926215671992,0.856304873803806,376.11801959285,110680,2.20367688799682,30.5669448567803,1.05328080321932,1.765114360007
0.294098493478148,339.316479079102,0.772043813663577,238.879656308216,155475,2.3929477238641,88.0175550523968,1.05116511821536,17.4891330747133
0.0915867380542624,489.610442273616,0.886116775074765,531.725809119078,308825,1.75016916002002,91.3670556063893,0.957880728203051,21.5869031140485
0.358987900536808,568.875785249904,1.12372288687375,851.145349548179,267517,1.04864581602522,37.3372399687989,0.937685378311349,209.69964312621
0.0961862388751444,195.733131418235,0.625463835475045,551.649530563737,109916,1.69586907515525,48.2107800189649,1.06279637522788,4.84981567806896
0.125337798330195,166.4929400796,1.18674002837171,167.268009208443,82956,4.23297730832595,46.1756786448799,0.965912946530227,5.36571054182316
0.252241697412421,270.893781187323,1.19598431658468,289.187135615811,119162,3.18368180556988,95.3086420555116,1.06948561621619,34.8021620307931
0.45826912549847,555.297832230625,0.958692827152741,584.718773917272,251762,2.36663210794872,40.3583036448016,0.908730322609557,141.450805651383
0.113740042352506,220.684002660811,0.798926522217241,604.028082792032,136317,3.43337778251786,37.4904424074874,0.99985778978231,11.012719922903
0.0806776103478707,990.9162761141,0.733829380993214,598.060608367626,473854,3.95933650138717,38.6378912311149,0.935919056279924,26.7467230868344
0.381898647608475,573.993050831263,0.765894237410927,123.153317880905,232469,2.41771113208345,79.7401882070325,1.03440896264563,18.3959805045786
0.255303570843626,50.2647279593066,0.630063255902983,766.011098003017,30339,2.8642993661399,91.6014883184856,1.09944275229381,5.07307648631115
0.456774705067068,858.585207939355,0.885066575090015,913.956789039556,364904,1.25685286668046,54.5025557974951,0.982502206405387,296.322124878006
0.0818411330083227,363.627472810945,0.634394562518643,534.993000343405,165094,3.38836214484992,35.2059928274768,0.920062109378392,6.85668516097184
0.326504667581289,743.806017622966,1.03108452886556,732.88782243327,327091,2.42562838220874,68.9291498056255,0.963534623894574,193.600402473464
0.124110781614389,250.395438255103,0.823157673319712,918.314717434724,140517,2.73409459040315,40.7451218746732,1.07830129991302,22.9988755093842
0.0868126100393033,510.980443905688,0.719618839048298,660.491617200615,285801,2.6904024717877,29.8113585523926,1.05315220482078,17.1271123788592
0.344880413427063,929.454939844281,0.926912134701623,690.609438209499,386304,3.52963715497017,91.4673533786857,0.946442332378452,218.468573608532
0.300905463755279,863.105269957418,1.18425558434581,735.334192714757,464077,3.28986139581792,90.3130957250257,1.09071974387307,350.553068006572
0.379865454597542,205.227046828747,1.01707862941105,297.477328881362,131302,2.68842419110627,98.1932620194455,1.02443758693862,29.0193635097867
0.161636662458629,353.09560169478,0.895048110062496,603.543980980986,168093,1.06782008596291,60.55035661796,0.933609880063505,26.4023743420676
0.229506111627273,378.044702238297,1.0661485795527,850.066358817233,232669,3.48385045852552,47.0500898657817,1.01446442848925,96.5361375561387
0.208681121401905,1064.84210988743,1.04248588313939,331.354593747713,463661,4.51830989613731,82.7337809177802,0.990255373532799,94.5826771974335
0.492203837343592,965.482162307937,1.13504127663468,902.311974617017,450792,4.07820628637559,38.5371199062935,1.06393953495471,647.360094363784
0.1532019888023,108.878835537887,0.722801368556368,639.36285227735,45849,4.92646252900033,43.246905761221,0.968832005922382,6.30526008717592
0.154460446789916,152.702527914723,1.11532654575524,452.016108861403,66833,1.55630135208285,44.1761969655536,1.07499566396739,14.2932034516698
0.183728622326018,400.221722222792,0.780615652225019,642.023813330278,248259,1.89008021115141,96.3714557434135,1.06239407728766,35.3361622222305
0.286651099832258,101.959673874775,1.16459935669506,431.766910404623,54203,3.15706986088792,79.7367189123305,1.034920690232,19.8920621797951
0.133638144689235,394.511102546436,0.768639089368041,846.133821755766,173445,1.94352680937523,35.0271094436615,0.951721444469235,26.2217907022578
0.458492070785844,143.884973519798,1.15610912589761,508.202651064217,75044,1.13819912512676,31.963440859293,1.09406591525596,52.7187143366025
0.140185926784469,787.161612506189,1.17827442867845,906.15269176662,318384,2.60915310465578,88.2111140188384,1.00973335606043,158.078361228451
0.448949708464495,1061.52732986896,0.687294814474208,534.317676805435,474799,2.15057893661593,85.1705742283571,1.08150279567261,146.374379108157
0.0607027811868265,755.281208980872,1.18469992995767,677.349970155518,498371,2.05504338263553,75.3245933506266,0.943145979850039,47.2244388623427
0.33171572417583,448.02040650787,0.651433781057569,997.857199956508,188245,4.81269126809699,39.7075489297462,1.09667566041711,77.28519949226
0.454422904034739,480.092560615574,0.731140671967513,189.617548958114,299907,1.9538164650618,61.0212654166953,1.06321184578895,25.8533705231005
0.0926872248151325,702.600219544399,0.866501268523683,749.892691296735,428278,1.51773028474959,70.2044459092955,1.08984537668542,42.7708553850477
0.484480210448635,133.204795477627,1.19615841942703,181.928616520137,59613,1.5012770316314,94.9103145130264,0.942473146454997,17.3023617290473
0.231912846603601,816.134095079543,0.893137830699228,846.923047476176,345093,4.22529629395412,37.7067805148058,0.98613161571651,152.309790576054
0.473400403136102,417.478146264572,0.930245665907091,616.630712103911,205013,3.85939229810696,63.6585105359585,0.919526784366722,113.251216820068
0.341641821378723,185.823228611879,1.01665496971419,941.251582576136,103867,1.51794478226825,36.8313729158734,0.927393921311824,59.177307518125
0.15777756623804,373.917605936965,1.18097613496377,872.658771847625,201974,1.87901247544315,58.2887005430614,0.9567917327174,71.5543856849938
0.102268237209382,71.695766478605,1.07001084007455,121.128435595382,38904,3.98937203377412,40.0101230973192,1.09032513209465,1.24571779867777
0.158830172650299,635.698593550541,0.734492402654219,180.437414594918,348008,2.09846559133846,87.7139656236408,1.033438336224,11.3350200550001
0.0555785305387107,221.555191662625,0.781794558398613,621.112382176484,127118,4.92616830062941,44.1052208228135,0.962926461413378,5.23365697853272
0.0804953035082316,329.80783379616,0.658576943765115,542.398907944971,156391,3.16228026648364,56.2828537183018,1.0909146637676,7.88400417867233
0.0612836157697758,147.430494260948,0.986671418498844,210.136874082772,61419,1.76803188164035,55.5840739369101,1.04794628132342,2.1545702003456
0.217242336433363,781.499895774087,0.708444183923533,172.891266858067,432465,4.43523381805093,89.9721220016319,1.08139580264886,19.905880716966
0.399833404366217,416.999744467087,0.754442933087619,585.791244269533,247229,2.27790218358894,81.8348098549195,1.08544415876782,69.2486218556583
0.0792779415660067,670.00483999308,1.13286819310823,96.4754705762495,286501,2.15522942025751,29.3181616761313,1.05015394998242,7.47679644478526
0.0738570122544446,639.237791453206,0.796053405199209,880.048537805767,285147,2.30976493380599,30.0315592876123,0.948626685958317,27.4556372834947
0.325280185263492,500.353771228166,0.9399880310125,816.728773812489,205836,4.07278899289215,66.3397933848028,1.0993177910238,153.792940987271
0.106619661164352,161.67533177464,0.838539605273506,796.101473125535,97072,1.69285179886379,57.0789270518345,0.965018168012327,10.1470428579114
0.0578289186734059,613.011419180262,0.644418772443548,65.197289688704,372821,2.52714312104375,45.6688165402632,1.03434114991354,1.09581557598916
0.091755803320733,131.470094422636,0.817718297938023,95.2588962421011,64401,1.12333109113764,84.4465703655554,1.06896233899156,0.922787432653443
0.46262838397962,111.711873285903,0.844840921821558,572.347165093192,52833,4.30650646939843,34.647637892425,0.935030198884931,22.5962195272043
0.412520913860334,703.680374819549,1.13742066114691,994.704404449469,355363,2.36287506522802,98.0542684652614,1.02180833598896,455.479633941334
0.183491635553996,220.830180840999,0.794670392187804,375.200390922784,105209,1.9926916792335,26.8076880064121,0.975034555385652,9.73740182174068
0.331352175990422,258.911234408502,0.827544671857241,377.156075585077,154079,3.319572969502,33.8673043458133,0.948857813927833,24.1792590316806
0.273265080097339,471.421260189126,1.0697380612034,177.564068518884,238138,3.8199675350055,48.3487490706889,0.902354362551262,29.2620029132659
0.341790889106456,486.058555130198,1.05537399072696,690.619013552526,225226,4.25158414873177,63.1861821441627,1.07439481275959,160.570464000593
0.344508864706752,685.300985481055,1.07897116598909,664.342854544305,354581,2.39113978199627,41.2102118859493,0.927176309445371,182.287860947694
0.318079667379397,680.19025737701,1.1722624440456,146.256295560201,312093,4.24920340059628,80.216136164052,1.07562343213697,53.2590183648578
0.140389670583281,629.364552307763,1.07733449903687,494.041672714934,322554,2.85952400148583,51.8156427569492,1.02013811976169,56.4943203521934
0.0291131461737809,655.168967029497,0.844564921930735,683.721163380876,357313,1.4045690701809,27.8903750047703,1.02421111090301,10.0794307819611
0.233227723175153,265.155192392462,1.09290511013886,518.840329505831,147014,4.38522993086312,90.8291475580483,1.06573035885151,51.4135422700785
0.446577203498445,309.268032834949,0.905204779253963,690.645402771518,161844,3.19053912841846,95.7899254814547,1.00188822933496,93.7169858444824
0.289053656674102,334.411080645727,0.766628419511139,825.456877559915,219561,3.40987828778954,71.3922716827783,0.971456913626868,54.2449604137135
0.417871610433935,334.870157454264,0.781750240878607,701.524661465679,154423,4.74996507877894,85.4902291427804,0.927761336798504,70.1735508510199
0.495895928051002,1154.92700649252,0.734305433138039,635.308524038998,492484,3.23660593975702,34.0833654019976,1.01408307624162,213.61201544657
0.0901719400277554,755.226408382371,0.686995774691852,860.910744097269,407212,1.02233412271196,45.1615211339998,1.01063341085022,28.4014034417753
0.348971043179571,128.571207667818,0.71069424711219,905.559139476299,83162,4.48246336401241,49.3923765758638,0.958779297133457,23.3681009154845
0.340403851113012,9.42736628968865,0.637906829972292,419.442115317014,3791,2.13900432129384,97.0564875211372,1.0200113851307,0.635847497009471
0.490178169205556,39.4151286128204,1.13307051895943,214.587393337692,22348,3.00706768313602,63.4166979930526,0.987873377193673,5.88699951452096
0.492944359636872,199.727927669045,1.15860468578947,826.967383807648,122787,1.81954641024568,25.556016911047,1.06110603078269,118.422875775178
0.346472519744823,108.503607790183,0.952062235496337,253.065451934509,58031,2.18793427381989,53.5139367152572,1.0118972515253,9.86010629012333
0.129371248071275,597.999173606686,1.10429373396521,932.503136261631,267136,3.74659539226814,25.5812950649182,1.08673571726937,100.510963349347
0.401292360683994,769.841368389617,0.710142661591888,71.7340479608083,429140,2.71829340415166,42.8354305354334,1.003596593677,12.6359026327367
0.0624442757634087,764.816514389676,1.14100429513619,925.207623488338,368639,3.50852252232555,59.1025050355883,1.07749906063145,72.4460005828204
0.392542659044098,208.008744235935,0.903816935778305,609.72384298146,108589,4.2943027652518,49.2544791565628,1.00410502760282,45.078845982639
0.455996100830901,323.957239453393,0.640298995563333,786.005010687237,200250,2.36328808874538,27.4550659213878,1.01160696072807,51.46317544336
0.197588363436533,465.69639717148,0.684787646696496,428.567957711184,254439,3.27336015330416,33.7251791806585,0.973361599091117,19.7439910002498
0.319011294541709,901.724441872371,0.78538587647209,992.130477313436,405293,4.11035157349255,66.316492091705,0.980033824692113,212.631357333444
0.220769938727445,886.454499795749,0.626134548212851,266.173856187976,419722,3.8604927710775,77.1703678288364,1.08662029745832,28.0558172072369
0.224504876944183,736.918173928026,0.785576026810466,301.126479506266,454950,3.1593737439274,55.3411759174677,0.944656480396108,32.5812183894167
0.162081735662979,424.335169909446,0.635958259871335,98.8608218355993,255113,2.53353404290942,79.861130981868,0.924291544334565,3.08018660098526
0.383443514020659,743.782820557857,0.741616563115695,943.449694908366,347443,2.63000792493207,37.2499666386358,1.06604218236079,166.395675094338
0.468726516441588,131.374234548454,0.759401853513865,483.227838418742,56788,2.73254084798506,34.1543460855765,1.01538215994898,18.570894920499
0.470967921024886,523.547390841343,1.19662138582008,691.109793983382,283079,2.39538211578461,87.9590286957457,0.956929462892295,262.877266827883
0.0956428295887176,262.11708912336,0.741328004258199,703.068691089699,125097,3.79630253955879,50.441001136915,0.986480044057939,11.3027386827325
0.438624388331717,361.572379982852,0.743511869363148,880.776987668544,216427,1.50166100908732,57.4185941458318,1.00498104535545,81.2927603925809
0.37134140629929,574.914546946718,1.01207338101503,681.678988114089,317391,4.86981648286911,96.0686201737972,1.01842805136729,193.365873302959
0.133890326338242,196.473640300363,1.11561448710987,583.920123188978,129236,4.11594200788616,56.8084245952832,1.06421020458769,24.8780133013793
0.0429694603315421,61.3341816284991,0.832233247561252,724.802597981491,27040,2.1926522086671,25.2617579388928,0.978870465491203,1.38943601433557
0.141318660773345,11.6075659595337,1.12537081196442,763.42225905297,6106,1.17019027708254,95.3478954662377,1.03530062264529,1.88453771971666
0.456982036022948,27.9255260415457,0.804085212448654,226.631548936058,12057,3.8452126895157,26.0588975114371,1.06695339475283,2.20173354434725
0.320257550698928,11.4084548974534,0.718209527769012,154.183687027915,5166,3.93743617987933,74.6714712796899,1.06875469119161,0.374567977626619
0.363316783839957,130.565704746599,0.797783294596634,121.106407961285,56067,4.85449044211031,49.2168182149378,0.950849041007285,4.31040505081535
0.136004652043457,215.180797978085,0.965613824356795,405.35081979641,120505,2.01482223030066,60.2793067420154,0.970034608850025,11.5727049317652
0.362500196231662,187.702576373627,0.820285895587244,523.100227845858,111389,1.3309003608169,66.0463875772138,1.01898120685244,26.8079605642418
0.0237795380761826,1219.66792668853,1.00373628239357,634.867403375368,493412,4.66053903087373,55.6345042971666,1.07715447824939,23.4398958158374
0.193907459428777,340.796628884821,0.742161527653489,960.13279370513,153697,2.0345961384511,83.0776590386626,1.05808921733838,42.191520546484
0.317109140785742,150.739451789508,1.02059573639349,364.248429196656,64583,3.88612578929553,94.8029807248334,1.01679258028324,22.9147826663426
0.0815873171152469,413.442510499007,0.80846301794908,772.830349473411,273236,1.24263855131071,31.4809039089151,1.09674672612477,19.2508708438646
0.413271751478998,795.788424962991,0.873521022961161,554.789738615141,429121,4.04233921990467,85.018966092623,0.987797445884688,168.281236134689
0.12516533641784,761.104329580799,0.934647084265738,259.085435482571,339352,1.50810358854856,34.6503355675484,1.06849011423725,24.2858244736424
0.329617745281039,234.717056493095,1.0117350019116,634.540157672321,148745,3.78234539216641,31.0207887437206,1.06368407599459,56.8390124096886
0.208546599861912,581.433153171474,0.74322821510924,968.817369375218,281247,3.12937219141362,96.6873589541597,1.08160766233406,83.7410019712748
0.302061361784047,690.054406864632,1.10156732244649,168.092884288709,357713,4.82195252186904,61.6973336118456,1.09753567100504,56.6733989577743
0.062650770788165,552.904116347677,1.03310564985314,531.915776321767,364324,1.14767057230937,36.4452468256966,0.999139339515966,20.1333032342726
0.0182872719615876,579.12666045378,0.7404587514144,99.0279364430018,333603,2.16819498320023,67.7467834912817,0.939125929740679,0.599748647394356
0.455686569416348,777.339378958171,1.18498473756175,355.155483951544,435535,1.27803566933698,44.7427854077165,0.99217907136563,186.69311593518
0.14211870429592,701.454047030832,0.998878194618275,639.572543714292,435183,4.51679054095888,59.8231762605996,1.07077697539709,77.5322863992249
0.411641731362425,617.90910322839,0.871456131880023,849.004089229217,289889,3.37560461464443,71.8494695409933,1.06722132685109,201.954765279488
0.499681647231378,375.48325753653,0.69451639533211,743.812000639767,215498,3.1398784494316,90.1952371652496,0.967193981517362,80.2793091367573
0.113601316419466,570.871836585769,0.919932601384879,489.7139393047,321144,1.52583156846524,25.2311048701981,0.909461361391735,24.9281368976381
0.139933663179844,981.570279380142,0.698865532096271,913.761619248939,409288,2.9561290292522,41.0605495686962,1.00196841956525,68.2969809102799
0.334801295940986,7.51441021408779,0.857695007218706,337.578931772582,3820,2.59481462070326,32.2202907189085,0.994820185815762,0.643459230820256
0.483069830954304,938.508805793788,0.845227513643711,766.284239713908,496007,2.26300747255609,32.2823276169297,0.917152795555426,235.424819706443
0.458749030613465,205.183237479069,1.03196378660848,500.308570660279,92264,4.08875582199438,95.9333059854929,1.05897799114472,61.4063211984616
0.256409004832137,567.835129690646,0.71542990873455,903.703966939137,235654,1.24510415933378,95.2062200886289,0.95671805478771,69.3741024298053
0.399604038438095,665.133922795607,1.09312281292251,807.561180571072,436143,3.58674290944881,81.1981059775925,1.02915041843482,322.95138770537
0.0765154680189515,220.725720120494,0.795679396209699,906.39617824174,113295,4.29197212480885,73.2297281800687,0.920297572531,10.9749731899993
0.488944710259966,504.309992375499,0.866393176181265,253.53545649497,238921,4.6292291314413,88.5977834768277,1.07214063458192,64.8972905550977
0.482533084677633,122.131060543945,1.06340458533231,684.742910510398,67158,3.98366637902164,29.3806553567926,1.04785490063103,52.0695626756031
0.0902271893607938,450.261683284665,0.975235439828109,751.540237677558,198143,2.12982271543286,33.9614344825921,0.977684541795733,29.5803340513334
0.156717331153522,220.92533531146,0.784815211081162,755.293552018464,89390,3.40202984209481,48.783469247225,1.02589778986465,18.8847637442835
0.0590759487783158,445.803322972364,0.831721754727529,528.800427943971,182450,1.56561444365742,87.4369284922385,0.937490778537115,9.73064118038762
0.143141623460108,330.872722595687,0.783472088393766,60.6879962305549,187359,1.4682424949791,60.4174407074883,1.09708449819179,2.09222312282756
0.409818336813451,857.287504704107,0.956862100366294,298.359244675621,496593,3.55449656855406,62.7681072578214,1.05922160841874,118.310225199642
0.195374647510977,1222.38528001633,0.799574719924104,357.135831254162,497412,4.40443061833681,42.1949072240356,1.05778800061381,68.5873080123153
0.0533145139019116,114.144950990531,1.03541861686988,859.434786417673,58278,1.26899250279848,73.6290610880145,0.930676043515575,5.53221470541733
0.177690507141663,620.554522590022,0.947872295150236,848.841526249009,363259,1.42401492853319,91.5881615546698,0.903546704978772,83.5899466455511
0.490877833778227,59.1938655615315,0.687423967048505,149.446098835894,26821,3.26242922971743,49.7135664893851,1.01707427355393,2.34352970218563
0.318544961677009,28.6667125035144,0.786161171207929,952.344087682695,16065,1.87284744407736,71.4389454827413,0.928824122367962,5.35226989540358
0.213918863739017,94.6555152317806,0.732868465146093,223.334612318916,53561,3.44727249111059,49.8961723083867,1.05608669129777,2.94941782866368
0.0916038716136623,1148.64909451901,0.834187927530891,443.641478735875,482778,1.85817530102136,84.4539333875748,0.983215228035649,37.4094720891776
0.49322663066901,782.181479351453,0.909590451725618,254.399117805218,470491,1.46592789722424,60.6219802744238,0.967718849797486,82.9794949008686
0.412216014538933,152.950698376004,0.904057714370466,867.31584538789,97770,3.18229992865931,50.4601766664778,0.914729852492342,45.3403665641925
0.147923878200951,144.496533314582,1.05271420593797,761.931930266346,81674,4.44878055213048,56.5036640658469,1.09921301598892,22.6633706719731
0.0443336609033828,254.997282479569,0.713503118161026,385.852366543414,121027,3.74048788860212,31.8420641047171,1.09120215607738,2.71713417448124
0.0377465231150034,419.175422844222,1.16788369757847,697.784694724753,258258,4.27490055014386,89.958786499183,0.92631938156137,17.1937558935452
0.0689852932577116,562.462442891141,0.805707064129301,225.148539962965,285283,2.06534069756019,96.8551791503579,0.966562320836298,6.50815361882785
0.294576605971067,237.357638095705,0.780149308149683,413.182237757202,111575,4.5439146051881,60.8060634801562,0.978157507604921,21.4460311281743
0.465094076390691,889.126132231109,1.01110714690813,408.252208921203,378555,2.50815669830508,41.6002906058605,0.959360215623119,181.609341697969
0.253404279722932,268.937635735441,1.08330997720984,276.039847635328,155467,4.40979067142797,74.8492149316704,1.08689371193097,29.665020478126
0.423043286403537,1068.63035295003,0.827083058888192,882.496447103738,461144,2.8847023605949,58.9286109655857,1.04426836580442,327.253822715601
0.228484443731306,570.272362565144,1.04810818493639,694.90344870517,328705,2.07143058944198,43.9225060628815,1.09118328111881,114.773638524178
0.357205937426234,476.143736464218,1.13024157368163,315.942345035609,218739,2.04103532410717,27.8824857617612,1.07490108050482,73.7997804511623
0.368617641270385,762.936552548436,1.06008219912417,280.014722597585,395166,3.27067153745861,91.7278338841384,1.05090830389383,109.129828041591
0.0952422158926359,660.630683506809,0.6205178913425,67.0557974492771,409140,1.31604108082738,84.7550764033786,1.03939342141598,1.81635709826693
0.186995868898148,323.171752398849,1.09642134681971,379.253141102737,145950,4.72022477835403,87.1754543229535,1.0732324981959,37.0866974066303
0.322278056703632,292.907728427123,1.06468857507262,550.432719149552,170517,2.08585398279414,57.9879798198542,1.03682997935829,63.6994789197653
0.0446413380103394,784.730181563402,1.00157414289191,313.825394812958,468042,2.34249927138342,81.4941543965071,0.93774395979623,12.0643255684495
0.187154692003849,154.62175927328,1.05601345145274,715.435362608281,83205,1.93320621496493,68.5918947909997,1.02962530328562,26.3490268141648
0.272051738477784,47.4434439627857,1.18765523749916,441.162052560703,22033,1.01203184224289,53.108147231012,1.00300032798971,8.27746068921609
0.498150001591873,394.612514664298,0.85866773269101,350.501945160134,227574,3.77020094723519,88.2056566091635,1.09637893541907,68.7206014565051
0.242521445684996,674.818279389935,0.640333940972759,942.104775850815,400804,3.36221160413689,99.9068161033314,1.00199310941317,77.6000020182361
0.409867810986019,582.937226603779,0.87653398177663,299.660833423732,386063,4.23857816078846,92.446173045577,0.907690996630209,60.6108144396176
0.221712969682643,906.652191629839,0.627860193234629,428.344739091823,459846,1.16404309380392,83.2143978764729,0.952837902153129,37.1883875032734
0.400231454083657,515.077586260298,0.776550244853077,413.176249094733,267067,4.71462257893328,81.0630979144283,1.08347635209095,67.3540986979289
0.301753252793853,88.3093519189388,0.952127875078055,279.138428387686,50932,2.32354776024146,73.7686632262641,1.09247126608933,8.43749717552432
0.444431766336175,457.94829725484,0.785773735755694,256.602902819896,294756,4.65227945002318,89.0213122629683,1.04569971532815,44.9757794228031
0.211361850651554,751.290822685111,1.01123714754572,337.261017872733,389420,1.42852592827016,61.98109358685,0.911372779757394,54.4308761094724
0.306109165712525,108.849917133678,1.09319179661143,871.024361434622,47570,3.97568232587856,38.6297132648495,0.904708277549253,36.4461979166878
0.318709153503225,193.075129437951,0.852263507567722,778.728742867826,87156,3.31743292572931,82.6037293201905,0.99591900055982,42.2341484407327
0.214517641482232,16.8395499493726,1.1400827707758,696.94953845205,7133,2.43276486101034,93.9629780631914,1.09993446131218,4.09993719213307
0.0807129014068659,448.697791017044,0.64790335881024,484.247843010369,297233,1.31656958373208,50.6014218947875,1.07385934749988,8.2192360704088
0.0558441093870444,1093.81010503582,1.10406789852027,532.366285400973,443481,3.41894603938696,83.7237473467852,1.0866215241764,52.1946450968893
0.0181690597938202,618.090278129182,1.09714388726358,303.781903218787,335661,1.10575953229565,45.5292027311811,1.02470830099858,4.52238162910082
0.438031789480155,1222.87995299741,0.793196337796059,120.600118144122,491038,3.00512839658403,95.6950205019012,1.0718249456503,52.6228248998605
0.12587270699696,56.8777593549094,0.779229112274769,364.488528884458,32453,3.41683430317462,76.259574401034,0.963939674879439,1.85723110696248
0.113638307148066,890.34188955756,0.783056988692107,520.804568192748,451598,3.93009498915009,67.6956990386798,0.905472800690206,33.8590954456962
0.370657346208772,754.956428454995,1.08683622740665,104.447394193366,407220,4.96533853689938,83.4902618427681,1.08365012564453,49.4476800686245
0.166807895412822,292.850175390391,1.09899209256612,133.821636954251,157806,2.04037485403106,85.9923377918156,0.943686124929787,8.65216998896642
0.2579618992818,1140.19950284964,0.797833475296601,299.873971240339,486790,2.2895592854939,91.927742366901,1.04569727098825,67.3617405885559
0.0896304219957536,325.014138620138,0.955554208466677,398.726354913123,144681,2.36458138723597,92.5839649635573,1.03179346297543,12.9934393125278
0.480275403516365,1108.41674878722,0.683359937664273,423.65097056277,444763,3.92633084743534,28.951811916516,0.931632709683931,107.770227101594
0.427274886008446,930.990536648968,0.881267242968613,161.991762973605,440494,4.72727707302445,34.2180706009597,0.939155799306229,57.5603787313839
0.433256915252852,744.213644284429,1.19927571051332,264.530286808049,379071,4.89729499832623,86.9545658640406,0.965814496285959,155.631988577187
0.209319136800283,448.67432205545,0.695303488623748,298.564889460428,282172,4.78324546623252,95.9538740035134,1.05138613058972,17.2719127392484
0.383556994716515,151.993155781423,1.16853758397604,114.253132391184,60881,4.51753203086097,48.0753886092955,0.907848848939313,9.78135195144276
0.0804993161409923,546.638548596419,1.094552833179,359.794715560212,266454,4.96390949528252,25.6451363824537,0.981413748057714,21.700986443894
0.0142233112699723,393.975686650793,1.18332879056776,118.610494117732,179041,2.50378290733799,49.2028891776398,1.03302264125771,0.983548409859235
0.0197867369632338,755.674422664499,0.70774725636632,718.284950954187,396317,4.79328527999483,53.7148101979429,0.934294189187727,5.78324857855427
0.297434851328235,776.712902122341,0.728111094266018,416.745378229445,379307,4.04407984958365,82.0775023542552,0.923883454515528,55.2671686769787
0.233143503571491,1112.34012879309,0.610120309040915,360.414769909456,455396,1.67383943811191,28.5688499228379,0.978042448212443,35.1931727125563
0.263827520965175,13.9979232786255,1.03482108774936,170.196062928427,8400,1.18186075150881,40.9480177069495,0.95731184357234,0.662141301379614
0.0136569388044375,725.45025689958,0.986456816061711,265.178472672651,404743,1.85793583148129,92.047643964598,1.02981913284702,3.1127508207013
0.217116443632139,775.300065828136,0.706839262994839,271.069948492167,469293,4.1150044971505,36.6115307088576,1.09391370730426,27.5476443085273
0.361853398988422,905.106663992257,1.07468697932524,985.944004129638,394861,3.52678752490354,81.9435738976257,0.90089378718583,407.658354806693
0.226919913964044,103.043439694247,0.779517303679035,843.581910533069,65967,1.89742502938674,52.0982811684307,1.08047598249211,13.4468259169441
0.368787411092989,65.7294481045219,0.680997341598381,64.49917705176,41558,3.96768581788544,74.699516119104,0.986644607278099,0.875026980722914
0.124179292554449,20.5046313798888,0.853537599011609,635.994761230056,11401,1.56528895775281,30.5384877477244,1.03280154585353,1.27406167059069
0.408439582196045,633.953644815803,0.654581909056114,293.114591600828,314744,4.28736557543478,46.4918458814533,1.07020540656896,40.3680046607599
0.298331307822192,600.871161059986,0.757946193763948,149.158082378605,315207,4.17664390388293,56.859230312254,1.01469173222442,18.0286004885696
0.113273918720654,762.320504826723,0.822800015056408,720.319774963767,493470,4.89030388282419,89.2909469558342,0.919462365438268,49.3639935859934
0.125993033168378,490.571837256873,1.11111850470849,175.025271994932,199623,1.60111825851727,67.2621893234588,0.92811903514164,13.2146503583388
0.317734927639073,408.699572351584,1.07552924477593,471.553740553249,166621,4.6264519776584,28.3918969808267,1.0578560084639,85.9196885586147
0.416670400674097,556.205434369183,0.865652571450371,650.556906597928,312588,2.36441065488735,85.1399929994595,0.945819646288847,119.996476400482
0.213657613194286,921.573217068003,1.03474503465143,576.770018347239,412979,2.66423945918125,29.0891116713612,1.01380752322649,129.984905577887
0.13656721027252,973.710730037883,0.941189781707403,978.747643387606,468451,2.87378025154708,95.0774922993925,0.985616102495756,138.0480067783
0.434835687386194,698.046899508765,0.804505113046841,796.455482466396,401759,3.50761621281022,40.8788084530292,0.960727796561826,179.825237087057
0.337941462957909,376.946116633049,1.03552460609717,785.483707321115,213910,4.97905348047217,61.5944608492791,1.05739351282448,139.566987070566
0.229561888768708,632.832284165696,1.01009949267983,387.81562437698,317822,3.39983521222093,30.4210726574732,1.04624333044496,62.6169850911681
0.249071095686858,821.99766662167,0.971456665316161,57.9757174799346,428294,4.70686346016163,67.1284289723325,1.02922177689433,13.9354591393176
0.110085669288834,440.30924608984,0.97077331262595,747.690383187154,245814,2.02011280833889,62.2921525546361,0.974534273684645,38.8113221893617
0.317133288731774,251.809510458396,1.00978919539619,999.745480080889,109126,2.5936466472606,55.7686401161007,0.945294064804257,90.8225194489324
0.185783830166015,169.795520338183,0.830727307585523,435.585152356435,85692,3.01799811775432,27.667968777553,1.00317899019963,9.83949789297114
0.497866136570431,2.32292621125548,1.12144548904062,986.242574009261,1078,2.29160795914668,90.9202283988627,1.06342082006575,1.81305850443755
0.245289922478325,607.126585233835,0.697384707297876,184.622704057629,359401,4.90746841185732,85.1977449109647,1.01513299407684,17.4144954630122
0.24808394703291,114.765071949443,1.13033127794349,331.686734054882,56437,3.90273421558891,72.4772515246743,1.094027928639,15.549187665754
0.287267375831229,223.020211865864,0.805369105819197,212.190585155347,122675,2.91552540873024,67.9172486975448,0.90308749761248,9.25050647349986
0.459210441528186,303.23253265949,0.675018969365173,501.417174280475,149640,4.00521880483918,77.1209823527373,1.09966935627772,42.4961626763085
0.402400868931278,640.068153630109,0.960016441607478,807.132331431859,280630,2.8697699963306,35.7992511935775,1.03828180927174,214.395879740151
0.231053734200942,452.831967383224,0.825592001442243,373.628606961056,199581,1.0689013094717,94.9483184737363,1.0665348034382,30.9269999442957
0.36216264032667,626.09986258641,1.08929983626211,910.917490294278,337662,3.17277363124134,46.3504968628481,0.966990473553491,261.021578013814
0.297255394402573,63.1139927185617,0.85847128111726,567.588892663296,28763,3.50074087504481,74.2367704332252,1.00166826561731,9.84968133979726
0.251259853863612,153.422866932528,1.00113751533727,492.153193054783,62845,4.92482967487425,70.5066760856429,1.05939784957687,25.9212445504609
0.104234728664332,531.644779099529,0.784954793702895,797.684050085512,250107,1.16317139304247,72.7460484786706,1.0521298944734,30.5892390199859
0.237328769092897,278.820330319556,0.725671425015204,146.371322189695,169145,3.04838782982054,90.9214092311584,0.966806885775855,5.88649435509572
0.130451107641062,323.928679105796,0.832829418569294,785.064847650141,148611,1.39261902683345,47.1933404987965,0.964882047004761,23.1781108175913
0.458272653427311,55.2841413965747,0.96408470076146,280.804400164185,34447,1.59598360628384,81.1711141189493,1.03256224058243,7.55112781678231
0.17434933861321,1062.62006716456,0.994168043526811,316.771919824076,447964,3.4418533558739,69.8793297954377,1.0867318362944,76.3712783139933
0.476609367121352,698.204163535556,0.946923999178811,619.481084654076,346218,1.92627084906599,30.704524821598,0.987757198134826,191.793429178883
0.271197092146408,116.288676600852,1.19283343117447,906.837703793895,61687,3.9966964451801,56.0616010661481,0.970588359861843,44.8573722949314
0.319456745551319,52.0927696371948,1.0146541118971,599.486602282322,33457,3.05679477038109,87.8463679949308,1.07893740724724,12.7685407681842
0.276040817799771,916.810600831739,1.15891177655815,666.501881354763,487462,1.87285154066295,48.6510541697939,1.03661121229132,252.483730598165
0.0733965023136834,819.265169125832,0.670759916937105,787.764860125011,340905,2.97516671040426,61.1697912484657,0.977655195941217,24.0026243734509
0.194152397313891,318.356950952686,0.636823757888087,296.358521042862,209310,1.00352690763248,61.6478926115245,0.911455246169559,7.14838910701303
0.0585815950160357,693.42534567929,0.786596821207172,835.871989163935,351164,4.45096017463136,71.3507400104397,1.04429785440956,27.0116563854472
0.315247481649857,919.974533257171,0.681953363025854,447.062141613792,378410,1.05071350822305,91.3013394842637,0.970577298138076,67.9268402946069
0.228968355648215,739.368852949311,0.915521116936961,216.872908816604,390201,1.02803956996873,38.0154399088867,0.914113239554472,28.8958600086358
0.391212636069759,461.722878295374,0.911388752113967,382.612175488069,239461,3.44601577271859,62.8462661980094,1.02245781744928,70.2336678254397
0.118030535689691,447.952556056017,0.94502829986637,283.824556132314,215511,4.89408370316033,56.8200444465709,0.964601374098769,15.389499438028
0.0906373686303741,12.7649814802524,1.04713672849864,267.277924878864,6503,4.42373393741592,47.1940067575447,0.967691301662106,0.39933619047556
0.209102793172246,773.149930838302,1.18279782012739,318.435038783208,463352,2.00807565035781,93.9706132715329,0.995834026149579,78.4895126205129
0.464026837777007,458.68121913159,1.12695521486349,221.884274004985,302051,1.78666724459074,25.6128319305785,1.04349495346569,64.726301509032
0.358106689356082,215.989858673912,0.671020343745349,684.316669228511,102374,3.50444872253382,34.1578594472783,0.955266095527259,25.1994793323777
0.21527257614853,1113.28779565291,0.803108213262394,600.992169183361,459883,4.29055098808831,80.0008337437082,0.91618918315578,103.484167927797
0.263463363179612,734.993515430713,0.753493815028825,666.019798334257,457551,2.44831468360012,44.7581203515185,0.984885144287901,83.8834182603394
0.0512643754767782,846.24234780057,0.706090414667876,376.538487636752,494603,2.7294183614683,79.2384445819183,0.910985084623279,8.31432962865874
0.492442189224295,817.580170875816,0.926834925993471,781.246732445342,437155,1.461958054711,87.4190208036672,1.03945370197844,320.792726835313
0.33653957930051,1151.81995434749,0.931958641219638,173.128303906456,498895,1.61130568502144,44.0962012625898,1.09184869358451,70.0955703918297
0.149847993547077,217.792406436944,0.736346896732837,592.579873988292,123098,3.27340638010408,39.3958215897268,1.03175176152963,11.8306467267858
0.29704611316547,1003.51902559777,1.02713835018401,311.68032363415,421283,1.41062458299375,35.8975474510868,0.955078089950171,102.485433261384
0.063646359373807,640.162162372561,1.0397485795017,551.229405662731,411691,1.8081844991836,40.0066458161835,0.936340477507521,24.1239303150187
0.483259967715716,283.734356698517,0.61258799690036,357.455316478227,116239,1.93870809604754,45.0389041837894,0.946556714260018,19.7295643745028
0.0956446440628493,103.284643543033,0.83745462223339,800.98617683673,50120,2.77569813285452,90.1562362405382,0.944322000633624,6.25334889289844
0.327534855847055,1057.22035126346,1.13408438472097,896.70824689619,489731,1.18244785649454,82.7503309939324,0.962766101208903,426.082428009874
0.130272686644076,277.755315033516,0.912191164946303,755.45216220305,148716,2.99908388677175,25.1383237688681,0.919469335625629,22.1781683138866
0.361605077497783,993.97966091148,0.808576680863397,216.804527206784,435575,4.71469762557633,90.5589356573573,1.07914381152929,70.6428582932944
0.390642469947738,5.0980261590082,0.752205690957078,311.123553468944,3059,1.09785464447629,30.9109224776483,1.0770240990659,0.358559263909666
0.339975667166602,17.7985457842751,0.746012711950969,923.390162242495,11491,3.52393946082986,74.1449213160155,1.02304725071364,3.77540191957856
0.311104735525044,442.546340707321,0.659860820310484,465.359121275291,233470,4.34336946060617,36.360607616262,0.912384073374605,28.8810901719743
0.447309856036486,282.721221771975,1.09033585145586,944.121388881803,120118,2.24984337019671,29.6706857883217,1.06080014814435,156.198925279565
0.0485270883849814,778.470646739268,0.651994443236503,422.829104419153,345231,1.5260741800769,81.9828023140883,0.912357716747649,6.48818553986389
0.172148235232296,571.292862493971,0.775376859517089,954.185927561131,283217,1.17335915043705,60.0402335391882,0.921284244752626,57.6660474338403
0.131660865019115,82.1913437413137,0.627405443139812,929.452038346664,39665,3.57561223774321,69.9296884983369,0.965059278528854,4.61793872260171
0.494126841412057,133.897325573269,1.06883194183422,677.500545487285,82151,3.20893752091627,56.9014764098094,0.986294063533112,58.1078188702815
0.200800992036768,455.580886111292,0.623570209336074,58.3856960384277,194636,1.91717995356799,30.0378896880882,0.970777791343064,2.16242610951431
0.368980222627795,214.096017680376,0.784980662320925,430.31794787714,93616,4.32646923052699,80.4713624715231,0.933045956195673,24.4350028572094
0.345515330301692,854.650190034879,0.943978422051998,915.673373210816,396319,3.94202540860937,86.526334087662,0.922425943536355,267.561826116294
0.113919806363915,410.184807807907,0.845736816176066,890.854774652709,208619,2.10571513994713,28.1065407316525,1.07188304534088,33.6164906661514
0.12710886330366,117.362479274007,0.76936264034946,228.018410091308,47622,4.01345209145854,53.1787897737955,0.972636245190386,2.31913080276061
0.147829436140987,577.360132158785,0.765113443456525,429.223371170647,242687,1.97997685400309,66.798740280262,0.943719875622302,22.7197560750172
0.211452366347096,99.3471759035452,1.07867418360375,843.734431485498,46328,3.70106984746544,70.3887567075188,0.997398271324675,24.523524561607
0.124819282168758,122.30160538985,1.18438685705235,598.983960587552,65339,1.47418016429552,68.3614705855974,0.90736468010759,12.5117390542973
0.0196292265459554,255.359356029237,0.808824642269276,854.934271773891,120565,3.76895785333283,76.9705490426597,1.02005623646645,3.52919286721306
0.440902597835526,892.242431520166,0.62348730816541,835.239015226135,429905,1.95509767592904,97.5112151814642,0.94969791736992,139.18549413736
0.483148817376633,875.863398819084,0.621939466745465,912.107906604859,462382,3.28987741696686,54.2939890846533,1.01963928282627,169.480887714332
0.177369489645468,746.703772520597,1.05552804912643,161.359558784853,413303,1.68985546740753,66.7467675216692,1.02282503288917,27.5872113563361
0.175868370918482,319.813337901368,0.931421892965476,187.95438438084,167704,3.90386779027181,77.4308972097999,1.06184483827173,11.9363594523463
0.0134749882594418,284.02424096768,1.0701555944504,128.6685775206,136951,1.24351829757221,69.4317866558354,0.945980951121895,0.568522859223727
0.343322837281883,530.292998206048,1.01849820617314,938.50539904066,275029,1.66167114721088,54.0063272506886,0.992692927723856,178.759279609269
0.414465548916828,637.011923010781,1.14450380955924,501.404265158998,361205,1.73654591948335,71.805946596237,1.09237746763836,216.454150795492
0.0818380671764015,1123.00691415189,1.13149457462797,111.109019308326,496694,1.16537434341599,73.7583647830121,1.04542496881692,14.5367290325772
0.0882365111899039,135.403403008049,1.07299643737271,355.453407388339,66653,3.98005006464098,68.8726356494753,1.09506876160351,6.40650994578253
0.397140792486004,40.1262134779225,0.885113496025286,383.842009073468,25596,4.92381001895973,40.3832995564278,1.08547314261542,6.03536518342966
0.311982466693531,649.210092640989,0.784875844562311,819.081832302919,347484,4.11359115364673,62.9486018614324,1.02214971936129,128.90633501322
0.0319816732375813,992.794158881666,0.904216072466784,748.703047562377,416281,4.44252784848958,91.3267607320525,0.952786071176429,23.4774570617128
0.315048025326518,954.704770279813,0.901242964391894,704.917697084441,423328,1.02403064135311,90.1451408524183,1.05138483133248,199.12090367891
0.161369684193445,619.088915228539,0.966165329333603,70.7703749618098,339553,1.47147985509837,81.3090943747008,1.03962384916246,7.86936287186935
0.190675326180715,1163.14502541544,0.711658540669742,915.16100660506,477054,3.23608135717945,77.2896635827919,1.01777802407148,126.027636148032
0.387168394965471,403.596155113527,0.993371928266993,254.777503569954,255991,4.91147553917667,36.4959353320338,1.03956584569826,49.9070413175339
0.407358244409579,1124.76949227051,0.873960554523489,647.608334458044,456994,3.64285172419281,59.4598498378337,1.02271728290905,275.111153824472
0.206174747151517,844.814776751941,0.972122899164515,108.728090860848,483939,2.49654677495231,33.3213482310621,1.00387580461457,19.0332647717403
0.474104938643114,639.451495207905,0.743762893751727,127.449787278452,423732,1.58459722192584,86.2963337227015,0.983191096336669,23.3345558651244
0.209166731796515,300.84058243312,0.860636936326413,59.098431323616,155569,1.6113427775306,46.8282404829813,0.908941674915488,2.70582245111219
0.388199657262754,183.872624170772,0.726120728671512,587.631262318064,98911,2.45101280926714,82.514939818682,1.07313758382064,27.7611216475814
0.247099859636487,559.754400997327,1.12518309405408,647.910686136059,274512,3.85524078937603,86.0934168631677,1.07310811651995,151.859082941057
0.449790839995821,521.491465083826,0.892776627024922,97.9391880715673,227054,1.12727716409964,91.9372073058656,1.01880946399378,19.349993575674
0.454803009388588,1028.33180700565,0.734988849344287,325.960640525837,439002,4.40871036584655,81.5372558865823,0.953576861031631,98.0535904824062
0.0528342358568311,96.8011254302293,0.624725217444928,858.881693469116,50915,4.76620574275922,67.3546750380536,0.905626208807779,1.92548241785408
0.468881732342011,250.131166533267,1.00544319879213,146.242948481768,129612,4.55526584212332,69.8638686045022,0.900285760833395,19.7107788369031
0.414512072345004,619.958756907971,0.728786828393853,255.719806325665,376148,4.65210763758757,49.0436707616964,0.914581477944508,36.5799085928497
0.397742250013207,74.8982091746306,1.19374931539127,453.171648048806,48398,1.06135711767305,38.2747143542834,0.971977265270233,19.2437838820722
0.108446556445906,344.866227542243,0.920220224049103,850.16039750146,161061,4.91116926379958,34.7977153617835,0.937679189199416,28.9918277910649
0.404508412289786,303.798142506077,0.773386197748819,292.106601751444,194190,2.4654284595614,38.6517640837579,0.953011617127505,22.3931657298595
0.426565039995668,696.226768640563,0.994606460275578,997.280164595175,311674,4.4771244734607,95.0463915552136,1.03993207546099,389.962340766227
0.151683663882534,162.939615308438,0.765131954062851,387.498722481602,79908,1.74723548279846,37.3324940650513,1.09182995487183,6.38611356573029
0.476607438397539,731.141454313592,1.09216457634585,417.126225559442,430442,2.78610297064895,79.2803083696412,0.941355168604006,194.031212384958
0.0344314717355905,457.513944780532,0.784941630557965,166.000894019255,224324,1.17665755449591,38.8471407486043,0.993128786827298,1.77338550738746
0.0834555340910984,771.812654847423,1.19294863943755,696.188005813704,458594,1.16030398737131,98.146732766183,1.09829588029988,76.3051625283662
0.273414757645242,454.569896833344,0.963086871267176,281.291923645257,234467,4.77310440307855,52.4938401606773,1.08633487964684,43.5587176144158
0.292138310849932,317.902715918907,1.1066466893656,647.424215530294,138245,4.24242645011616,55.9102321771802,0.970463260605846,82.9776974697096
0.326123540817443,140.810871526668,0.643689281747053,261.99984198278,71772,3.11930417765517,55.3383684086615,0.963937809359617,5.55571715555164
0.0183148733645786,4.72846964487737,0.808979650431713,418.478653865145,2868,3.10183269425815,86.2344388045156,0.94843412806745,0.0263968315733873
0.480579719564844,592.754863653861,1.04249225169969,863.838487356697,266547,3.99501847390475,41.3717893556582,0.931080569965818,285.030818017484
0.0318481654397306,91.8799624026437,0.99303541040435,751.960615900367,54471,2.36667512628196,87.3268551929222,0.992010415825756,2.58201265613374
0.0801003568344672,439.812370917244,0.716545872860255,196.861354946537,196472,4.04747710344781,74.2794140831561,0.96822410268135,4.15187827106726
0.0168671135877679,584.001954876264,0.813721758305826,627.322759005396,295047,2.94003351997309,41.5210125847694,1.04896751877408,4.59589844868713
0.287760632314106,270.72413433242,0.758066044492524,647.208619090119,138567,3.55166961164586,29.9055659380683,0.947373300766102,31.6766979161764
0.466810773121276,207.953860443002,0.968022101857106,136.040049826768,88437,4.85931780041259,83.1244406079219,1.04726644780401,16.3486223567208
0.336314111379427,856.023805585102,0.806740937675265,492.515371619139,387586,2.88526223008105,41.422228436214,0.957629317196395,99.0568987686328
0.413102159555409,725.755083907519,0.78543254520021,297.634975884228,473449,2.6736186389858,91.6800122292122,1.01854575692951,67.6289365800743
0.0165077896947042,91.8186347881193,0.724426788261805,493.773635625309,51119,4.62299669576543,34.7338958023554,1.02768601927895,0.494101700425704
0.275587496255066,186.446829848575,0.845416272548789,788.217441756731,78639,4.61032197966538,71.2273423605627,1.03435628510007,35.0533627297444
0.235185858977706,728.867922231617,0.717301554117932,200.346581819804,480047,4.9696748075327,76.9126295291133,0.935067797207452,19.6678126035194
0.254494292668189,40.6064619220852,1.17754175242658,167.138995308642,19854,3.20345199723324,74.3276810917914,0.956542273944339,2.66264139485437
0.0453844608142421,1089.04807229332,0.692701086897182,305.850670350484,488839,2.37704616410641,48.7022360872191,0.949223137081047,7.59175308508743
0.345373326923961,7.03819663555234,1.14798282897527,954.661677829254,3317,1.96156025271081,90.6642642415351,1.0152320822031,3.49432001993001
0.256578003280731,987.764411563757,0.857083858893949,760.433000625718,436961,1.13638542780665,82.735398756156,0.915149280454273,143.357548120646
0.384922936432019,343.546665339236,0.826719594937033,68.4830696738193,154355,3.90691449684354,63.2654756215961,1.00365128999217,6.94924382467864
0.247792410690241,1028.84275895428,0.738791880542909,430.954600359208,469356,1.93390469494179,70.2469770953837,0.917493411128608,63.0254281386457
0.0831970017509517,369.486998105483,0.981453800620511,294.528080126366,159156,3.42656354090263,67.477842021053,0.967411197986623,9.93248699834287
